Clinic Name,Website,Website_Status,Website_Link,Crawled_URL,Page_Title,Word_Count,Crawl_Status,Saved_Text_File
Theradynamics PT — Inwood,theradynamics.com,LIVE,https://theradynamics.com,https://theradynamics.com,Get Back To Life! with Theradynamics Physical & Occupational Therapy,372,OK,C:\Users\COB\Downloads\competitor\scraped_texts\Theradynamics_PT_Inwood.txt
Fresh Pond PT – Greenpoint,freshpondpt.com,LIVE,https://freshpondpt.com,https://freshpondpt.com,,0,"STEALTH_ERROR: It looks like you are using Playwright Sync API inside the asyncio loop.
Please use the Async API instead.",C:\Users\COB\Downloads\competitor\scraped_texts\Fresh_Pond_PT_Greenpoint.txt
Comfort Care PT,comfortcarept.com,LIVE,https://comfortcarept.com,https://comfortcarept.com,comfortcarept.com,636,OK,C:\Users\COB\Downloads\competitor\scraped_texts\Comfort_Care_PT.txt
Hands of Hope — Bedford-Stuyvesant,handsofhopeny.com,LIVE,https://handsofhopeny.com,https://handsofhopeny.com,Comprehensive Physical Therapy in NY & GA - Hands of Hope PT,2967,OK,C:\Users\COB\Downloads\competitor\scraped_texts\Hands_of_Hope_Bedford-Stuyvesant.txt
Healing Motion Physical Therapy,healingmotionpt.com,LIVE,https://healingmotionpt.com,https://healingmotionpt.com,Physical Therapy – Healing Motion Physical Therapy,3615,OK,C:\Users\COB\Downloads\competitor\scraped_texts\Healing_Motion_Physical_Therapy.txt
PT of The City — Corona,ptofthecity.com,LIVE,https://ptofthecity.com,https://ptofthecity.com,Top-Rated Physical Therapy NYC | 30+ Clinics | PT of the City,2946,OK,C:\Users\COB\Downloads\competitor\scraped_texts\PT_of_The_City_Corona.txt
Comfort Touch Physical Therapy,comforttouchpt.com,LIVE,https://comforttouchpt.com,https://comforttouchpt.com,Home | Comfort Touch Physic,9846,OK,C:\Users\COB\Downloads\competitor\scraped_texts\Comfort_Touch_Physical_Therapy.txt
MANGOOS / DYNATHERAPY PT,,NO WEBSITE,,,,0,SKIPPED_NO_URL,C:\Users\COB\Downloads\competitor\scraped_texts\MANGOOS_DYNATHERAPY_PT.txt
High Level Care,highlevelcarept.com,LIVE,https://highlevelcarept.com,https://highlevelcarept.com,HTML,195,OK,C:\Users\COB\Downloads\competitor\scraped_texts\High_Level_Care.txt
LIC Strong PT & Fitness,licstrongpt.com,LIVE,https://licstrongpt.com,https://licstrongpt.com,"LIC Strong PT | physical therapist long island city | 11-11 44th Dr 2nd floor, Long Island City, NY, USA",8743,OK,C:\Users\COB\Downloads\competitor\scraped_texts\LIC_Strong_PT_Fitness.txt
In Touch NYC Physical Therapy,itnycpt.com,LIVE,https://itnycpt.com,https://itnycpt.com,Home - In Touch NYC Physical Therapy,5781,OK,C:\Users\COB\Downloads\competitor\scraped_texts\In_Touch_NYC_Physical_Therapy.txt
PT of The City — Tribeca,ptofthecity.com,LIVE,https://ptofthecity.com,https://ptofthecity.com,Top-Rated Physical Therapy NYC | 30+ Clinics | PT of the City,2946,OK,C:\Users\COB\Downloads\competitor\scraped_texts\PT_of_The_City_Tribeca.txt
MedBar Greenpoint – PT & Chiro,med-bar.com,LIVE,https://med-bar.com,https://med-bar.com,MedBar Greenpoint,1398,OK,C:\Users\COB\Downloads\competitor\scraped_texts\MedBar_Greenpoint_PT_Chiro.txt
City Physical Therapy (CityPT),cityptnyc.com,LIVE,https://cityptnyc.com,https://cityptnyc.com,"City Physical Therapy, PC: Located by Soho and Tribeca in Downtown New York City, Midtown and now in Long Island.",565,OK,C:\Users\COB\Downloads\competitor\scraped_texts\City_Physical_Therapy_CityPT.txt
Polaris Physical Therapy PLLC,polarisphysicaltherapy.com,LIVE,https://polarisphysicaltherapy.com,https://polarisphysicaltherapy.com,Polaris-Physical-Therapy,2239,OK,C:\Users\COB\Downloads\competitor\scraped_texts\Polaris_Physical_Therapy_PLLC.txt
Function First Physical Therapy,functionfirstpt.com,LIVE,https://functionfirstpt.com,https://functionfirstpt.com,,0,"STEALTH_ERROR: It looks like you are using Playwright Sync API inside the asyncio loop.
Please use the Async API instead.",C:\Users\COB\Downloads\competitor\scraped_texts\Function_First_Physical_Therapy.txt
Optum Physical Therapy — Chelsea,optum.com,LIVE,https://optum.com,https://optum.com,"Optum - All Your Health Needs, All in One Place",1118,OK,C:\Users\COB\Downloads\competitor\scraped_texts\Optum_Physical_Therapy_Chelsea.txt
Back Into Balance Physical Therapy,backintobalancenyc.com,LIVE,https://backintobalancenyc.com,https://backintobalancenyc.com,Home | Back into Balance,2853,OK,C:\Users\COB\Downloads\competitor\scraped_texts\Back_Into_Balance_Physical_Therapy.txt
Allcare Physical Therapy,allcarept.com,LIVE,https://allcarept.com,https://allcarept.com,Physical Therapy Brooklyn NY | Allcare Physical Therapy Clinic,2650,OK,C:\Users\COB\Downloads\competitor\scraped_texts\Allcare_Physical_Therapy.txt
PT of The City — BedStuy,ptofthecity.com,LIVE,https://ptofthecity.com,https://ptofthecity.com,Top-Rated Physical Therapy NYC | 30+ Clinics | PT of the City,2946,OK,C:\Users\COB\Downloads\competitor\scraped_texts\PT_of_The_City_BedStuy.txt
MOTION Sports Medicine — Hutchinson,motionptg.com,LIVE,https://motionptg.com,https://motionptg.com,"Physical, Occupational, & Speech Therapy - MOTION",2219,OK,C:\Users\COB\Downloads\competitor\scraped_texts\MOTION_Sports_Medicine_Hutchinson.txt
Professional Physical Therapy - Hutchinson,professionalpt.com,LIVE,https://professionalpt.com,https://professionalpt.com,Professional Physical Therapy | Challenging Limits to Transform Lives,3603,OK,C:\Users\COB\Downloads\competitor\scraped_texts\Professional_Physical_Therapy_-_Hutchinson.txt
PT of The City — Evolve PT & Sports Rehab — UES,evolveptnyc.com,LIVE,https://evolveptnyc.com,https://evolveptnyc.com,Evolve Physical Therapy & Performance,3856,OK,C:\Users\COB\Downloads\competitor\scraped_texts\PT_of_The_City_Evolve_PT_Sports_Rehab_UES.txt
Complete Physical Therapy P.C.,completephysicaltherapy.org,LIVE,https://completephysicaltherapy.org,https://completephysicaltherapy.org,Complete Physical Therapy | Let our years of expertise help you get back on track.,1024,OK,C:\Users\COB\Downloads\competitor\scraped_texts\Complete_Physical_Therapy_PC.txt
Cynergy Physical Therapy — Chelsea,cynergypt.com,LIVE,https://cynergypt.com,https://cynergypt.com,Cynergy Physical Therapy – Physical and Occupational Therapy in New York City,21743,OK,C:\Users\COB\Downloads\competitor\scraped_texts\Cynergy_Physical_Therapy_Chelsea.txt
LRRE PTPC,lrreptpc.com,LIVE,https://lrreptpc.com,https://lrreptpc.com,,0,"STEALTH_ERROR: It looks like you are using Playwright Sync API inside the asyncio loop.
Please use the Async API instead.",C:\Users\COB\Downloads\competitor\scraped_texts\LRRE_PTPC.txt
Physical Therapy of Harlem,ptharlem.com,LIVE,https://ptharlem.com,https://ptharlem.com,,0,"STEALTH_ERROR: It looks like you are using Playwright Sync API inside the asyncio loop.
Please use the Async API instead.",C:\Users\COB\Downloads\competitor\scraped_texts\Physical_Therapy_of_Harlem.txt
Back 2 Shape PT & OT,,NO WEBSITE,http://back2shape.net/,,,0,SKIPPED_NO_URL,C:\Users\COB\Downloads\competitor\scraped_texts\Back_2_Shape_PT_OT.txt
Maplewood Chiropractic,maplewooddc.com,LIVE,https://maplewooddc.com,https://maplewooddc.com,,0,OK,C:\Users\COB\Downloads\competitor\scraped_texts\Maplewood_Chiropractic.txt
PT of The City — Upper East Side,ptofthecity.com,LIVE,https://ptofthecity.com,https://ptofthecity.com,Top-Rated Physical Therapy NYC | 30+ Clinics | PT of the City,2946,OK,C:\Users\COB\Downloads\competitor\scraped_texts\PT_of_The_City_Upper_East_Side.txt
Hands of Hope — Crown Heights,handsofhopeny.com,LIVE,https://handsofhopeny.com,https://handsofhopeny.com,Comprehensive Physical Therapy in NY & GA - Hands of Hope PT,2967,OK,C:\Users\COB\Downloads\competitor\scraped_texts\Hands_of_Hope_Crown_Heights.txt
Jamaica PT and OT PLLC,jamaicaphysicaltherapy.com,LIVE,https://jamaicaphysicaltherapy.com,https://jamaicaphysicaltherapy.com,Home,154,OK,C:\Users\COB\Downloads\competitor\scraped_texts\Jamaica_PT_and_OT_PLLC.txt
MC Care Physical Therapy,mccarept.square.site,LIVE,https://mccarept.square.site,https://mccarept.square.site,,0,OK,C:\Users\COB\Downloads\competitor\scraped_texts\MC_Care_Physical_Therapy.txt
PT of The City — Sheepshead Bay,ptofthecity.com,LIVE,https://ptofthecity.com,https://ptofthecity.com,Top-Rated Physical Therapy NYC | 30+ Clinics | PT of the City,2946,OK,C:\Users\COB\Downloads\competitor\scraped_texts\PT_of_The_City_Sheepshead_Bay.txt
Back To Health Physical Therapy,physicaltherapybrooklyn.com,NO WEBSITE,https://physicaltherapybrooklyn.com,,,0,SKIPPED_NO_URL,C:\Users\COB\Downloads\competitor\scraped_texts\Back_To_Health_Physical_Therapy.txt
Fresh Pond PT – Graham Ave,freshpondpt.com,LIVE,https://freshpondpt.com,https://freshpondpt.com,,0,"STEALTH_ERROR: It looks like you are using Playwright Sync API inside the asyncio loop.
Please use the Async API instead.",C:\Users\COB\Downloads\competitor\scraped_texts\Fresh_Pond_PT_Graham_Ave.txt
PT of The City — Greenpoint,ptofthecity.com,LIVE,https://ptofthecity.com,https://ptofthecity.com,Top-Rated Physical Therapy NYC | 30+ Clinics | PT of the City,2946,OK,C:\Users\COB\Downloads\competitor\scraped_texts\PT_of_The_City_Greenpoint.txt
Be Well Primary Health Care Center,bewellmedical.com,LIVE,https://bewellmedical.com,https://bewellmedical.com,"Be Well Primary Health Care Center - Multi-Specialty Diagnostic & Treatment Center in Brooklyn, NY",1561,OK,C:\Users\COB\Downloads\competitor\scraped_texts\Be_Well_Primary_Health_Care_Center.txt
MOTION Sports Medicine – Williamsburg,motionptg.com,LIVE,https://motionptg.com,https://motionptg.com,"Physical, Occupational, & Speech Therapy - MOTION",2219,OK,C:\Users\COB\Downloads\competitor\scraped_texts\MOTION_Sports_Medicine_Williamsburg.txt
JAG Physical Therapy (16 Court St),jagpt.com,LIVE,https://jagpt.com,https://jagpt.com,,0,"STEALTH_ERROR: It looks like you are using Playwright Sync API inside the asyncio loop.
Please use the Async API instead.",C:\Users\COB\Downloads\competitor\scraped_texts\JAG_Physical_Therapy_16_Court_St.txt
Spear Physical Therapy — W 26th,spearcenter.com,LIVE,https://spearcenter.com,https://spearcenter.com,Expert Physical Therapy in NYC | Spear,1395,OK,C:\Users\COB\Downloads\competitor\scraped_texts\Spear_Physical_Therapy_W_26th.txt
PT of The City — Midtown,ptofthecity.com,LIVE,https://ptofthecity.com,https://ptofthecity.com,Top-Rated Physical Therapy NYC | 30+ Clinics | PT of the City,2946,OK,C:\Users\COB\Downloads\competitor\scraped_texts\PT_of_The_City_Midtown.txt
PT of The City — Midwood,ptofthecity.com,LIVE,https://ptofthecity.com,https://ptofthecity.com,Top-Rated Physical Therapy NYC | 30+ Clinics | PT of the City,2946,OK,C:\Users\COB\Downloads\competitor\scraped_texts\PT_of_The_City_Midwood.txt
JAG Physical Therapy — Voorhies Ave (Sheepshead Bay),jagpt.com,LIVE,https://jagpt.com,https://jagpt.com,,0,"STEALTH_ERROR: It looks like you are using Playwright Sync API inside the asyncio loop.
Please use the Async API instead.",C:\Users\COB\Downloads\competitor\scraped_texts\JAG_Physical_Therapy_Voorhies_Ave_Sheepshead_Bay.txt
Atlantic Physical Therapy,ptatlantic.com,LIVE,https://ptatlantic.com,https://ptatlantic.com,,0,"STEALTH_ERROR: It looks like you are using Playwright Sync API inside the asyncio loop.
Please use the Async API instead.",C:\Users\COB\Downloads\competitor\scraped_texts\Atlantic_Physical_Therapy.txt
IMOVE Physical Therapy,imovephysio.com,LIVE,https://imovephysio.com,https://imovephysio.com,IMOVE |  Physical Therapy and Rehabilitation Clinic NYC - Manhattan,2142,OK,C:\Users\COB\Downloads\competitor\scraped_texts\IMOVE_Physical_Therapy.txt
Theradynamics PT – Bed-Stuy,theradynamics.com,LIVE,https://theradynamics.com,https://theradynamics.com,Get Back To Life! with Theradynamics Physical & Occupational Therapy,372,OK,C:\Users\COB\Downloads\competitor\scraped_texts\Theradynamics_PT_Bed-Stuy.txt
Rehab Assoc. of Williamsburg,rehabilitationbrooklyn.com,LIVE,https://rehabilitationbrooklyn.com,https://rehabilitationbrooklyn.com,Homepage - Rehabilitation Associates of Brooklyn,886,OK,C:\Users\COB\Downloads\competitor\scraped_texts\Rehab_Assoc_of_Williamsburg.txt
Cynergy Physical Therapy,cynergypt.com,LIVE,https://cynergypt.com,https://cynergypt.com,Cynergy Physical Therapy – Physical and Occupational Therapy in New York City,21743,OK,C:\Users\COB\Downloads\competitor\scraped_texts\Cynergy_Physical_Therapy.txt
Cynergy Physical Therapy - Cobble Hill,cynergypt.com,LIVE,https://cynergypt.com,https://cynergypt.com,Cynergy Physical Therapy – Physical and Occupational Therapy in New York City,21743,OK,C:\Users\COB\Downloads\competitor\scraped_texts\Cynergy_Physical_Therapy_-_Cobble_Hill.txt
Avenue Physical Therapy,,NO WEBSITE,,,,0,SKIPPED_NO_URL,C:\Users\COB\Downloads\competitor\scraped_texts\Avenue_Physical_Therapy.txt
PT of The City — Brownsville,ptofthecity.com,LIVE,https://ptofthecity.com,https://ptofthecity.com,Top-Rated Physical Therapy NYC | 30+ Clinics | PT of the City,2946,OK,C:\Users\COB\Downloads\competitor\scraped_texts\PT_of_The_City_Brownsville.txt
PT of The City — Central Harlem,ptofthecity.com,LIVE,https://ptofthecity.com,https://ptofthecity.com,Top-Rated Physical Therapy NYC | 30+ Clinics | PT of the City,2946,OK,C:\Users\COB\Downloads\competitor\scraped_texts\PT_of_The_City_Central_Harlem.txt
StarPro Physical Therapy — E 77th St,starpropt.com,LIVE,https://starpropt.com,https://starpropt.com,StarPro Physical Therapy | Challenging Limits to Transform Lives,1169,OK,C:\Users\COB\Downloads\competitor\scraped_texts\StarPro_Physical_Therapy_E_77th_St.txt
AUC Physical Therapy,aucphysicaltherapy.com,LIVE,https://aucphysicaltherapy.com,https://aucphysicaltherapy.com,"#1 Physical Therapy in Jamaica, Queens | AUC Physical Therapy",3617,OK,C:\Users\COB\Downloads\competitor\scraped_texts\AUC_Physical_Therapy.txt
JAG PT — Avenue T,jagpt.com,LIVE,https://jagpt.com,https://jagpt.com,,0,"STEALTH_ERROR: It looks like you are using Playwright Sync API inside the asyncio loop.
Please use the Async API instead.",C:\Users\COB\Downloads\competitor\scraped_texts\JAG_PT_Avenue_T.txt
Big City Physical Therapy,bigcitypt.com,LIVE,https://bigcitypt.com,https://bigcitypt.com,Home | Big City Physical Therapy,2973,OK,C:\Users\COB\Downloads\competitor\scraped_texts\Big_City_Physical_Therapy.txt
Quantum PT — Jamaica,quantumchiropt.com,LIVE,https://quantumchiropt.com,https://quantumchiropt.com,New York Physical Therapy and Chiropractor | Quantum Medical,1433,OK,C:\Users\COB\Downloads\competitor\scraped_texts\Quantum_PT_Jamaica.txt
Theradynamics PT (Hone Ave),theradynamics.com,LIVE,https://theradynamics.com,https://theradynamics.com,Get Back To Life! with Theradynamics Physical & Occupational Therapy,372,OK,C:\Users\COB\Downloads\competitor\scraped_texts\Theradynamics_PT_Hone_Ave.txt
PT of The City — Hollis,ptofthecity.com,LIVE,https://ptofthecity.com,https://ptofthecity.com,Top-Rated Physical Therapy NYC | 30+ Clinics | PT of the City,2946,OK,C:\Users\COB\Downloads\competitor\scraped_texts\PT_of_The_City_Hollis.txt
Physico-connect Physical Therapy,,NO WEBSITE,,,,0,SKIPPED_NO_URL,C:\Users\COB\Downloads\competitor\scraped_texts\Physico-connect_Physical_Therapy.txt
Home Physical Therapy Solutions,homeptsolutions.com,LIVE,https://homeptsolutions.com,https://homeptsolutions.com,,0,"STEALTH_ERROR: It looks like you are using Playwright Sync API inside the asyncio loop.
Please use the Async API instead.",C:\Users\COB\Downloads\competitor\scraped_texts\Home_Physical_Therapy_Solutions.txt
Professional Physical Therapy,professionalpt.com,LIVE,https://professionalpt.com,https://professionalpt.com,Professional Physical Therapy | Challenging Limits to Transform Lives,3603,OK,C:\Users\COB\Downloads\competitor\scraped_texts\Professional_Physical_Therapy.txt
"Farid Arroyave, PT, MS",homeptsolutions.com,LIVE,https://homeptsolutions.com,https://homeptsolutions.com,,0,"STEALTH_ERROR: It looks like you are using Playwright Sync API inside the asyncio loop.
Please use the Async API instead.",C:\Users\COB\Downloads\competitor\scraped_texts\Farid_Arroyave_PT_MS.txt
Magic Hands Physical Therapy,magichandspt.com,LIVE,https://magichandspt.com,https://magichandspt.com,,0,"STEALTH_ERROR: It looks like you are using Playwright Sync API inside the asyncio loop.
Please use the Async API instead.",C:\Users\COB\Downloads\competitor\scraped_texts\Magic_Hands_Physical_Therapy.txt
Magic Hands PT,magichandspt.com,LIVE,https://magichandspt.com,https://magichandspt.com,,0,"STEALTH_ERROR: It looks like you are using Playwright Sync API inside the asyncio loop.
Please use the Async API instead.",C:\Users\COB\Downloads\competitor\scraped_texts\Magic_Hands_PT.txt
Physical Therapy Associates,,NO WEBSITE,,,,0,SKIPPED_NO_URL,C:\Users\COB\Downloads\competitor\scraped_texts\Physical_Therapy_Associates.txt
JAG Physical Therapy (Turnbull),jagpt.com,LIVE,https://jagpt.com,https://jagpt.com,,0,"STEALTH_ERROR: It looks like you are using Playwright Sync API inside the asyncio loop.
Please use the Async API instead.",C:\Users\COB\Downloads\competitor\scraped_texts\JAG_Physical_Therapy_Turnbull.txt
Pro Form PT — University Ave (Bronx),proformphysicaltherapypc.com,LIVE,https://proformphysicaltherapypc.com,https://proformphysicaltherapypc.com,Physical Therapy | Pro Form Physical therapy P.C. | United States,3335,OK,C:\Users\COB\Downloads\competitor\scraped_texts\Pro_Form_PT_University_Ave_Bronx.txt
KinesioWorks Physical Therapy,kinesioworks.com,LIVE,https://kinesioworks.com,https://kinesioworks.com,"KinesioWorks Physical Therapy in Bronx & New York, NY",20264,OK,C:\Users\COB\Downloads\competitor\scraped_texts\KinesioWorks_Physical_Therapy.txt
PT of The City — Lenox Hill,ptofthecity.com,LIVE,https://ptofthecity.com,https://ptofthecity.com,Top-Rated Physical Therapy NYC | 30+ Clinics | PT of the City,2946,OK,C:\Users\COB\Downloads\competitor\scraped_texts\PT_of_The_City_Lenox_Hill.txt
Brooklyn Body Works PT,bbwphysicaltherapy.com,LIVE,https://bbwphysicaltherapy.com,https://bbwphysicaltherapy.com,Home - Brooklyn Body Works Physical Therapy,1344,OK,C:\Users\COB\Downloads\competitor\scraped_texts\Brooklyn_Body_Works_PT.txt
Function in Motion PT,functioninmotionpt.com,LIVE,https://functioninmotionpt.com,https://functioninmotionpt.com,"Function in Motion Physical Therapy PC | Bronx, NY",10,OK,C:\Users\COB\Downloads\competitor\scraped_texts\Function_in_Motion_PT.txt
"VP Physical Therapy, PLLC",,NO WEBSITE,,,,0,SKIPPED_NO_URL,C:\Users\COB\Downloads\competitor\scraped_texts\VP_Physical_Therapy_PLLC.txt
Fit Club Astoria PT,fitclubny.com,LIVE,https://fitclubny.com,https://fitclubny.com,Physical Therapy Clinic NYC | Fit Club Physical Therapy,1692,OK,C:\Users\COB\Downloads\competitor\scraped_texts\Fit_Club_Astoria_PT.txt
Crescent Physical Therapy,crescentphysicaltherapy.com,LIVE,https://crescentphysicaltherapy.com,https://crescentphysicaltherapy.com,Crescent Physical Therapy – Get the individualized care you deserve,1122,OK,C:\Users\COB\Downloads\competitor\scraped_texts\Crescent_Physical_Therapy.txt
NISMAT — Nicholas Institute,nismat.org,LIVE,https://nismat.org,https://nismat.org,The Nicholas Institute of Sports Medicine and Athletic Trauma – NISMAT offers comprehensive sports medicine references and information for practitioners and athletes of all levels,1071,OK,C:\Users\COB\Downloads\competitor\scraped_texts\NISMAT_Nicholas_Institute.txt
JAG PT — Ocean Ave,jagpt.com,LIVE,https://jagpt.com,https://jagpt.com,,0,"STEALTH_ERROR: It looks like you are using Playwright Sync API inside the asyncio loop.
Please use the Async API instead.",C:\Users\COB\Downloads\competitor\scraped_texts\JAG_PT_Ocean_Ave.txt
Tribeca Physical Therapy,tribecaphysicaltherapy.com,LIVE,https://tribecaphysicaltherapy.com,https://tribecaphysicaltherapy.com,Physical Therapy in Tribeca | New York | Tribeca PT,2617,OK,C:\Users\COB\Downloads\competitor\scraped_texts\Tribeca_Physical_Therapy.txt
Elite Physical Therapy — Astoria,eliteptny.com,LIVE,https://eliteptny.com,https://eliteptny.com,Elite Physical Therapy,1940,OK,C:\Users\COB\Downloads\competitor\scraped_texts\Elite_Physical_Therapy_Astoria.txt
MOTION Sports Medicine — Astoria,motionptg.com,LIVE,https://motionptg.com,https://motionptg.com,"Physical, Occupational, & Speech Therapy - MOTION",2219,OK,C:\Users\COB\Downloads\competitor\scraped_texts\MOTION_Sports_Medicine_Astoria.txt
PT of The City — Chelsea,ptofthecity.com,LIVE,https://ptofthecity.com,https://ptofthecity.com,Top-Rated Physical Therapy NYC | 30+ Clinics | PT of the City,2946,OK,C:\Users\COB\Downloads\competitor\scraped_texts\PT_of_The_City_Chelsea.txt
Upper Manhattan Physical Therapy PC,manhattanptpc.com,LIVE,https://manhattanptpc.com,https://manhattanptpc.com,HOME | Upper Manhattan Physical Therapy PC,665,OK,C:\Users\COB\Downloads\competitor\scraped_texts\Upper_Manhattan_Physical_Therapy_PC.txt
Park North Physical Therapy,parknorthpt.com,LIVE,https://parknorthpt.com,https://parknorthpt.com,"Physical Therapy Clinic Upper Manhattan, NY | Park North Physical Therapy",2228,OK,C:\Users\COB\Downloads\competitor\scraped_texts\Park_North_Physical_Therapy.txt
Sheepshead Bay Chiro & PT,,NO WEBSITE,,,,0,SKIPPED_NO_URL,C:\Users\COB\Downloads\competitor\scraped_texts\Sheepshead_Bay_Chiro_PT.txt
Spear Physical Therapy — UES,spearcenter.com,LIVE,https://spearcenter.com,https://spearcenter.com,Expert Physical Therapy in NYC | Spear,1395,OK,C:\Users\COB\Downloads\competitor\scraped_texts\Spear_Physical_Therapy_UES.txt
Theradynamics — Mott Haven,theradynamics.com,LIVE,https://theradynamics.com,https://theradynamics.com,Get Back To Life! with Theradynamics Physical & Occupational Therapy,372,OK,C:\Users\COB\Downloads\competitor\scraped_texts\Theradynamics_Mott_Haven.txt
JAG Physical Therapy — E 17th St (Sheepshead Bay),jagpt.com,LIVE,https://jagpt.com,https://jagpt.com,,0,"STEALTH_ERROR: It looks like you are using Playwright Sync API inside the asyncio loop.
Please use the Async API instead.",C:\Users\COB\Downloads\competitor\scraped_texts\JAG_Physical_Therapy_E_17th_St_Sheepshead_Bay.txt
Forward Physical Therapy,forwardptny.com,LIVE,https://forwardptny.com,https://forwardptny.com,,0,"STEALTH_ERROR: It looks like you are using Playwright Sync API inside the asyncio loop.
Please use the Async API instead.",C:\Users\COB\Downloads\competitor\scraped_texts\Forward_Physical_Therapy.txt
NY Therapy & Wellness,nytherapyandwellness.com,LIVE,https://nytherapyandwellness.com,https://nytherapyandwellness.com,nytherapyandwellness,244,OK,C:\Users\COB\Downloads\competitor\scraped_texts\NY_Therapy_Wellness.txt
New York Therapy & Wellness,nytherapyandwellness.com,LIVE,https://nytherapyandwellness.com,https://nytherapyandwellness.com,nytherapyandwellness,244,OK,C:\Users\COB\Downloads\competitor\scraped_texts\New_York_Therapy_Wellness.txt
Spear Physical Therapy,spearcenter.com,LIVE,https://spearcenter.com,https://spearcenter.com,Expert Physical Therapy in NYC | Spear,1395,OK,C:\Users\COB\Downloads\competitor\scraped_texts\Spear_Physical_Therapy.txt
Quantum PT — Inwood,quantumchiropt.com,LIVE,https://quantumchiropt.com,https://quantumchiropt.com,New York Physical Therapy and Chiropractor | Quantum Medical,1433,OK,C:\Users\COB\Downloads\competitor\scraped_texts\Quantum_PT_Inwood.txt
Hudson Physical Therapy,hudsonptot.com,LIVE,https://hudsonptot.com,https://hudsonptot.com,,0,"STEALTH_ERROR: It looks like you are using Playwright Sync API inside the asyncio loop.
Please use the Async API instead.",C:\Users\COB\Downloads\competitor\scraped_texts\Hudson_Physical_Therapy.txt
Equilibrium Physical Therapy,equilibriumpt.com,LIVE,https://equilibriumpt.com,https://equilibriumpt.com,Physical Therapy in NYC - Equilibrium Physical Therapy,1227,OK,C:\Users\COB\Downloads\competitor\scraped_texts\Equilibrium_Physical_Therapy.txt
MOTION Sports Medicine,motionptg.com,LIVE,https://motionptg.com,https://motionptg.com,"Physical, Occupational, & Speech Therapy - MOTION",2219,OK,C:\Users\COB\Downloads\competitor\scraped_texts\MOTION_Sports_Medicine.txt
Riverdale Physical Therapy,riverdaleptot.com,LIVE,https://riverdaleptot.com,https://riverdaleptot.com,,0,"STEALTH_ERROR: It looks like you are using Playwright Sync API inside the asyncio loop.
Please use the Async API instead.",C:\Users\COB\Downloads\competitor\scraped_texts\Riverdale_Physical_Therapy.txt
Theradynamics — Riverdale,theradynamics.com,LIVE,https://theradynamics.com,https://theradynamics.com,Get Back To Life! with Theradynamics Physical & Occupational Therapy,372,OK,C:\Users\COB\Downloads\competitor\scraped_texts\Theradynamics_Riverdale.txt
PT of The City — Cobble Hill,ptofthecity.com,LIVE,https://ptofthecity.com,https://ptofthecity.com,Top-Rated Physical Therapy NYC | 30+ Clinics | PT of the City,2946,OK,C:\Users\COB\Downloads\competitor\scraped_texts\PT_of_The_City_Cobble_Hill.txt
PT of The City — Refuah,ptofthecity.com,LIVE,https://ptofthecity.com,https://ptofthecity.com,Top-Rated Physical Therapy NYC | 30+ Clinics | PT of the City,2946,OK,C:\Users\COB\Downloads\competitor\scraped_texts\PT_of_The_City_Refuah.txt
Physical Therapy Nest,physicaltherapynest.com,NO WEBSITE,https://physicaltherapynest.com,,,0,SKIPPED_NO_URL,C:\Users\COB\Downloads\competitor\scraped_texts\Physical_Therapy_Nest.txt
PT of The City — Astoria,polarisphysicaltherapy.com,LIVE,https://polarisphysicaltherapy.com,https://polarisphysicaltherapy.com,Polaris-Physical-Therapy,2239,OK,C:\Users\COB\Downloads\competitor\scraped_texts\PT_of_The_City_Astoria.txt
Millennium PT — Astoria,mptsm.com,LIVE,https://mptsm.com,https://mptsm.com,,0,"STEALTH_ERROR: It looks like you are using Playwright Sync API inside the asyncio loop.
Please use the Async API instead.",C:\Users\COB\Downloads\competitor\scraped_texts\Millennium_PT_Astoria.txt
Apollo Physical Therapy,apolloptnyc.com,LIVE,https://apolloptnyc.com,https://apolloptnyc.com,"Apollo Physical Therapy | Expert PT in Harlem, NY",2564,OK,C:\Users\COB\Downloads\competitor\scraped_texts\Apollo_Physical_Therapy.txt
PT of The City — Astoria #2,ptofthecity.com,LIVE,https://ptofthecity.com,https://ptofthecity.com,Top-Rated Physical Therapy NYC | 30+ Clinics | PT of the City,2946,OK,C:\Users\COB\Downloads\competitor\scraped_texts\PT_of_The_City_Astoria_2.txt
PT of The City — Hells Kitchen,ptofthecity.com,LIVE,https://ptofthecity.com,https://ptofthecity.com,Top-Rated Physical Therapy NYC | 30+ Clinics | PT of the City,2946,OK,C:\Users\COB\Downloads\competitor\scraped_texts\PT_of_The_City_Hells_Kitchen.txt
One Step Physical Therapy P.C.,onestepphysicaltherapy.com,LIVE,https://onestepphysicaltherapy.com,https://onestepphysicaltherapy.com,One Step Physical Therapy,786,OK,C:\Users\COB\Downloads\competitor\scraped_texts\One_Step_Physical_Therapy_PC.txt
Peak Dynamics PT & Wellness,peakdynamicspt.com,LIVE,https://peakdynamicspt.com,https://peakdynamicspt.com,,0,"STEALTH_ERROR: It looks like you are using Playwright Sync API inside the asyncio loop.
Please use the Async API instead.",C:\Users\COB\Downloads\competitor\scraped_texts\Peak_Dynamics_PT_Wellness.txt
Hands-On PT — Astoria,handsonpt.org,LIVE,https://handsonpt.org,https://handsonpt.org,Hands-On Physical Therapy Clinic in Astoria NY,3164,OK,C:\Users\COB\Downloads\competitor\scraped_texts\Hands-On_PT_Astoria.txt
Complete Physical Therapy,completeptcenter.com,LIVE,https://completeptcenter.com,https://completeptcenter.com,"Physical Therapy in Downers Grove, IL | Complete Physical Therapy",10474,OK,C:\Users\COB\Downloads\competitor\scraped_texts\Complete_Physical_Therapy.txt
MOTION Sports Medicine — Bainbridge,motionptg.com,LIVE,https://motionptg.com,https://motionptg.com,"Physical, Occupational, & Speech Therapy - MOTION",2219,OK,C:\Users\COB\Downloads\competitor\scraped_texts\MOTION_Sports_Medicine_Bainbridge.txt
Deva Physical Therapy,devaphysicaltherapy.com,LIVE,https://devaphysicaltherapy.com,https://devaphysicaltherapy.com,Home - Deva Physical Therapy,1227,OK,C:\Users\COB\Downloads\competitor\scraped_texts\Deva_Physical_Therapy.txt
Kines Physical Therapy,lakespt.com,NO WEBSITE,https://lakespt.com,,,0,SKIPPED_NO_URL,C:\Users\COB\Downloads\competitor\scraped_texts\Kines_Physical_Therapy.txt
Evolve PT — Marine Park,evolveny.com,LIVE,https://evolveny.com,https://evolveny.com,Physical Therapy in Brooklyn | Sports Rehab in Brooklyn- Evolve PT,6789,OK,C:\Users\COB\Downloads\competitor\scraped_texts\Evolve_PT_Marine_Park.txt
StarPro Physical & Hand Therapy,starpropt.com,LIVE,https://starpropt.com,https://starpropt.com,StarPro Physical Therapy | Challenging Limits to Transform Lives,1169,OK,C:\Users\COB\Downloads\competitor\scraped_texts\StarPro_Physical_Hand_Therapy.txt
360 Physical Therapy & Wellness,360ptwellness.com,NO WEBSITE,https://360ptwellness.com,,,0,SKIPPED_NO_URL,C:\Users\COB\Downloads\competitor\scraped_texts\360_Physical_Therapy_Wellness.txt
PT of The City — Riverdale,ptofthecity.com,LIVE,https://ptofthecity.com,https://ptofthecity.com,Top-Rated Physical Therapy NYC | 30+ Clinics | PT of the City,2946,OK,C:\Users\COB\Downloads\competitor\scraped_texts\PT_of_The_City_Riverdale.txt
Theradynamics PT — Hamilton Heights,theradynamics.com,LIVE,https://theradynamics.com,https://theradynamics.com,Get Back To Life! with Theradynamics Physical & Occupational Therapy,372,OK,C:\Users\COB\Downloads\competitor\scraped_texts\Theradynamics_PT_Hamilton_Heights.txt
Physical Med & Rehab NY,pmrofny.com,NO WEBSITE,https://pmrofny.com,,,0,SKIPPED_NO_URL,C:\Users\COB\Downloads\competitor\scraped_texts\Physical_Med_Rehab_NY.txt
Signature Physical Therapy,signatureptny.com,LIVE,https://signatureptny.com,https://signatureptny.com,Signature Physical Therapy | Expert 1-on-1 Rehabilitation in NYC,3516,OK,C:\Users\COB\Downloads\competitor\scraped_texts\Signature_Physical_Therapy.txt
Hands-On Physical Therapy,handsonpt.org,LIVE,https://handsonpt.org,https://handsonpt.org,Hands-On Physical Therapy Clinic in Astoria NY,3164,OK,C:\Users\COB\Downloads\competitor\scraped_texts\Hands-On_Physical_Therapy.txt
PT of The City — Fordham,ptofthecity.com,LIVE,https://ptofthecity.com,https://ptofthecity.com,Top-Rated Physical Therapy NYC | 30+ Clinics | PT of the City,2946,OK,C:\Users\COB\Downloads\competitor\scraped_texts\PT_of_The_City_Fordham.txt
Body Alignment PT,,NO WEBSITE,,,,0,SKIPPED_NO_URL,C:\Users\COB\Downloads\competitor\scraped_texts\Body_Alignment_PT.txt
Metro Physical & Aquatic Therapy,metrophysicaltherapy.com,LIVE,https://metrophysicaltherapy.com,https://metrophysicaltherapy.com,Metro Physical & Aquatic Therapy,1479,OK,C:\Users\COB\Downloads\competitor\scraped_texts\Metro_Physical_Aquatic_Therapy.txt
Grand Street Wellness Center,grandstreetwellnesspt.com,NO WEBSITE,https://grandstreetwellnesspt.com,,,0,SKIPPED_NO_URL,C:\Users\COB\Downloads\competitor\scraped_texts\Grand_Street_Wellness_Center.txt
One Step Physical Therapy,onestepphysicaltherapy.com,LIVE,https://onestepphysicaltherapy.com,https://onestepphysicaltherapy.com,One Step Physical Therapy,786,OK,C:\Users\COB\Downloads\competitor\scraped_texts\One_Step_Physical_Therapy.txt
Optimum Health PT,ohpt.org,LIVE,https://ohpt.org,https://ohpt.org,"Optimum Health Physical Therapy in Brooklyn, NY | Personalized Care",2353,OK,C:\Users\COB\Downloads\competitor\scraped_texts\Optimum_Health_PT.txt
Rehab Associates of Crown Heights,rehabilitationbrooklyn.com/crown-heights-clinic,NO WEBSITE,https://rehabilitationbrooklyn.com/crown-heights-clinic,,,0,SKIPPED_NO_URL,C:\Users\COB\Downloads\competitor\scraped_texts\Rehab_Associates_of_Crown_Heights.txt
Synergy PT & Chiropractic,coronaqueensptchiro.com,LIVE,https://coronaqueensptchiro.com,https://coronaqueensptchiro.com,,0,"STEALTH_ERROR: It looks like you are using Playwright Sync API inside the asyncio loop.
Please use the Async API instead.",C:\Users\COB\Downloads\competitor\scraped_texts\Synergy_PT_Chiropractic.txt
Alexander Physical Therapy,alexanderphysicaltherapy.com,LIVE,https://alexanderphysicaltherapy.com,https://alexanderphysicaltherapy.com,,0,"STEALTH_ERROR: It looks like you are using Playwright Sync API inside the asyncio loop.
Please use the Async API instead.",C:\Users\COB\Downloads\competitor\scraped_texts\Alexander_Physical_Therapy.txt
On Point Physical Therapy,onpointphysio.com,LIVE,https://onpointphysio.com,https://onpointphysio.com,In-Home Physical Therapy NYC & Long Island City | On Point PT,15856,OK,C:\Users\COB\Downloads\competitor\scraped_texts\On_Point_Physical_Therapy.txt
Mahcel Rehab and Physical Therapy,mahcelrehab.com,LIVE,https://mahcelrehab.com,https://mahcelrehab.com,,0,"STEALTH_ERROR: It looks like you are using Playwright Sync API inside the asyncio loop.
Please use the Async API instead.",C:\Users\COB\Downloads\competitor\scraped_texts\Mahcel_Rehab_and_Physical_Therapy.txt
Ivy Rehab HSS — LIC,ivyrehab.com,LIVE,https://ivyrehab.com,https://ivyrehab.com,Ivy Rehab | Comprehensive Network of Physical Therapy Clinics,2454,OK,C:\Users\COB\Downloads\competitor\scraped_texts\Ivy_Rehab_HSS_LIC.txt
PT of The City — Belmont,ptofthecity.com,LIVE,https://ptofthecity.com,https://ptofthecity.com,Top-Rated Physical Therapy NYC | 30+ Clinics | PT of the City,2946,OK,C:\Users\COB\Downloads\competitor\scraped_texts\PT_of_The_City_Belmont.txt
PT of The City — Clinton Hill,ptofthecity.com,LIVE,https://ptofthecity.com,https://ptofthecity.com,Top-Rated Physical Therapy NYC | 30+ Clinics | PT of the City,2946,OK,C:\Users\COB\Downloads\competitor\scraped_texts\PT_of_The_City_Clinton_Hill.txt
JAG Physical Therapy (Tribeca),jagpt.com,LIVE,https://jagpt.com,https://jagpt.com,,0,"STEALTH_ERROR: It looks like you are using Playwright Sync API inside the asyncio loop.
Please use the Async API instead.",C:\Users\COB\Downloads\competitor\scraped_texts\JAG_Physical_Therapy_Tribeca.txt
PT of The City — Inwood,ptofthecity.com,LIVE,https://ptofthecity.com,https://ptofthecity.com,Top-Rated Physical Therapy NYC | 30+ Clinics | PT of the City,2946,OK,C:\Users\COB\Downloads\competitor\scraped_texts\PT_of_The_City_Inwood.txt
Park Sports PT – Williamsburg,parksportspt.com,LIVE,https://parksportspt.com,https://parksportspt.com,,0,"STEALTH_ERROR: It looks like you are using Playwright Sync API inside the asyncio loop.
Please use the Async API instead.",C:\Users\COB\Downloads\competitor\scraped_texts\Park_Sports_PT_Williamsburg.txt
ProHealth & Fitness,prohealthptot.com,NO WEBSITE,https://prohealthptot.com,,,0,SKIPPED_NO_URL,C:\Users\COB\Downloads\competitor\scraped_texts\ProHealth_Fitness.txt
JAG Physical Therapy (50 Court St),jagpt.com,LIVE,https://jagpt.com,https://jagpt.com,,0,"STEALTH_ERROR: It looks like you are using Playwright Sync API inside the asyncio loop.
Please use the Async API instead.",C:\Users\COB\Downloads\competitor\scraped_texts\JAG_Physical_Therapy_50_Court_St.txt
Lion Physical Therapy,lionphysicaltherapy.com,LIVE,https://lionphysicaltherapy.com,https://lionphysicaltherapy.com,,0,"STEALTH_ERROR: It looks like you are using Playwright Sync API inside the asyncio loop.
Please use the Async API instead.",C:\Users\COB\Downloads\competitor\scraped_texts\Lion_Physical_Therapy.txt
REMSEN AVE. Physical Therapy,pt4all.nyc,LIVE,https://pt4all.nyc,https://pt4all.nyc,Community Health Physical Therapy,410,OK,C:\Users\COB\Downloads\competitor\scraped_texts\REMSEN_AVE_Physical_Therapy.txt
Community Health Physical Therapy,pt4all.nyc,LIVE,https://pt4all.nyc,https://pt4all.nyc,Community Health Physical Therapy,410,OK,C:\Users\COB\Downloads\competitor\scraped_texts\Community_Health_Physical_Therapy.txt
Millennium Rehab & PT,millenniumrehabilitationphysicaltherapy.com,LIVE,https://millenniumrehabilitationphysicaltherapy.com,https://millenniumrehabilitationphysicaltherapy.com,DOL Enrolled Injury Care & Rehabilitation for injured Federal Workers,1337,OK,C:\Users\COB\Downloads\competitor\scraped_texts\Millennium_Rehab_PT.txt
Riverdale Sports PT,riverdalesportspt.com,LIVE,https://riverdalesportspt.com,https://riverdalesportspt.com,Riverdale Sports Physical Therapy  – PT in Riverdale NY,1245,OK,C:\Users\COB\Downloads\competitor\scraped_texts\Riverdale_Sports_PT.txt
PT of The City — Church Ave,ptofthecity.com,LIVE,https://ptofthecity.com,https://ptofthecity.com,Top-Rated Physical Therapy NYC | 30+ Clinics | PT of the City,2946,OK,C:\Users\COB\Downloads\competitor\scraped_texts\PT_of_The_City_Church_Ave.txt
Road To Recovery PT & OT,b2hpt.com,LIVE,https://b2hpt.com,https://b2hpt.com,Road to Recovery Physical and Occupational Therapy,2993,OK,C:\Users\COB\Downloads\competitor\scraped_texts\Road_To_Recovery_PT_OT.txt
Alexandra Buwalda Pediatric PT,alexbuwalda.com,NO WEBSITE,https://alexbuwalda.com,,,0,SKIPPED_NO_URL,C:\Users\COB\Downloads\competitor\scraped_texts\Alexandra_Buwalda_Pediatric_PT.txt
PT of The City — Sunset Park,ptofthecity.com,LIVE,https://ptofthecity.com,https://ptofthecity.com,Top-Rated Physical Therapy NYC | 30+ Clinics | PT of the City,2946,OK,C:\Users\COB\Downloads\competitor\scraped_texts\PT_of_The_City_Sunset_Park.txt
Dynamic Solutions — Pediatric PT & OT,dynamicsolutionstherapy.com,NO WEBSITE,https://dynamicsolutionstherapy.com,,,0,SKIPPED_NO_URL,C:\Users\COB\Downloads\competitor\scraped_texts\Dynamic_Solutions_Pediatric_PT_OT.txt
StarPro Physical Therapy — Chelsea,starpropt.com,LIVE,https://starpropt.com,https://starpropt.com,StarPro Physical Therapy | Challenging Limits to Transform Lives,1169,OK,C:\Users\COB\Downloads\competitor\scraped_texts\StarPro_Physical_Therapy_Chelsea.txt
PT of The City — (8th Ave),ptofthecity.com,LIVE,https://ptofthecity.com,https://ptofthecity.com,Top-Rated Physical Therapy NYC | 30+ Clinics | PT of the City,2946,OK,C:\Users\COB\Downloads\competitor\scraped_texts\PT_of_The_City_8th_Ave.txt
"Metropolis Physical Therapy, PLLC",metropolisphysicaltherapy.com,LIVE,https://metropolisphysicaltherapy.com,https://metropolisphysicaltherapy.com,,0,"STEALTH_ERROR: It looks like you are using Playwright Sync API inside the asyncio loop.
Please use the Async API instead.",C:\Users\COB\Downloads\competitor\scraped_texts\Metropolis_Physical_Therapy_PLLC.txt
Brooklyn City Rehabilitation PT,,NO WEBSITE,,,,0,SKIPPED_NO_URL,C:\Users\COB\Downloads\competitor\scraped_texts\Brooklyn_City_Rehabilitation_PT.txt
PT of The City — Castle Hill,ptofthecity.com,LIVE,https://ptofthecity.com,https://ptofthecity.com,Top-Rated Physical Therapy NYC | 30+ Clinics | PT of the City,2946,OK,C:\Users\COB\Downloads\competitor\scraped_texts\PT_of_The_City_Castle_Hill.txt
H&D Physical Therapy — UES,hdphysicaltherapy.com,LIVE,https://hdphysicaltherapy.com,https://hdphysicaltherapy.com,Experienced Physical Therapists in NYC | H&D Physical Therapy,1427,OK,C:\Users\COB\Downloads\competitor\scraped_texts\HD_Physical_Therapy_UES.txt
PT of The City — Medalliance,medalliancenyc.com,LIVE,https://medalliancenyc.com,https://medalliancenyc.com,Doctors Office | Medalliance,4025,OK,C:\Users\COB\Downloads\competitor\scraped_texts\PT_of_The_City_Medalliance.txt
Revitalize Physical Therapy,revitalizephysicaltherapy.com,LIVE,https://revitalizephysicaltherapy.com,https://revitalizephysicaltherapy.com,Revitalize Physical Therapy | Pelvic Floor Therapy & More | NYC,997,OK,C:\Users\COB\Downloads\competitor\scraped_texts\Revitalize_Physical_Therapy.txt
Professional PT — North Riverdale,professionalpt.com,LIVE,https://professionalpt.com,https://professionalpt.com,Professional Physical Therapy | Challenging Limits to Transform Lives,3603,OK,C:\Users\COB\Downloads\competitor\scraped_texts\Professional_PT_North_Riverdale.txt
PT of The City — Bushwick,ptofthecity.com,LIVE,https://ptofthecity.com,https://ptofthecity.com,Top-Rated Physical Therapy NYC | 30+ Clinics | PT of the City,2946,OK,C:\Users\COB\Downloads\competitor\scraped_texts\PT_of_The_City_Bushwick.txt
TLC Rehabilitation,tlcpt.com,LIVE,https://tlcpt.com,https://tlcpt.com,TLC Physical Therapy & Rehab,248,OK,C:\Users\COB\Downloads\competitor\scraped_texts\TLC_Rehabilitation.txt
Mindful Motion PT – Bushwick,mimophysicaltherapy.com,LIVE,https://mimophysicaltherapy.com,https://mimophysicaltherapy.com,Mindful Motion Physical Therapy,1585,OK,C:\Users\COB\Downloads\competitor\scraped_texts\Mindful_Motion_PT_Bushwick.txt
La Salud Physical Therapy – Brownsville,ptforall.nyc,LIVE,https://ptforall.nyc,https://ptforall.nyc,La Salud Physical Therapy,410,OK,C:\Users\COB\Downloads\competitor\scraped_texts\La_Salud_Physical_Therapy_Brownsville.txt
Pro Form PT — Norwood (Thwaites),proformphysicaltherapypc.com,LIVE,https://proformphysicaltherapypc.com,https://proformphysicaltherapypc.com,Physical Therapy | Pro Form Physical therapy P.C. | United States,3335,OK,C:\Users\COB\Downloads\competitor\scraped_texts\Pro_Form_PT_Norwood_Thwaites.txt
Zeren Health (Suite 310),bronxinjurydoctor.com,LIVE,https://bronxinjurydoctor.com,https://bronxinjurydoctor.com,"Chiropractic, Physical Therapy and Pain Management New York | Zeren Health",1308,OK,C:\Users\COB\Downloads\competitor\scraped_texts\Zeren_Health_Suite_310.txt
Evergreen Physical Therapy,evergreenptny.com,LIVE,https://evergreenptny.com,https://evergreenptny.com,Home,1857,OK,C:\Users\COB\Downloads\competitor\scraped_texts\Evergreen_Physical_Therapy.txt
Optimal Rehabilitation,optimalrehabotpt.com,NO WEBSITE,https://optimalrehabotpt.com,,,0,SKIPPED_NO_URL,C:\Users\COB\Downloads\competitor\scraped_texts\Optimal_Rehabilitation.txt
Quantum PT & Chiropractic Care,quantumchiropt.com,LIVE,https://quantumchiropt.com,https://quantumchiropt.com,New York Physical Therapy and Chiropractor | Quantum Medical,1433,OK,C:\Users\COB\Downloads\competitor\scraped_texts\Quantum_PT_Chiropractic_Care.txt
PT of The City — Allerton,ptofthecity.com,LIVE,https://ptofthecity.com,https://ptofthecity.com,Top-Rated Physical Therapy NYC | 30+ Clinics | PT of the City,2946,OK,C:\Users\COB\Downloads\competitor\scraped_texts\PT_of_The_City_Allerton.txt
FYZICAL — Brooklyn (7406 5th Ave),fyzical.com,LIVE,https://fyzical.com,https://fyzical.com,,0,"STEALTH_ERROR: It looks like you are using Playwright Sync API inside the asyncio loop.
Please use the Async API instead.",C:\Users\COB\Downloads\competitor\scraped_texts\FYZICAL_Brooklyn_7406_5th_Ave.txt
Spear Physical Therapy – Greenpoint,spearcenter.com,LIVE,https://spearcenter.com,https://spearcenter.com,Expert Physical Therapy in NYC | Spear,1395,OK,C:\Users\COB\Downloads\competitor\scraped_texts\Spear_Physical_Therapy_Greenpoint.txt
Phoenix Physical Therapy,phoenixphysicaltherapyrehab.com,LIVE,https://phoenixphysicaltherapyrehab.com,https://phoenixphysicaltherapyrehab.com,NY Physical Therapy Clinic | Phoenix Physical Therapy Rehab,2567,OK,C:\Users\COB\Downloads\competitor\scraped_texts\Phoenix_Physical_Therapy.txt
Spear Physical Therapy — Bay Ridge (3rd Ave),spearcenter.com,LIVE,https://spearcenter.com,https://spearcenter.com,Expert Physical Therapy in NYC | Spear,1395,OK,C:\Users\COB\Downloads\competitor\scraped_texts\Spear_Physical_Therapy_Bay_Ridge_3rd_Ave.txt
PT of The City — St. Nicholas,ptofthecity.com,LIVE,https://ptofthecity.com,https://ptofthecity.com,Top-Rated Physical Therapy NYC | 30+ Clinics | PT of the City,2946,OK,C:\Users\COB\Downloads\competitor\scraped_texts\PT_of_The_City_St_Nicholas.txt
PT of The City — Sugar Hill,ptofthecity.com,LIVE,https://ptofthecity.com,https://ptofthecity.com,Top-Rated Physical Therapy NYC | 30+ Clinics | PT of the City,2946,OK,C:\Users\COB\Downloads\competitor\scraped_texts\PT_of_The_City_Sugar_Hill.txt
Theradynamics PT — Jackson Heights,theradynamics.com,LIVE,https://theradynamics.com,https://theradynamics.com,Get Back To Life! with Theradynamics Physical & Occupational Therapy,372,OK,C:\Users\COB\Downloads\competitor\scraped_texts\Theradynamics_PT_Jackson_Heights.txt
Sarrica PT & Wellness,sarricapt.com,LIVE,https://sarricapt.com,https://sarricapt.com,Best Physical Therapy Doctors in NYC  Brooklyn | Bay Ridge Acupuncture | Massage Therapy,8065,OK,C:\Users\COB\Downloads\competitor\scraped_texts\Sarrica_PT_Wellness.txt
Masefield & Cavallaro PT,mcphysicaltherapy.com,LIVE,https://mcphysicaltherapy.com,https://mcphysicaltherapy.com,,0,"STEALTH_ERROR: It looks like you are using Playwright Sync API inside the asyncio loop.
Please use the Async API instead.",C:\Users\COB\Downloads\competitor\scraped_texts\Masefield_Cavallaro_PT.txt
Hands-On Physical Therapy — Allerton,handsonpt.org,LIVE,https://handsonpt.org,https://handsonpt.org,Hands-On Physical Therapy Clinic in Astoria NY,3164,OK,C:\Users\COB\Downloads\competitor\scraped_texts\Hands-On_Physical_Therapy_Allerton.txt
Quality Care PT & Acu,qcptac.com,LIVE,https://qcptac.com,https://qcptac.com,Quality Care,1596,OK,C:\Users\COB\Downloads\competitor\scraped_texts\Quality_Care_PT_Acu.txt
ProKinetics PT,prokineticspt.com,LIVE,https://prokineticspt.com,https://prokineticspt.com,"Premier Physical Therapy Clinic Brooklyn, NY - ProKinetics",663,OK,C:\Users\COB\Downloads\competitor\scraped_texts\ProKinetics_PT.txt
JAG Physical Therapy – Flatbush,jagpt.com,LIVE,https://jagpt.com,https://jagpt.com,,0,"STEALTH_ERROR: It looks like you are using Playwright Sync API inside the asyncio loop.
Please use the Async API instead.",C:\Users\COB\Downloads\competitor\scraped_texts\JAG_Physical_Therapy_Flatbush.txt
PT of The City — Southern Blvd,ptofthecity.com,LIVE,https://ptofthecity.com,https://ptofthecity.com,Top-Rated Physical Therapy NYC | 30+ Clinics | PT of the City,2946,OK,C:\Users\COB\Downloads\competitor\scraped_texts\PT_of_The_City_Southern_Blvd.txt
PT of The City — Hunts Point,ptofthecity.com,LIVE,https://ptofthecity.com,https://ptofthecity.com,Top-Rated Physical Therapy NYC | 30+ Clinics | PT of the City,2946,OK,C:\Users\COB\Downloads\competitor\scraped_texts\PT_of_The_City_Hunts_Point.txt
Physical Therapy Center,greenpointphysicaltherapy.com,NO WEBSITE,https://greenpointphysicaltherapy.com,,,0,SKIPPED_NO_URL,C:\Users\COB\Downloads\competitor\scraped_texts\Physical_Therapy_Center.txt
Ivy Rehab HSS Physical Therapy,ivyrehab.com,LIVE,https://ivyrehab.com,https://ivyrehab.com,Ivy Rehab | Comprehensive Network of Physical Therapy Clinics,2454,OK,C:\Users\COB\Downloads\competitor\scraped_texts\Ivy_Rehab_HSS_Physical_Therapy.txt
Midwood PT of Brooklyn,midwoodphysicaltherapy.com,NO WEBSITE,https://midwoodphysicaltherapy.com,,,0,SKIPPED_NO_URL,C:\Users\COB\Downloads\competitor\scraped_texts\Midwood_PT_of_Brooklyn.txt
Hands of Hope — Mott Haven,handsofhopeny.com,LIVE,https://handsofhopeny.com,https://handsofhopeny.com,Comprehensive Physical Therapy in NY & GA - Hands of Hope PT,2981,OK,C:\Users\COB\Downloads\competitor\scraped_texts\Hands_of_Hope_Mott_Haven.txt
PT of The City — Bay Ridge,ptofthecity.com,LIVE,https://ptofthecity.com,https://ptofthecity.com,Top-Rated Physical Therapy NYC | 30+ Clinics | PT of the City,2946,OK,C:\Users\COB\Downloads\competitor\scraped_texts\PT_of_The_City_Bay_Ridge.txt
Therapy-In-Motion PC,therapy-in-motion.com,LIVE,https://therapy-in-motion.com,https://therapy-in-motion.com,,0,"STEALTH_ERROR: It looks like you are using Playwright Sync API inside the asyncio loop.
Please use the Async API instead.",C:\Users\COB\Downloads\competitor\scraped_texts\Therapy-In-Motion_PC.txt
Millennium PT,mptsm.com,NO WEBSITE,https://mptsm.com,,,0,SKIPPED_NO_URL,C:\Users\COB\Downloads\competitor\scraped_texts\Millennium_PT.txt
FYZICAL Therapy — Bensonhurst,fyzical.com,LIVE,https://fyzical.com,https://fyzical.com,,0,"STEALTH_ERROR: It looks like you are using Playwright Sync API inside the asyncio loop.
Please use the Async API instead.",C:\Users\COB\Downloads\competitor\scraped_texts\FYZICAL_Therapy_Bensonhurst.txt
JAG Physical Therapy (Bay Pkwy),jagpt.com,LIVE,https://jagpt.com,https://jagpt.com,,0,"STEALTH_ERROR: It looks like you are using Playwright Sync API inside the asyncio loop.
Please use the Async API instead.",C:\Users\COB\Downloads\competitor\scraped_texts\JAG_Physical_Therapy_Bay_Pkwy.txt
PT of The City — Sensory Freeway,ptofthecity.com,LIVE,https://ptofthecity.com,https://ptofthecity.com,Top-Rated Physical Therapy NYC | 30+ Clinics | PT of the City,2946,OK,C:\Users\COB\Downloads\competitor\scraped_texts\PT_of_The_City_Sensory_Freeway.txt
Ivy Rehab — Greenpoint,ivyrehab.com,LIVE,https://ivyrehab.com,https://ivyrehab.com,Ivy Rehab | Comprehensive Network of Physical Therapy Clinics,2454,OK,C:\Users\COB\Downloads\competitor\scraped_texts\Ivy_Rehab_Greenpoint.txt
JAG Physical Therapy – Crown Heights,jagpt.com,LIVE,https://jagpt.com,https://jagpt.com,,0,"STEALTH_ERROR: It looks like you are using Playwright Sync API inside the asyncio loop.
Please use the Async API instead.",C:\Users\COB\Downloads\competitor\scraped_texts\JAG_Physical_Therapy_Crown_Heights.txt
All Hands On PT,allhandsonphysicaltherapy.com,NO WEBSITE,https://allhandsonphysicaltherapy.com,,,0,SKIPPED_NO_URL,C:\Users\COB\Downloads\competitor\scraped_texts\All_Hands_On_PT.txt
Alexander Dolsky Physical Therapy,dolskyphysicaltherapy.com,NO WEBSITE,https://dolskyphysicaltherapy.com,,,0,SKIPPED_NO_URL,C:\Users\COB\Downloads\competitor\scraped_texts\Alexander_Dolsky_Physical_Therapy.txt
MEDIHUB PT & Acupuncture,medihubptnacu.com,NO WEBSITE,https://medihubptnacu.com,,,0,SKIPPED_NO_URL,C:\Users\COB\Downloads\competitor\scraped_texts\MEDIHUB_PT_Acupuncture.txt
Fresh Pond PT — Jackson Heights,freshpondpt.com,LIVE,https://freshpondpt.com,https://freshpondpt.com,,0,"STEALTH_ERROR: It looks like you are using Playwright Sync API inside the asyncio loop.
Please use the Async API instead.",C:\Users\COB\Downloads\competitor\scraped_texts\Fresh_Pond_PT_Jackson_Heights.txt
Castle Hill Medical of New York,castlehillmedicalny.com,LIVE,https://castlehillmedicalny.com,https://castlehillmedicalny.com,,0,"STEALTH_ERROR: It looks like you are using Playwright Sync API inside the asyncio loop.
Please use the Async API instead.",C:\Users\COB\Downloads\competitor\scraped_texts\Castle_Hill_Medical_of_New_York.txt
FYZICAL — Bay Ridge (9433 5th Ave),fyzical.com/bay-ridge-ny,LIVE,https://fyzical.com/bay-ridge-ny,https://fyzical.com/bay-ridge-ny,,0,"STEALTH_ERROR: It looks like you are using Playwright Sync API inside the asyncio loop.
Please use the Async API instead.",C:\Users\COB\Downloads\competitor\scraped_texts\FYZICAL_Bay_Ridge_9433_5th_Ave.txt
Evolve PT — Midwood (Kings Hwy),evolveny.com,LIVE,https://evolveny.com,https://evolveny.com,Physical Therapy in Brooklyn | Sports Rehab in Brooklyn- Evolve PT,6789,OK,C:\Users\COB\Downloads\competitor\scraped_texts\Evolve_PT_Midwood_Kings_Hwy.txt
TherapyCare PT,therapycarept.com,LIVE,https://therapycarept.com,https://therapycarept.com,TherapyCare - Physical Therapy,1162,OK,C:\Users\COB\Downloads\competitor\scraped_texts\TherapyCare_PT.txt
Park Sports Physical Therapy,parksportspt.com,LIVE,https://parksportspt.com,https://parksportspt.com,,0,"STEALTH_ERROR: It looks like you are using Playwright Sync API inside the asyncio loop.
Please use the Async API instead.",C:\Users\COB\Downloads\competitor\scraped_texts\Park_Sports_Physical_Therapy.txt
Bronx Physical Therapy & Rehabilitation,bxptrehab.com,NO WEBSITE,https://bxptrehab.com,,,0,SKIPPED_NO_URL,C:\Users\COB\Downloads\competitor\scraped_texts\Bronx_Physical_Therapy_Rehabilitation.txt
Spear Physical Therapy,spearcenter.com,LIVE,https://spearcenter.com,https://spearcenter.com,Expert Physical Therapy in NYC | Spear,1395,OK,C:\Users\COB\Downloads\competitor\scraped_texts\Spear_Physical_Therapy_2.txt
Hands of Hope — Morris Park,handsofhopeny.com,LIVE,https://handsofhopeny.com,https://handsofhopeny.com,Comprehensive Physical Therapy in NY & GA - Hands of Hope PT,2981,OK,C:\Users\COB\Downloads\competitor\scraped_texts\Hands_of_Hope_Morris_Park.txt
Theradynamics Longwood,theradynamics.com,LIVE,https://theradynamics.com,https://theradynamics.com,Get Back To Life! with Theradynamics Physical & Occupational Therapy,372,OK,C:\Users\COB\Downloads\competitor\scraped_texts\Theradynamics_Longwood.txt
Holsman PT – Home Therapy,holsmanpt.com,LIVE,https://holsmanpt.com,https://holsmanpt.com,,0,"STEALTH_ERROR: It looks like you are using Playwright Sync API inside the asyncio loop.
Please use the Async API instead.",C:\Users\COB\Downloads\competitor\scraped_texts\Holsman_PT_Home_Therapy.txt
Rehab on Wheels – In-Home PT & OT,rehabonwheels.org,LIVE,https://rehabonwheels.org,https://rehabonwheels.org,Rehab on Wheels – In Home Physical and Occupational Therapy,2107,OK,C:\Users\COB\Downloads\competitor\scraped_texts\Rehab_on_Wheels_In-Home_PT_OT.txt
In Home Physical Therapy Brooklyn,,NO WEBSITE,,,,0,SKIPPED_NO_URL,C:\Users\COB\Downloads\competitor\scraped_texts\In_Home_Physical_Therapy_Brooklyn.txt
New York Therapy & Wellness (Home PT),nytherapyandwellness.com,LIVE,https://nytherapyandwellness.com,https://nytherapyandwellness.com,nytherapyandwellness,244,OK,C:\Users\COB\Downloads\competitor\scraped_texts\New_York_Therapy_Wellness_Home_PT.txt
Assist Home Therapy PT OT SLP,assistny.com,LIVE,https://assistny.com,https://assistny.com,Web.com | Scheduled Maintenance,11,OK,C:\Users\COB\Downloads\competitor\scraped_texts\Assist_Home_Therapy_PT_OT_SLP.txt
HomeSide Rehab,homesiderehab.com,LIVE,https://homesiderehab.com,https://homesiderehab.com,Home - Homeside Rehab,1021,OK,C:\Users\COB\Downloads\competitor\scraped_texts\HomeSide_Rehab.txt
Dynamic Moves PT – In-Home Service,dynamicmovespt.com,LIVE,https://dynamicmovespt.com,https://dynamicmovespt.com,In-Home Physical Therapy l Dynamic Moves Physical Therapy | In-Home Physical Therapy l Dynamic Moves Physical Therapy,1046,OK,C:\Users\COB\Downloads\competitor\scraped_texts\Dynamic_Moves_PT_In-Home_Service.txt
Revival PT,revivalrehabilitation.com,LIVE,https://revivalrehabilitation.com,https://revivalrehabilitation.com,,0,"STEALTH_ERROR: It looks like you are using Playwright Sync API inside the asyncio loop.
Please use the Async API instead.",C:\Users\COB\Downloads\competitor\scraped_texts\Revival_PT.txt
FYZICAL East Harlem,fyzical.com/east-harlem,LIVE,https://fyzical.com/east-harlem,https://fyzical.com/east-harlem,,0,"STEALTH_ERROR: It looks like you are using Playwright Sync API inside the asyncio loop.
Please use the Async API instead.",C:\Users\COB\Downloads\competitor\scraped_texts\FYZICAL_East_Harlem.txt
Evergreen PT,evergreenptny.com,LIVE,https://evergreenptny.com,https://evergreenptny.com,Home,1857,OK,C:\Users\COB\Downloads\competitor\scraped_texts\Evergreen_PT.txt
Essen Health Care,essenhealthcare.com,LIVE,https://essenhealthcare.com,https://essenhealthcare.com,Essen Health Care | Comprehensive Healthcare Services,1338,OK,C:\Users\COB\Downloads\competitor\scraped_texts\Essen_Health_Care.txt
PT of The City — Home Care,ptofthecity.com,LIVE,https://ptofthecity.com,https://ptofthecity.com,Top-Rated Physical Therapy NYC | 30+ Clinics | PT of the City,2946,OK,C:\Users\COB\Downloads\competitor\scraped_texts\PT_of_The_City_Home_Care.txt
Spear Physical Therapy — Financial District (14 Wall St),spearcenter.com,LIVE,https://spearcenter.com,https://spearcenter.com,Expert Physical Therapy in NYC | Spear,1395,OK,C:\Users\COB\Downloads\competitor\scraped_texts\Spear_Physical_Therapy_Financial_District_14_Wall_St.txt
Spear Physical Therapy — Financial District (70 Pine),spearcenter.com,LIVE,https://spearcenter.com,https://spearcenter.com,Expert Physical Therapy in NYC | Spear,1395,OK,C:\Users\COB\Downloads\competitor\scraped_texts\Spear_Physical_Therapy_Financial_District_70_Pine.txt
Spear Physical Therapy — Sunnyside,spearcenter.com,LIVE,https://spearcenter.com,https://spearcenter.com,Expert Physical Therapy in NYC | Spear,1395,OK,C:\Users\COB\Downloads\competitor\scraped_texts\Spear_Physical_Therapy_Sunnyside.txt
Spear Physical Therapy — Ditmas Park,spearcenter.com,LIVE,https://spearcenter.com,https://spearcenter.com,Expert Physical Therapy in NYC | Spear,1395,OK,C:\Users\COB\Downloads\competitor\scraped_texts\Spear_Physical_Therapy_Ditmas_Park.txt
Spear Physical Therapy — Washington Heights,spearcenter.com,LIVE,https://spearcenter.com,https://spearcenter.com,Expert Physical Therapy in NYC | Spear,1395,OK,C:\Users\COB\Downloads\competitor\scraped_texts\Spear_Physical_Therapy_Washington_Heights.txt
Spear Physical Therapy — Harlem (W 120th),spearcenter.com,LIVE,https://spearcenter.com,https://spearcenter.com,Expert Physical Therapy in NYC | Spear,1395,OK,C:\Users\COB\Downloads\competitor\scraped_texts\Spear_Physical_Therapy_Harlem_W_120th.txt
Spear Physical Therapy — Jackson Heights,spearcenter.com,LIVE,https://spearcenter.com,https://spearcenter.com,Expert Physical Therapy in NYC | Spear,1395,OK,C:\Users\COB\Downloads\competitor\scraped_texts\Spear_Physical_Therapy_Jackson_Heights.txt
Spear Physical Therapy — Ridgewood,spearcenter.com,LIVE,https://spearcenter.com,https://spearcenter.com,Expert Physical Therapy in NYC | Spear,1395,OK,C:\Users\COB\Downloads\competitor\scraped_texts\Spear_Physical_Therapy_Ridgewood.txt
Spear Physical Therapy — Gowanus,spearcenter.com,LIVE,https://spearcenter.com,https://spearcenter.com,Expert Physical Therapy in NYC | Spear,1395,OK,C:\Users\COB\Downloads\competitor\scraped_texts\Spear_Physical_Therapy_Gowanus.txt
Spear Physical Therapy — UWS Sports Club,spearcenter.com,LIVE,https://spearcenter.com,https://spearcenter.com,Expert Physical Therapy in NYC | Spear,1395,OK,C:\Users\COB\Downloads\competitor\scraped_texts\Spear_Physical_Therapy_UWS_Sports_Club.txt
Spear Physical Therapy — Midtown East (2nd Ave),spearcenter.com,LIVE,https://spearcenter.com,https://spearcenter.com,Expert Physical Therapy in NYC | Spear,1395,OK,C:\Users\COB\Downloads\competitor\scraped_texts\Spear_Physical_Therapy_Midtown_East_2nd_Ave.txt
Spear Physical Therapy — East Village (14th St),spearcenter.com,LIVE,https://spearcenter.com,https://spearcenter.com,Expert Physical Therapy in NYC | Spear,1395,OK,C:\Users\COB\Downloads\competitor\scraped_texts\Spear_Physical_Therapy_East_Village_14th_St.txt
Spear Physical Therapy — Bay Ridge (86th St),spearcenter.com,LIVE,https://spearcenter.com,https://spearcenter.com,Expert Physical Therapy in NYC | Spear,1395,OK,C:\Users\COB\Downloads\competitor\scraped_texts\Spear_Physical_Therapy_Bay_Ridge_86th_St.txt
Spear Physical Therapy — Astoria (Ditmars Blvd),spearcenter.com,LIVE,https://spearcenter.com,https://spearcenter.com,Expert Physical Therapy in NYC | Spear,1395,OK,C:\Users\COB\Downloads\competitor\scraped_texts\Spear_Physical_Therapy_Astoria_Ditmars_Blvd.txt
Spear Physical Therapy — NoMad,spearcenter.com,LIVE,https://spearcenter.com,https://spearcenter.com,Expert Physical Therapy in NYC | Spear,1395,OK,C:\Users\COB\Downloads\competitor\scraped_texts\Spear_Physical_Therapy_NoMad.txt
Spear Physical Therapy — UWS (W 103rd St),spearcenter.com,LIVE,https://spearcenter.com,https://spearcenter.com,Expert Physical Therapy in NYC | Spear,1395,OK,C:\Users\COB\Downloads\competitor\scraped_texts\Spear_Physical_Therapy_UWS_W_103rd_St.txt
Spear Physical Therapy — West Village,spearcenter.com,LIVE,https://spearcenter.com,https://spearcenter.com,Expert Physical Therapy in NYC | Spear,1395,OK,C:\Users\COB\Downloads\competitor\scraped_texts\Spear_Physical_Therapy_West_Village.txt
Spear Physical Therapy — Bayside,spearcenter.com,LIVE,https://spearcenter.com,https://spearcenter.com,Expert Physical Therapy in NYC | Spear,1395,OK,C:\Users\COB\Downloads\competitor\scraped_texts\Spear_Physical_Therapy_Bayside.txt
Spear Physical Therapy — Downtown Brooklyn (City Point),spearcenter.com,LIVE,https://spearcenter.com,https://spearcenter.com,Expert Physical Therapy in NYC | Spear,1395,OK,C:\Users\COB\Downloads\competitor\scraped_texts\Spear_Physical_Therapy_Downtown_Brooklyn_City_Point.txt
Spear Physical Therapy — Park Slope (5th Ave),spearcenter.com,LIVE,https://spearcenter.com,https://spearcenter.com,Expert Physical Therapy in NYC | Spear,1395,OK,C:\Users\COB\Downloads\competitor\scraped_texts\Spear_Physical_Therapy_Park_Slope_5th_Ave.txt
Spear Physical Therapy — UWS (W 82nd St),spearcenter.com,LIVE,https://spearcenter.com,https://spearcenter.com,Expert Physical Therapy in NYC | Spear,1395,OK,C:\Users\COB\Downloads\competitor\scraped_texts\Spear_Physical_Therapy_UWS_W_82nd_St.txt
Spear Physical Therapy — Astoria (Broadway),spearcenter.com,LIVE,https://spearcenter.com,https://spearcenter.com,Expert Physical Therapy in NYC | Spear,1395,OK,C:\Users\COB\Downloads\competitor\scraped_texts\Spear_Physical_Therapy_Astoria_Broadway.txt
Spear Physical Therapy — LES (Broome St),spearcenter.com,LIVE,https://spearcenter.com,https://spearcenter.com,Expert Physical Therapy in NYC | Spear,1395,OK,C:\Users\COB\Downloads\competitor\scraped_texts\Spear_Physical_Therapy_LES_Broome_St.txt
Spear Physical Therapy — Williamsburg (Grand St),spearcenter.com,LIVE,https://spearcenter.com,https://spearcenter.com,Expert Physical Therapy in NYC | Spear,1395,OK,C:\Users\COB\Downloads\competitor\scraped_texts\Spear_Physical_Therapy_Williamsburg_Grand_St.txt
Spear Physical Therapy — Grand Central,spearcenter.com,LIVE,https://spearcenter.com,https://spearcenter.com,Expert Physical Therapy in NYC | Spear,1395,OK,C:\Users\COB\Downloads\competitor\scraped_texts\Spear_Physical_Therapy_Grand_Central.txt
Spear Physical Therapy — LIC Court Square,spearcenter.com,LIVE,https://spearcenter.com,https://spearcenter.com,Expert Physical Therapy in NYC | Spear,1395,OK,C:\Users\COB\Downloads\competitor\scraped_texts\Spear_Physical_Therapy_LIC_Court_Square.txt
Spear Physical Therapy — Prospect Heights,spearcenter.com,LIVE,https://spearcenter.com,https://spearcenter.com,Expert Physical Therapy in NYC | Spear,1395,OK,C:\Users\COB\Downloads\competitor\scraped_texts\Spear_Physical_Therapy_Prospect_Heights.txt
Spear Physical Therapy — Flatiron,spearcenter.com,LIVE,https://spearcenter.com,https://spearcenter.com,Expert Physical Therapy in NYC | Spear,1395,OK,C:\Users\COB\Downloads\competitor\scraped_texts\Spear_Physical_Therapy_Flatiron.txt
Spear Physical Therapy — SoHo,spearcenter.com,LIVE,https://spearcenter.com,https://spearcenter.com,Expert Physical Therapy in NYC | Spear,1395,OK,C:\Users\COB\Downloads\competitor\scraped_texts\Spear_Physical_Therapy_SoHo.txt
Spear Physical Therapy — Dumbo,spearcenter.com,LIVE,https://spearcenter.com,https://spearcenter.com,Expert Physical Therapy in NYC | Spear,1395,OK,C:\Users\COB\Downloads\competitor\scraped_texts\Spear_Physical_Therapy_Dumbo.txt
Spear Physical Therapy — Park Slope (Union St),spearcenter.com,LIVE,https://spearcenter.com,https://spearcenter.com,Expert Physical Therapy in NYC | Spear,1395,OK,C:\Users\COB\Downloads\competitor\scraped_texts\Spear_Physical_Therapy_Park_Slope_Union_St.txt
Spear Physical Therapy — Times Square,spearcenter.com,LIVE,https://spearcenter.com,https://spearcenter.com,Expert Physical Therapy in NYC | Spear,1395,OK,C:\Users\COB\Downloads\competitor\scraped_texts\Spear_Physical_Therapy_Times_Square.txt
Spear Physical Therapy — LIC CityView,spearcenter.com,LIVE,https://spearcenter.com,https://spearcenter.com,Expert Physical Therapy in NYC | Spear,1395,OK,C:\Users\COB\Downloads\competitor\scraped_texts\Spear_Physical_Therapy_LIC_CityView.txt
Spear Physical Therapy — UWS (W 75th St),spearcenter.com,LIVE,https://spearcenter.com,https://spearcenter.com,Expert Physical Therapy in NYC | Spear,1395,OK,C:\Users\COB\Downloads\competitor\scraped_texts\Spear_Physical_Therapy_UWS_W_75th_St.txt
Spear Physical Therapy — Brooklyn Heights,spearcenter.com,LIVE,https://spearcenter.com,https://spearcenter.com,Expert Physical Therapy in NYC | Spear,1395,OK,C:\Users\COB\Downloads\competitor\scraped_texts\Spear_Physical_Therapy_Brooklyn_Heights.txt
Spear Physical Therapy — Murray Hill,spearcenter.com,LIVE,https://spearcenter.com,https://spearcenter.com,Expert Physical Therapy in NYC | Spear,1395,OK,C:\Users\COB\Downloads\competitor\scraped_texts\Spear_Physical_Therapy_Murray_Hill.txt
Spear Physical Therapy — Penn Plaza,spearcenter.com,LIVE,https://spearcenter.com,https://spearcenter.com,Expert Physical Therapy in NYC | Spear,1395,OK,C:\Users\COB\Downloads\competitor\scraped_texts\Spear_Physical_Therapy_Penn_Plaza.txt
Spear Physical Therapy — Midtown (W 44th),spearcenter.com,LIVE,https://spearcenter.com,https://spearcenter.com,Expert Physical Therapy in NYC | Spear,1395,OK,C:\Users\COB\Downloads\competitor\scraped_texts\Spear_Physical_Therapy_Midtown_W_44th.txt
Spear Physical Therapy — Midtown (E 56th),spearcenter.com,LIVE,https://spearcenter.com,https://spearcenter.com,Expert Physical Therapy in NYC | Spear,1395,OK,C:\Users\COB\Downloads\competitor\scraped_texts\Spear_Physical_Therapy_Midtown_E_56th.txt
Spear Physical Therapy — Forest Hills,spearcenter.com,LIVE,https://spearcenter.com,https://spearcenter.com,Expert Physical Therapy in NYC | Spear,1395,OK,C:\Users\COB\Downloads\competitor\scraped_texts\Spear_Physical_Therapy_Forest_Hills.txt
Spear Physical Therapy — NoHo (Broadway),spearcenter.com,LIVE,https://spearcenter.com,https://spearcenter.com,Expert Physical Therapy in NYC | Spear,1395,OK,C:\Users\COB\Downloads\competitor\scraped_texts\Spear_Physical_Therapy_NoHo_Broadway.txt
Spear Physical Therapy — Tribeca (Chambers),spearcenter.com,LIVE,https://spearcenter.com,https://spearcenter.com,Expert Physical Therapy in NYC | Spear,1395,OK,C:\Users\COB\Downloads\competitor\scraped_texts\Spear_Physical_Therapy_Tribeca_Chambers.txt
Spear Physical Therapy — Tribeca (Park Place),spearcenter.com,LIVE,https://spearcenter.com,https://spearcenter.com,Expert Physical Therapy in NYC | Spear,1395,OK,C:\Users\COB\Downloads\competitor\scraped_texts\Spear_Physical_Therapy_Tribeca_Park_Place.txt
Spear Physical Therapy — Williamsburg (N 7th),spearcenter.com,LIVE,https://spearcenter.com,https://spearcenter.com,Expert Physical Therapy in NYC | Spear,1395,OK,C:\Users\COB\Downloads\competitor\scraped_texts\Spear_Physical_Therapy_Williamsburg_N_7th.txt
Spear Physical Therapy — Crown Heights (Franklin Ave),spearcenter.com,LIVE,https://spearcenter.com,https://spearcenter.com,Expert Physical Therapy in NYC | Spear,1395,OK,C:\Users\COB\Downloads\competitor\scraped_texts\Spear_Physical_Therapy_Crown_Heights_Franklin_Ave.txt
Spear Physical Therapy — Staten Island,spearcenter.com,LIVE,https://spearcenter.com,https://spearcenter.com,Expert Physical Therapy in NYC | Spear,1395,OK,C:\Users\COB\Downloads\competitor\scraped_texts\Spear_Physical_Therapy_Staten_Island.txt
Spear Physical Therapy — UES (E 89th St),spearcenter.com,LIVE,https://spearcenter.com,https://spearcenter.com,Expert Physical Therapy in NYC | Spear,1395,OK,C:\Users\COB\Downloads\competitor\scraped_texts\Spear_Physical_Therapy_UES_E_89th_St.txt
Spear Physical Therapy — UES (3rd Ave),spearcenter.com,LIVE,https://spearcenter.com,https://spearcenter.com,Expert Physical Therapy in NYC | Spear,1395,OK,C:\Users\COB\Downloads\competitor\scraped_texts\Spear_Physical_Therapy_UES_3rd_Ave.txt
Spear Physical Therapy — UES (York Ave),spearcenter.com,LIVE,https://spearcenter.com,https://spearcenter.com,Expert Physical Therapy in NYC | Spear,1395,OK,C:\Users\COB\Downloads\competitor\scraped_texts\Spear_Physical_Therapy_UES_York_Ave.txt
Spear Physical Therapy — UES (E 84th St),spearcenter.com,LIVE,https://spearcenter.com,https://spearcenter.com,Expert Physical Therapy in NYC | Spear,1395,OK,C:\Users\COB\Downloads\competitor\scraped_texts\Spear_Physical_Therapy_UES_E_84th_St.txt
Spear Physical Therapy — Chelsea (16th St),spearcenter.com,LIVE,https://spearcenter.com,https://spearcenter.com,Expert Physical Therapy in NYC | Spear,1395,OK,C:\Users\COB\Downloads\competitor\scraped_texts\Spear_Physical_Therapy_Chelsea_16th_St.txt
Spear Physical Therapy — Clinton Hill (Myrtle Ave),spearcenter.com,LIVE,https://spearcenter.com,https://spearcenter.com,Expert Physical Therapy in NYC | Spear,1395,OK,C:\Users\COB\Downloads\competitor\scraped_texts\Spear_Physical_Therapy_Clinton_Hill_Myrtle_Ave.txt
JAG Physical Therapy — UES (84th St),jagpt.com,LIVE,https://jagpt.com,https://jagpt.com,,0,"STEALTH_ERROR: It looks like you are using Playwright Sync API inside the asyncio loop.
Please use the Async API instead.",C:\Users\COB\Downloads\competitor\scraped_texts\JAG_Physical_Therapy_UES_84th_St.txt
JAG Physical Therapy — Gramercy Park,jagpt.com,LIVE,https://jagpt.com,https://jagpt.com,,0,"STEALTH_ERROR: It looks like you are using Playwright Sync API inside the asyncio loop.
Please use the Async API instead.",C:\Users\COB\Downloads\competitor\scraped_texts\JAG_Physical_Therapy_Gramercy_Park.txt
JAG Physical Therapy — Midtown (Madison Ave),jagpt.com,LIVE,https://jagpt.com,https://jagpt.com,,0,"STEALTH_ERROR: It looks like you are using Playwright Sync API inside the asyncio loop.
Please use the Async API instead.",C:\Users\COB\Downloads\competitor\scraped_texts\JAG_Physical_Therapy_Midtown_Madison_Ave.txt
JAG Physical Therapy — Morningside Heights,jagpt.com,LIVE,https://jagpt.com,https://jagpt.com,,0,"STEALTH_ERROR: It looks like you are using Playwright Sync API inside the asyncio loop.
Please use the Async API instead.",C:\Users\COB\Downloads\competitor\scraped_texts\JAG_Physical_Therapy_Morningside_Heights.txt
JAG Physical Therapy — NoHo,jagpt.com,LIVE,https://jagpt.com,https://jagpt.com,,0,"STEALTH_ERROR: It looks like you are using Playwright Sync API inside the asyncio loop.
Please use the Async API instead.",C:\Users\COB\Downloads\competitor\scraped_texts\JAG_Physical_Therapy_NoHo.txt
JAG Physical Therapy — Elmhurst,jagpt.com,LIVE,https://jagpt.com,https://jagpt.com,,0,"STEALTH_ERROR: It looks like you are using Playwright Sync API inside the asyncio loop.
Please use the Async API instead.",C:\Users\COB\Downloads\competitor\scraped_texts\JAG_Physical_Therapy_Elmhurst.txt
JAG Physical Therapy — Rockaway Beach,jagpt.com,LIVE,https://jagpt.com,https://jagpt.com,,0,"STEALTH_ERROR: It looks like you are using Playwright Sync API inside the asyncio loop.
Please use the Async API instead.",C:\Users\COB\Downloads\competitor\scraped_texts\JAG_Physical_Therapy_Rockaway_Beach.txt
Fidelity Physical Therapy & Rehabilitation Center,physicaltherapycorona.com,LIVE,https://physicaltherapycorona.com,https://physicaltherapycorona.com,,0,"STEALTH_ERROR: It looks like you are using Playwright Sync API inside the asyncio loop.
Please use the Async API instead.",C:\Users\COB\Downloads\competitor\scraped_texts\Fidelity_Physical_Therapy_Rehabilitation_Center.txt
Stellar Physical & Occupational Therapy,stellarptot.com,LIVE,https://www.stellarptot.com,https://www.stellarptot.com,Stellar Physical & Occupational Therapy & Acupuncture,2457,OK,C:\Users\COB\Downloads\competitor\scraped_texts\Stellar_Physical_Occupational_Therapy.txt
39th Ave Physical Therapy,39physicaltherapy.com,NO WEBSITE,https://39physicaltherapy.com,,,0,SKIPPED_NO_URL,C:\Users\COB\Downloads\competitor\scraped_texts\39th_Ave_Physical_Therapy.txt
Synergy Physical Therapy & Chiropractic,coronaqueensptchiro.com,LIVE,https://www.coronaqueensptchiro.com,https://www.coronaqueensptchiro.com,,0,"STEALTH_ERROR: It looks like you are using Playwright Sync API inside the asyncio loop.
Please use the Async API instead.",C:\Users\COB\Downloads\competitor\scraped_texts\Synergy_Physical_Therapy_Chiropractic.txt
Within Normal Limits Physical Therapy,withinnormallimitspt.com,LIVE,https://withinnormallimitspt.com,https://withinnormallimitspt.com,,0,"STEALTH_ERROR: It looks like you are using Playwright Sync API inside the asyncio loop.
Please use the Async API instead.",C:\Users\COB\Downloads\competitor\scraped_texts\Within_Normal_Limits_Physical_Therapy.txt
Elmhurst Balance & Physical Therapy Center,elmhurstpt.com,,https://www.elmhurstpt.com,https://www.elmhurstpt.com,Elmhurst Balance & Physical Therapy Center,462,OK,C:\Users\COB\Downloads\competitor\scraped_texts\Elmhurst_Balance_Physical_Therapy_Center.txt
JAG Physical Therapy — Astoria,jagpt.com,LIVE,https://www.jagpt.com,https://www.jagpt.com,,0,"STEALTH_ERROR: It looks like you are using Playwright Sync API inside the asyncio loop.
Please use the Async API instead.",C:\Users\COB\Downloads\competitor\scraped_texts\JAG_Physical_Therapy_Astoria.txt
BCJ Medical (Brooklyn PT),brooklyn-physicaltherapy.com,LIVE,https://www.brooklyn-physicaltherapy.com,https://www.brooklyn-physicaltherapy.com,Brooklyn Physical Therapy - Brooklyn Physical Therapy,1287,OK,C:\Users\COB\Downloads\competitor\scraped_texts\BCJ_Medical_Brooklyn_PT.txt
Bushwick Medical (Brooklyn PT),brooklyn-physicaltherapy.com,LIVE,https://www.brooklyn-physicaltherapy.com,https://www.brooklyn-physicaltherapy.com,Brooklyn Physical Therapy - Brooklyn Physical Therapy,1287,OK,C:\Users\COB\Downloads\competitor\scraped_texts\Bushwick_Medical_Brooklyn_PT.txt
OceanView Rehabilitation,ovrehab.com,LIVE,https://ovrehab.com,https://ovrehab.com,,0,"STEALTH_ERROR: It looks like you are using Playwright Sync API inside the asyncio loop.
Please use the Async API instead.",C:\Users\COB\Downloads\competitor\scraped_texts\OceanView_Rehabilitation.txt
JAG Physical Therapy — Sheepshead Bay,jagpt.com,LIVE,https://www.jagpt.com/physical-therapy-clinics/ny/sheepshead-bay/,https://www.jagpt.com/physical-therapy-clinics/ny/sheepshead-bay/,,0,"STEALTH_ERROR: It looks like you are using Playwright Sync API inside the asyncio loop.
Please use the Async API instead.",C:\Users\COB\Downloads\competitor\scraped_texts\JAG_Physical_Therapy_Sheepshead_Bay.txt
Sheepshead Bay Chiropractic & PT & Acupuncture,,,,,,0,SKIPPED_NO_URL,C:\Users\COB\Downloads\competitor\scraped_texts\Sheepshead_Bay_Chiropractic_PT_Acupuncture.txt
FYZICAL Therapy & Balance Centers — Bay Ridge,fyzical.com,LIVE,https://www.fyzical.com/bay-ridge-ny,https://www.fyzical.com/bay-ridge-ny,,0,"STEALTH_ERROR: It looks like you are using Playwright Sync API inside the asyncio loop.
Please use the Async API instead.",C:\Users\COB\Downloads\competitor\scraped_texts\FYZICAL_Therapy_Balance_Centers_Bay_Ridge.txt
Riverdale Sports Physical Therapy,riverdalesportspt.com,LIVE,https://riverdalesportspt.com,https://riverdalesportspt.com,Riverdale Sports Physical Therapy  – PT in Riverdale NY,1245,OK,C:\Users\COB\Downloads\competitor\scraped_texts\Riverdale_Sports_Physical_Therapy.txt
Riverdale Physical Therapy Clinic,riverdaleptot.com,LIVE,https://riverdaleptot.com,https://riverdaleptot.com,,0,"STEALTH_ERROR: It looks like you are using Playwright Sync API inside the asyncio loop.
Please use the Async API instead.",C:\Users\COB\Downloads\competitor\scraped_texts\Riverdale_Physical_Therapy_Clinic.txt
Rehabilitation Associates of Riverdale Medicine,ptriverdale.com,LIVE,https://ptriverdale.com,https://ptriverdale.com,,0,"STEALTH_ERROR: It looks like you are using Playwright Sync API inside the asyncio loop.
Please use the Async API instead.",C:\Users\COB\Downloads\competitor\scraped_texts\Rehabilitation_Associates_of_Riverdale_Medicine.txt
Professional Physical Therapy — North Riverdale,professionalpt.com,LIVE,https://www.professionalpt.com/office/north-riverdale-ny/,https://www.professionalpt.com/office/north-riverdale-ny/,"Professional Physical Therapy Clinic | Bronx, NY North Riverdale",6730,OK,C:\Users\COB\Downloads\competitor\scraped_texts\Professional_Physical_Therapy_North_Riverdale.txt
Spear Physical Therapy — Harlem,spearcenter.com,LIVE,https://spearcenter.com/locations/uptown/,https://spearcenter.com/locations/uptown/,Uptown Locations - Spear Physical Therapy,1277,OK,C:\Users\COB\Downloads\competitor\scraped_texts\Spear_Physical_Therapy_Harlem.txt
PT of The City — Grand Concourse,ptofthecity.com,LIVE,https://ptofthecity.com,https://ptofthecity.com,Top-Rated Physical Therapy NYC | 30+ Clinics | PT of the City,2946,OK,C:\Users\COB\Downloads\competitor\scraped_texts\PT_of_The_City_Grand_Concourse.txt
PT of The City — Flatbush,ptofthecity.com,LIVE,https://ptofthecity.com,https://ptofthecity.com,Top-Rated Physical Therapy NYC | 30+ Clinics | PT of the City,2946,OK,C:\Users\COB\Downloads\competitor\scraped_texts\PT_of_The_City_Flatbush.txt
PT of The City — Midtown Manhattan,ptofthecity.com,LIVE,https://ptofthecity.com,https://ptofthecity.com,Top-Rated Physical Therapy NYC | 30+ Clinics | PT of the City,2946,OK,C:\Users\COB\Downloads\competitor\scraped_texts\PT_of_The_City_Midtown_Manhattan.txt
Advance Physical Therapy of New York,advancedptny.com,LIVE,https://advancedptny.com,https://advancedptny.com,Advanced Physical Therapy of New York - Expert Care for Pain Relief,367,OK,C:\Users\COB\Downloads\competitor\scraped_texts\Advance_Physical_Therapy_of_New_York.txt
Integrated Rehab and Physical Therapy PC,integratedrehabandphysicaltherapy.com,,https://integratedrehabandphysicaltherapy.com/,https://integratedrehabandphysicaltherapy.com/,Integrated Rehab and Physical Therapy P.C.,1158,OK,C:\Users\COB\Downloads\competitor\scraped_texts\Integrated_Rehab_and_Physical_Therapy_PC.txt
Feel Good Physical Therapy,feelgoodphysicaltherapy.com,LIVE,http://www.feelgoodphysicaltherapy.com,http://www.feelgoodphysicaltherapy.com,"Physical Therapist in Brooklyn, NY | Feel Good Physical Therapy",1042,OK,C:\Users\COB\Downloads\competitor\scraped_texts\Feel_Good_Physical_Therapy.txt
Rusk Rehabilitation at Sunset Park Family Health Center (NYU Langone),nyulangone.org,,,https://nyulangone.org,Patient Care at NYU Langone Health,1720,OK,C:\Users\COB\Downloads\competitor\scraped_texts\Rusk_Rehabilitation_at_Sunset_Park_Family_Health_Center_NYU_Langone.txt
Chung Ying Physical Therapy & Acupuncture,,,,,,0,SKIPPED_NO_URL,C:\Users\COB\Downloads\competitor\scraped_texts\Chung_Ying_Physical_Therapy_Acupuncture.txt
NY Bone & Joint - All Sports Physical Therapy,nyboneandjoint.com,,https://nyboneandjoint.com/,https://nyboneandjoint.com/,Best Orthopedic Surgeons in NYC | NY Bone & Joint,1796,OK,C:\Users\COB\Downloads\competitor\scraped_texts\NY_Bone_Joint_-_All_Sports_Physical_Therapy.txt
Recovery Physical Therapy - UES,recoverypt.com,,,https://recoverypt.com,Recovery Physical Therapy | Expert Pain Relief & Rehab Care,2874,OK,C:\Users\COB\Downloads\competitor\scraped_texts\Recovery_Physical_Therapy_-_UES.txt
In Touch NYC Physical Therapy - UES,itnycpt.com,LIVE,https://www.itnycpt.com,https://www.itnycpt.com,Home - In Touch NYC Physical Therapy,5781,OK,C:\Users\COB\Downloads\competitor\scraped_texts\In_Touch_NYC_Physical_Therapy_-_UES.txt
Zion Physical Therapy - UES,zionpt.com,,https://www.zionpt.com/ues,https://www.zionpt.com/ues,Upper East Side | Zion PhysicalTherapy,7838,OK,C:\Users\COB\Downloads\competitor\scraped_texts\Zion_Physical_Therapy_-_UES.txt
Gramercy Physical Therapy,gptny.com,,https://gptny.com/,https://gptny.com/,Physical Therapy Gramercy Park NYC,2242,OK,C:\Users\COB\Downloads\competitor\scraped_texts\Gramercy_Physical_Therapy.txt
ESR / Upper East Side Physical Therapy,eastsidept.com,,https://eastsidept.com/,https://eastsidept.com/,Home - Upper East Side Physical Therapy,2984,OK,C:\Users\COB\Downloads\competitor\scraped_texts\ESR_Upper_East_Side_Physical_Therapy.txt
Century Medical and Dental Center - Flatbush PT,centurymedicaldental.com,LIVE,https://www.centurymedicaldental.com/flatbush-brooklyn-ny-11226/,https://www.centurymedicaldental.com/flatbush-brooklyn-ny-11226/,Flatbush Medical Office and Dental Center,3451,OK,C:\Users\COB\Downloads\competitor\scraped_texts\Century_Medical_and_Dental_Center_-_Flatbush_PT.txt
Professional Physical Therapy - Marine Park/Flatbush Ave,professionalpt.com,LIVE,https://www.professionalpt.com/office/marine-park/,https://www.professionalpt.com/office/marine-park/,Professional Physical Therapy Clinic | Brooklyn NY Marine Park,6962,OK,C:\Users\COB\Downloads\competitor\scraped_texts\Professional_Physical_Therapy_-_Marine_ParkFlatbush_Ave.txt
Hands of Hope — Flatbush,handsofhopeny.com,LIVE,https://handsofhopeny.com/physical-therapy-clinic/flatbush-brooklyn-ny/,https://handsofhopeny.com/physical-therapy-clinic/flatbush-brooklyn-ny/,"Physical Therapy & Pain Management Flatbush, NY | Hands of Hope",2401,OK,C:\Users\COB\Downloads\competitor\scraped_texts\Hands_of_Hope_Flatbush.txt
JPM Physical Therapy – Elmhurst,jpmphysicaltherapy.com,LIVE,https://jpmphysicaltherapy.com/,https://jpmphysicaltherapy.com/,"JPM Physical Therapy in Queens, Elmhurst, Ozone Park",1349,OK,C:\Users\COB\Downloads\competitor\scraped_texts\JPM_Physical_Therapy_Elmhurst.txt
Fresh Pond PT – Lefrak City,freshpondpt.com,LIVE,https://freshpondpt.com/locations/elmhurst/,https://freshpondpt.com/locations/elmhurst/,,0,"STEALTH_ERROR: It looks like you are using Playwright Sync API inside the asyncio loop.
Please use the Async API instead.",C:\Users\COB\Downloads\competitor\scraped_texts\Fresh_Pond_PT_Lefrak_City.txt
Energize Physical Therapy,energizept.net,LIVE,https://www.energizept.net/,https://www.energizept.net/,,0,"STEALTH_ERROR: It looks like you are using Playwright Sync API inside the asyncio loop.
Please use the Async API instead.",C:\Users\COB\Downloads\competitor\scraped_texts\Energize_Physical_Therapy.txt
North Coast Physical Therapy & Rehabilitation,,,,,,0,SKIPPED_NO_URL,C:\Users\COB\Downloads\competitor\scraped_texts\North_Coast_Physical_Therapy_Rehabilitation.txt
StarPro Physical & Hand Therapy – W 52nd St,starpropt.com,LIVE,https://starpropt.com/office/w-52nd-street/,https://starpropt.com/office/w-52nd-street/,StarPro Physical & Hand Therapy Clinic | Manhattan West 52nd St,3256,OK,C:\Users\COB\Downloads\competitor\scraped_texts\StarPro_Physical_Hand_Therapy_W_52nd_St.txt
StarPro Physical Therapy – Midtown (E 52nd St),starpropt.com,LIVE,https://starpropt.com/office/midtown/,https://starpropt.com/office/midtown/,StarPro Physical Therapy Clinic | Manhattan Midtown East NYC,3242,OK,C:\Users\COB\Downloads\competitor\scraped_texts\StarPro_Physical_Therapy_Midtown_E_52nd_St.txt
StarPro Physical Therapy – Sutton Place,starpropt.com,LIVE,https://starpropt.com/office/sutton-place/,https://starpropt.com/office/sutton-place/,StarPro Physical Therapy Clinic | Manhattan Sutton Place NYC,2924,OK,C:\Users\COB\Downloads\competitor\scraped_texts\StarPro_Physical_Therapy_Sutton_Place.txt
Corona Physical Therapy,39thavephysicaltherapy.com,LIVE,https://39thavephysicaltherapy.com,https://39thavephysicaltherapy.com,,0,"STEALTH_ERROR: It looks like you are using Playwright Sync API inside the asyncio loop.
Please use the Async API instead.",C:\Users\COB\Downloads\competitor\scraped_texts\Corona_Physical_Therapy.txt
39th Avenue Physical Therapy,39thavephysicaltherapy.com,LIVE,https://39thavephysicaltherapy.com,https://39thavephysicaltherapy.com,,0,"STEALTH_ERROR: It looks like you are using Playwright Sync API inside the asyncio loop.
Please use the Async API instead.",C:\Users\COB\Downloads\competitor\scraped_texts\39th_Avenue_Physical_Therapy.txt
Within Normal Limits Physical Therapy | Corona,withinnormallimitspt.com,LIVE,https://withinnormallimitspt.com,https://withinnormallimitspt.com,,0,"STEALTH_ERROR: It looks like you are using Playwright Sync API inside the asyncio loop.
Please use the Async API instead.",C:\Users\COB\Downloads\competitor\scraped_texts\Within_Normal_Limits_Physical_Therapy_Corona.txt
"Synergy Physical Therapy & Chiropractic, PLLC",coronaqueensptchiro.com,LIVE,https://www.coronaqueensptchiro.com,https://www.coronaqueensptchiro.com,,0,"STEALTH_ERROR: It looks like you are using Playwright Sync API inside the asyncio loop.
Please use the Async API instead.",C:\Users\COB\Downloads\competitor\scraped_texts\Synergy_Physical_Therapy_Chiropractic_PLLC.txt
FACHIROPT CORONA Fulton Ave Chiropractic & Physical Therapy,fachiropt.com,LIVE,https://www.fachiropt.com,https://www.fachiropt.com,Fulton Avenue Chiropractic & Physical Therapy,3020,OK,C:\Users\COB\Downloads\competitor\scraped_texts\FACHIROPT_CORONA_Fulton_Ave_Chiropractic_Physical_Therapy.txt
"Theradynamics Physical & Occupational Therapy - Tribeca, NY",theradynamics.com,LIVE,https://theradynamics.com/locations/,https://theradynamics.com/locations/,Locations | Physical Therapist | Theradynamics,764,OK,C:\Users\COB\Downloads\competitor\scraped_texts\Theradynamics_Physical_Occupational_Therapy_-_Tribeca_NY.txt
StarPro Physical Therapy - City Hall NY,starpropt.com,LIVE,,https://starpropt.com,StarPro Physical Therapy | Challenging Limits to Transform Lives,1169,OK,C:\Users\COB\Downloads\competitor\scraped_texts\StarPro_Physical_Therapy_-_City_Hall_NY.txt
"1st Class Physical Therapy, PC",1stclasspt.com,LIVE,https://www.1stclasspt.com/manhattan-office,https://www.1stclasspt.com/manhattan-office,,0,"STEALTH_ERROR: It looks like you are using Playwright Sync API inside the asyncio loop.
Please use the Async API instead.",C:\Users\COB\Downloads\competitor\scraped_texts\1st_Class_Physical_Therapy_PC.txt
"Theradynamics Physical & Occupational Therapy - Bedford-Stuyvesant, NY",theradynamics.com,LIVE,https://theradynamics.com,https://theradynamics.com,Get Back To Life! with Theradynamics Physical & Occupational Therapy,372,OK,C:\Users\COB\Downloads\competitor\scraped_texts\Theradynamics_Physical_Occupational_Therapy_-_Bedford-Stuyvesant_NY.txt
Hands of Hope — Bedford-Stuyvesant,handsofhopeny.com,LIVE,https://handsofhopeny.com,https://handsofhopeny.com,Comprehensive Physical Therapy in NY & GA - Hands of Hope PT,2984,OK,C:\Users\COB\Downloads\competitor\scraped_texts\Hands_of_Hope_Bedford-Stuyvesant_2.txt
JAG Physical Therapy,jagpt.com,LIVE,https://www.jagpt.com/physical-therapy-clinics/ny/bed-stuy/,https://www.jagpt.com/physical-therapy-clinics/ny/bed-stuy/,,0,"STEALTH_ERROR: It looks like you are using Playwright Sync API inside the asyncio loop.
Please use the Async API instead.",C:\Users\COB\Downloads\competitor\scraped_texts\JAG_Physical_Therapy.txt
Hands of Hope — Crown Heights,handsofhopeny.com,LIVE,https://handsofhopeny.com,https://handsofhopeny.com,Comprehensive Physical Therapy in NY & GA - Hands of Hope PT,2984,OK,C:\Users\COB\Downloads\competitor\scraped_texts\Hands_of_Hope_Crown_Heights_2.txt
"Quantum Physical Therapy & Chiropractic Care, PLLC",quantumchiropt.com,LIVE,https://quantumchiropt.com,https://quantumchiropt.com,New York Physical Therapy and Chiropractor | Quantum Medical,1433,OK,C:\Users\COB\Downloads\competitor\scraped_texts\Quantum_Physical_Therapy_Chiropractic_Care_PLLC.txt
Evolve Physical Therapy & Performance - Upper East Side,evolveptnyc.com,LIVE,https://evolveptnyc.com,https://evolveptnyc.com,Evolve Physical Therapy & Performance,3856,OK,C:\Users\COB\Downloads\competitor\scraped_texts\Evolve_Physical_Therapy_Performance_-_Upper_East_Side.txt
H&D Physical Therapy - Upper East Side,hdphysicaltherapy.com,LIVE,https://www.hdphysicaltherapy.com/,https://www.hdphysicaltherapy.com/,Experienced Physical Therapists in NYC | H&D Physical Therapy,1427,OK,C:\Users\COB\Downloads\competitor\scraped_texts\HD_Physical_Therapy_-_Upper_East_Side.txt
Ivy Rehab — UES,ivyrehab.com,LIVE,https://ivyrehab.com/physical-therapy-location/new-york-upper-east-side/,https://ivyrehab.com/physical-therapy-location/new-york-upper-east-side/,"Physical Therapy in New York, NY | Ivy Rehab",3129,OK,C:\Users\COB\Downloads\competitor\scraped_texts\Ivy_Rehab_UES.txt
ESR Physical Therapy - Upper East Side,eastsidept.com,LIVE,https://eastsidept.com/,https://eastsidept.com/,Home - Upper East Side Physical Therapy,2984,OK,C:\Users\COB\Downloads\competitor\scraped_texts\ESR_Physical_Therapy_-_Upper_East_Side.txt
JAG Physical Therapy,jagpt.com,LIVE,https://www.jagpt.com/physical-therapy-clinics/ny/upper-east-side/,https://www.jagpt.com/physical-therapy-clinics/ny/upper-east-side/,,0,"STEALTH_ERROR: It looks like you are using Playwright Sync API inside the asyncio loop.
Please use the Async API instead.",C:\Users\COB\Downloads\competitor\scraped_texts\JAG_Physical_Therapy_2.txt
Recovery Physical Therapy- Upper East Side,,,,,,0,SKIPPED_NO_URL,C:\Users\COB\Downloads\competitor\scraped_texts\Recovery_Physical_Therapy-_Upper_East_Side.txt
Sheepshead Bay Chiropractic & Physical Therapy & Acupuncture & Podiatry,,NO WEBSITE,,,,0,SKIPPED_NO_URL,C:\Users\COB\Downloads\competitor\scraped_texts\Sheepshead_Bay_Chiropractic_Physical_Therapy_Acupuncture_Podiatry.txt
"Back 2 Shape Physical Therapy & Occupational Therapy, PLLC",,NO WEBSITE,,,,0,SKIPPED_NO_URL,C:\Users\COB\Downloads\competitor\scraped_texts\Back_2_Shape_Physical_Therapy_Occupational_Therapy_PLLC.txt
Advanced Physical Therapy of New York,advancedptny.com,LIVE,https://advancedptny.com,https://advancedptny.com,Advanced Physical Therapy of New York - Expert Care for Pain Relief,367,OK,C:\Users\COB\Downloads\competitor\scraped_texts\Advanced_Physical_Therapy_of_New_York.txt
"American Manual Therapy, Integrated Rehab & Physical Therapy",integratedrehabandphysicaltherapy.com,LIVE,https://integratedrehabandphysicaltherapy.com/,https://integratedrehabandphysicaltherapy.com/,Integrated Rehab and Physical Therapy P.C.,1158,OK,C:\Users\COB\Downloads\competitor\scraped_texts\American_Manual_Therapy_Integrated_Rehab_Physical_Therapy.txt
New York Therapy and Wellness - Physical and Occupational Therapy,nytherapyandwellness.com,LIVE,http://nytherapyandwellness.com/,http://nytherapyandwellness.com/,nytherapyandwellness,244,OK,C:\Users\COB\Downloads\competitor\scraped_texts\New_York_Therapy_and_Wellness_-_Physical_and_Occupational_Therapy.txt
MedBar Greenpoint: Physical Therapy & Chiropractic Care,med-bar.com,LIVE,https://med-bar.com,https://med-bar.com,MedBar Greenpoint,1398,OK,C:\Users\COB\Downloads\competitor\scraped_texts\MedBar_Greenpoint_Physical_Therapy_Chiropractic_Care.txt
JAG Physical Therapy,jagpt.com,LIVE,https://www.jagpt.com/physical-therapy-clinics/ny/greenpoint/,https://www.jagpt.com/physical-therapy-clinics/ny/greenpoint/,,0,"STEALTH_ERROR: It looks like you are using Playwright Sync API inside the asyncio loop.
Please use the Async API instead.",C:\Users\COB\Downloads\competitor\scraped_texts\JAG_Physical_Therapy_3.txt
Allcare Physical Therapy Brooklyn,allcarept.com,LIVE,https://allcarept.com,https://allcarept.com,Physical Therapy Brooklyn NY | Allcare Physical Therapy Clinic,2650,OK,C:\Users\COB\Downloads\competitor\scraped_texts\Allcare_Physical_Therapy_Brooklyn.txt
Peak Physical Therapy of Brooklyn,peakphysicaltherapyofbrooklyn.com,LIVE,https://peakphysicaltherapyofbrooklyn.com/,https://peakphysicaltherapyofbrooklyn.com/,,0,"STEALTH_ERROR: It looks like you are using Playwright Sync API inside the asyncio loop.
Please use the Async API instead.",C:\Users\COB\Downloads\competitor\scraped_texts\Peak_Physical_Therapy_of_Brooklyn.txt
Wellness Care Physical Therapy,,,,,,0,SKIPPED_NO_URL,C:\Users\COB\Downloads\competitor\scraped_texts\Wellness_Care_Physical_Therapy.txt
"Remsen Ave P.T, P.C",remsenptpc.com,,https://www.remsenptpc.com/,https://www.remsenptpc.com/,"Remsen Ave P.T P.C | Physical therapy | 5205 Church Avenue, Brooklyn, NY, USA",3072,OK,C:\Users\COB\Downloads\competitor\scraped_texts\Remsen_Ave_PT_PC.txt
Physical Medicine & Rehabilitation Of Ny P.C.,pmrofny.com,,https://www.pmrofny.com/home/drkalter/,https://www.pmrofny.com/home/drkalter/,Kalter Physical Medicine & Rehabilitation,436,OK,C:\Users\COB\Downloads\competitor\scraped_texts\Physical_Medicine_Rehabilitation_Of_Ny_PC.txt
Uptown Rehabilitation PT,,,,,,0,SKIPPED_NO_URL,C:\Users\COB\Downloads\competitor\scraped_texts\Uptown_Rehabilitation_PT.txt
Theradynamics — Harlem (St Nicholas),theradynamics.com,LIVE,,https://theradynamics.com,Get Back To Life! with Theradynamics Physical & Occupational Therapy,372,OK,C:\Users\COB\Downloads\competitor\scraped_texts\Theradynamics_Harlem_St_Nicholas.txt
"Theradynamics Physical & Occupational Therapy - Harlem, NY",theradynamics.com,LIVE,,https://theradynamics.com,Get Back To Life! with Theradynamics Physical & Occupational Therapy,372,OK,C:\Users\COB\Downloads\competitor\scraped_texts\Theradynamics_Physical_Occupational_Therapy_-_Harlem_NY.txt
Excellence Rehab Powered By Theradynamics Physical & Occupational Therapy,theradynamics.com,LIVE,,https://theradynamics.com,Get Back To Life! with Theradynamics Physical & Occupational Therapy,372,OK,C:\Users\COB\Downloads\competitor\scraped_texts\Excellence_Rehab_Powered_By_Theradynamics_Physical_Occupational_Therapy.txt
"Theradynamics Physical & Occupational Therapy - East Harlem, NY",theradynamics.com,LIVE,,https://theradynamics.com,Get Back To Life! with Theradynamics Physical & Occupational Therapy,372,OK,C:\Users\COB\Downloads\competitor\scraped_texts\Theradynamics_Physical_Occupational_Therapy_-_East_Harlem_NY.txt
"Theradynamics Physical & Occupational Therapy - Hamilton Heights, NY",theradynamics.com,LIVE,https://theradynamics.com,https://theradynamics.com,Get Back To Life! with Theradynamics Physical & Occupational Therapy,372,OK,C:\Users\COB\Downloads\competitor\scraped_texts\Theradynamics_Physical_Occupational_Therapy_-_Hamilton_Heights_NY.txt
Jamaica Physical Therapy and Occupational Therapy PLLC,jamaicaphysicaltherapy.com,LIVE,https://jamaicaphysicaltherapy.com,https://jamaicaphysicaltherapy.com,Home,154,OK,C:\Users\COB\Downloads\competitor\scraped_texts\Jamaica_Physical_Therapy_and_Occupational_Therapy_PLLC.txt
Hollis Physical Therapy PC,,,,,,0,SKIPPED_NO_URL,C:\Users\COB\Downloads\competitor\scraped_texts\Hollis_Physical_Therapy_PC.txt
All Hands On Physical Therapy,allhandsonphysicaltherapy.com,NO WEBSITE,https://allhandsonphysicaltherapy.com,,,0,SKIPPED_NO_URL,C:\Users\COB\Downloads\competitor\scraped_texts\All_Hands_On_Physical_Therapy.txt
Lenox Hill Massage and Physical Therapy,lenoxhillpt.com,,https://www.lenoxhillpt.com/,https://www.lenoxhillpt.com/,,0,"STEALTH_ERROR: It looks like you are using Playwright Sync API inside the asyncio loop.
Please use the Async API instead.",C:\Users\COB\Downloads\competitor\scraped_texts\Lenox_Hill_Massage_and_Physical_Therapy.txt
Core Strength NYC,corestrengthnyc.com,,https://www.corestrengthnyc.com/,https://www.corestrengthnyc.com/,,0,"STEALTH_ERROR: It looks like you are using Playwright Sync API inside the asyncio loop.
Please use the Async API instead.",C:\Users\COB\Downloads\competitor\scraped_texts\Core_Strength_NYC.txt
Nicholas Institute of Sports Medicine and Athletic Trauma (NISMAT),nismat.org,,https://nismat.org/,https://nismat.org/,The Nicholas Institute of Sports Medicine and Athletic Trauma – NISMAT offers comprehensive sports medicine references and information for practitioners and athletes of all levels,1071,OK,C:\Users\COB\Downloads\competitor\scraped_texts\Nicholas_Institute_of_Sports_Medicine_and_Athletic_Trauma_NISMAT.txt
Back Into Balance Physical Therapy,backintobalancept.com,,https://www.backintobalancept.com/,https://www.backintobalancept.com/,,0,"STEALTH_ERROR: It looks like you are using Playwright Sync API inside the asyncio loop.
Please use the Async API instead.",C:\Users\COB\Downloads\competitor\scraped_texts\Back_Into_Balance_Physical_Therapy_2.txt
Cynergy Physical Therapy - Chelsea,cynergypt.com,LIVE,https://www.cynergypt.com/,https://www.cynergypt.com/,Cynergy Physical Therapy – Physical and Occupational Therapy in New York City,21743,OK,C:\Users\COB\Downloads\competitor\scraped_texts\Cynergy_Physical_Therapy_-_Chelsea.txt
Optum Physical Therapy - Chelsea,optum.com,LIVE,https://optum.com,https://optum.com,"Optum - All Your Health Needs, All in One Place",1118,OK,C:\Users\COB\Downloads\competitor\scraped_texts\Optum_Physical_Therapy_-_Chelsea.txt
Get On Physical Therapy,getonpt.com,,https://www.getonpt.com/,https://www.getonpt.com/,Partner Hub,0,OK,C:\Users\COB\Downloads\competitor\scraped_texts\Get_On_Physical_Therapy.txt
StarPro Physical and Hand Therapy - Chelsea NY,starpropt.com,LIVE,,https://starpropt.com,StarPro Physical Therapy | Challenging Limits to Transform Lives,1169,OK,C:\Users\COB\Downloads\competitor\scraped_texts\StarPro_Physical_and_Hand_Therapy_-_Chelsea_NY.txt
Yeah health and wellness (physical therapy and acupuncture),,,,,,0,SKIPPED_NO_URL,C:\Users\COB\Downloads\competitor\scraped_texts\Yeah_health_and_wellness_physical_therapy_and_acupuncture.txt
Prestige Health and Wellness - Chelsea,prestigehealthwellness.com,,https://www.prestigehealthwellness.com/locations/chelsea/,https://www.prestigehealthwellness.com/locations/chelsea/,Prestige Health and Wellness Chelsea | Chiropractors NYC,6400,OK,C:\Users\COB\Downloads\competitor\scraped_texts\Prestige_Health_and_Wellness_-_Chelsea.txt
Ivy Rehab HSS Physical Therapy Center of Excellence,ivyrehab.com,LIVE,https://ivyrehab.com,https://ivyrehab.com,Ivy Rehab | Comprehensive Network of Physical Therapy Clinics,2454,OK,C:\Users\COB\Downloads\competitor\scraped_texts\Ivy_Rehab_HSS_Physical_Therapy_Center_of_Excellence.txt
MOTION Sports Medicine - Brooklyn Heights,motionptg.com,LIVE,https://motionptg.com,https://motionptg.com,"Physical, Occupational, & Speech Therapy - MOTION",2219,OK,C:\Users\COB\Downloads\competitor\scraped_texts\MOTION_Sports_Medicine_-_Brooklyn_Heights.txt
Hands-On Physical Therapy - Astoria,handsonpt.org,LIVE,https://handsonpt.org,https://handsonpt.org,Hands-On Physical Therapy Clinic in Astoria NY,3164,OK,C:\Users\COB\Downloads\competitor\scraped_texts\Hands-On_Physical_Therapy_-_Astoria.txt
Hands of Hope — Astoria,handsofhopeny.com,LIVE,,https://handsofhopeny.com,Comprehensive Physical Therapy in NY & GA - Hands of Hope PT,2984,OK,C:\Users\COB\Downloads\competitor\scraped_texts\Hands_of_Hope_Astoria.txt
Northwell STARS Rehabilitation at Astoria,,LIVE,,,,0,SKIPPED_NO_URL,C:\Users\COB\Downloads\competitor\scraped_texts\Northwell_STARS_Rehabilitation_at_Astoria.txt
Astoria Physical Therapy Rehabilitation,,,,,,0,SKIPPED_NO_URL,C:\Users\COB\Downloads\competitor\scraped_texts\Astoria_Physical_Therapy_Rehabilitation.txt
Polaris Physical Therapy PLLC (Astoria),polarisphysicaltherapy.com,LIVE,https://polarisphysicaltherapy.com,https://polarisphysicaltherapy.com,Polaris-Physical-Therapy,2239,OK,C:\Users\COB\Downloads\competitor\scraped_texts\Polaris_Physical_Therapy_PLLC_Astoria.txt
MOTION Sports Medicine | Astoria - Crescent,motionptg.com,LIVE,,https://motionptg.com,"Physical, Occupational, & Speech Therapy - MOTION",2219,OK,C:\Users\COB\Downloads\competitor\scraped_texts\MOTION_Sports_Medicine_Astoria_-_Crescent.txt
JAG Physical Therapy,jagpt.com,LIVE,,https://jagpt.com,,0,"STEALTH_ERROR: It looks like you are using Playwright Sync API inside the asyncio loop.
Please use the Async API instead.",C:\Users\COB\Downloads\competitor\scraped_texts\JAG_Physical_Therapy_4.txt
StarPro Physical and Hand Therapy - West 52nd St. NY,starpropt.com,LIVE,,https://starpropt.com,StarPro Physical Therapy | Challenging Limits to Transform Lives,1169,OK,C:\Users\COB\Downloads\competitor\scraped_texts\StarPro_Physical_and_Hand_Therapy_-_West_52nd_St_NY.txt
Peak Dynamics Physical Therapy & Wellness,peakdynamicspt.com,LIVE,https://peakdynamicspt.com,https://peakdynamicspt.com,,0,"STEALTH_ERROR: It looks like you are using Playwright Sync API inside the asyncio loop.
Please use the Async API instead.",C:\Users\COB\Downloads\competitor\scraped_texts\Peak_Dynamics_Physical_Therapy_Wellness.txt
43rd St. Physical Medicine & Rehabilitation,,,,,,0,SKIPPED_NO_URL,C:\Users\COB\Downloads\competitor\scraped_texts\43rd_St_Physical_Medicine_Rehabilitation.txt
"Century Medical Physical Therapy | Manhattan, Midtown",,,,,,0,SKIPPED_NO_URL,C:\Users\COB\Downloads\competitor\scraped_texts\Century_Medical_Physical_Therapy_Manhattan_Midtown.txt
Health SOS Physical and Occupational Therapy,healthsos.com,,https://healthsos.com/,https://healthsos.com/,Home,46,OK,C:\Users\COB\Downloads\competitor\scraped_texts\Health_SOS_Physical_and_Occupational_Therapy.txt
Riverdale Sports Physical Therapy,riverdalesportspt.com,LIVE,https://riverdalesportspt.com,https://riverdalesportspt.com,Riverdale Sports Physical Therapy  – PT in Riverdale NY,1245,OK,C:\Users\COB\Downloads\competitor\scraped_texts\Riverdale_Sports_Physical_Therapy_2.txt
Professional Physical Therapy - North Riverdale NY,professionalpt.com,LIVE,https://professionalpt.com,https://professionalpt.com,Professional Physical Therapy | Challenging Limits to Transform Lives,3603,OK,C:\Users\COB\Downloads\competitor\scraped_texts\Professional_Physical_Therapy_-_North_Riverdale_NY.txt
Rehabilitation Associates of Riverdale Medicine,,,,,,0,SKIPPED_NO_URL,C:\Users\COB\Downloads\competitor\scraped_texts\Rehabilitation_Associates_of_Riverdale_Medicine_2.txt
Theradynamics — Riverdale,theradynamics.com,LIVE,https://theradynamics.com,https://theradynamics.com,Get Back To Life! with Theradynamics Physical & Occupational Therapy,372,OK,C:\Users\COB\Downloads\competitor\scraped_texts\Theradynamics_Riverdale_2.txt
"Theradynamics Physical & Occupational Therapy - Norwood, NY",theradynamics.com,LIVE,,https://theradynamics.com,Get Back To Life! with Theradynamics Physical & Occupational Therapy,372,OK,C:\Users\COB\Downloads\competitor\scraped_texts\Theradynamics_Physical_Occupational_Therapy_-_Norwood_NY.txt
Pelham Physical Medicine Inc,pelhampm.com,,https://www.pelhampm.com/,https://www.pelhampm.com/,,0,"STEALTH_ERROR: It looks like you are using Playwright Sync API inside the asyncio loop.
Please use the Async API instead.",C:\Users\COB\Downloads\competitor\scraped_texts\Pelham_Physical_Medicine_Inc.txt
Hands-On Physical Therapy - Allerton,handsonpt.org,LIVE,https://handsonpt.org,https://handsonpt.org,Hands-On Physical Therapy Clinic in Astoria NY,3164,OK,C:\Users\COB\Downloads\competitor\scraped_texts\Hands-On_Physical_Therapy_-_Allerton.txt
"Theradynamics Physical & Occupational Therapy - Bronx, NY",theradynamics.com,LIVE,https://theradynamics.com,https://theradynamics.com,Get Back To Life! with Theradynamics Physical & Occupational Therapy,372,OK,C:\Users\COB\Downloads\competitor\scraped_texts\Theradynamics_Physical_Occupational_Therapy_-_Bronx_NY.txt
Pro Form PT — University Ave (Bronx),proformphysicaltherapypc.com,LIVE,https://proformphysicaltherapypc.com,https://proformphysicaltherapypc.com,Physical Therapy | Pro Form Physical therapy P.C. | United States,3335,OK,C:\Users\COB\Downloads\competitor\scraped_texts\Pro_Form_PT_University_Ave_Bronx_2.txt
NYC Physical Therapy,nycptherapy.com,,https://www.nycptherapy.com/,https://www.nycptherapy.com/,,0,"STEALTH_ERROR: It looks like you are using Playwright Sync API inside the asyncio loop.
Please use the Async API instead.",C:\Users\COB\Downloads\competitor\scraped_texts\NYC_Physical_Therapy.txt
GB Physical Therapy PC,,,,,,0,SKIPPED_NO_URL,C:\Users\COB\Downloads\competitor\scraped_texts\GB_Physical_Therapy_PC.txt
"Holsman Physical Therapy Home Therapy PT LLC - Bronx, NY",holsmanpt.com,,https://www.holsmanpt.com/,https://www.holsmanpt.com/,,0,"STEALTH_ERROR: It looks like you are using Playwright Sync API inside the asyncio loop.
Please use the Async API instead.",C:\Users\COB\Downloads\competitor\scraped_texts\Holsman_Physical_Therapy_Home_Therapy_PT_LLC_-_Bronx_NY.txt
OM Physical Therapy,omptny.com,,https://www.omptny.com/,https://www.omptny.com/,Orthopedic Movement Physical Therapy | counterstrain new york,2661,OK,C:\Users\COB\Downloads\competitor\scraped_texts\OM_Physical_Therapy.txt
Bronx Physical Therapy And Rehabilitation,bxptrehab.com,NO WEBSITE,https://bxptrehab.com,,,0,SKIPPED_NO_URL,C:\Users\COB\Downloads\competitor\scraped_texts\Bronx_Physical_Therapy_And_Rehabilitation.txt
MOTION Sports Medicine - Hutchinson Metro Center,motionptg.com,LIVE,,https://motionptg.com,"Physical, Occupational, & Speech Therapy - MOTION",2219,OK,C:\Users\COB\Downloads\competitor\scraped_texts\MOTION_Sports_Medicine_-_Hutchinson_Metro_Center.txt
Hands of Hope — Clinton Hill,handsofhopeny.com,LIVE,,https://handsofhopeny.com,Comprehensive Physical Therapy in NY & GA - Hands of Hope PT,2984,OK,C:\Users\COB\Downloads\competitor\scraped_texts\Hands_of_Hope_Clinton_Hill.txt
"Good Reps Physical Therapy, PC",goodrepspt.com,,https://www.goodrepspt.com/,https://www.goodrepspt.com/,Good Reps Physical Therapy | Brooklyn,347,OK,C:\Users\COB\Downloads\competitor\scraped_texts\Good_Reps_Physical_Therapy_PC.txt
Theradynamics PT — Inwood,theradynamics.com,LIVE,https://theradynamics.com,https://theradynamics.com,Get Back To Life! with Theradynamics Physical & Occupational Therapy,372,OK,C:\Users\COB\Downloads\competitor\scraped_texts\Theradynamics_PT_Inwood_2.txt
High Level Care Community Physical Therapy Rehab PT PC,highlevelcarept.com,LIVE,https://highlevelcarept.com,https://highlevelcarept.com,,0,"STEALTH_ERROR: It looks like you are using Playwright Sync API inside the asyncio loop.
Please use the Async API instead.",C:\Users\COB\Downloads\competitor\scraped_texts\High_Level_Care_Community_Physical_Therapy_Rehab_PT_PC.txt
Lawrence Shapiro Pt,,,,,,0,SKIPPED_NO_URL,C:\Users\COB\Downloads\competitor\scraped_texts\Lawrence_Shapiro_Pt.txt
Hands on Rehabilitation Center,,,,,,0,SKIPPED_NO_URL,C:\Users\COB\Downloads\competitor\scraped_texts\Hands_on_Rehabilitation_Center.txt
Quantum PT — Inwood,,,,,,0,SKIPPED_NO_URL,C:\Users\COB\Downloads\competitor\scraped_texts\Quantum_PT_Inwood_2.txt
Therapycare Physical therapy,,,,,,0,SKIPPED_NO_URL,C:\Users\COB\Downloads\competitor\scraped_texts\Therapycare_Physical_therapy.txt
Professional Physical Therapy - Marine Park NY,professionalpt.com,LIVE,,https://professionalpt.com,Professional Physical Therapy | Challenging Limits to Transform Lives,3603,OK,C:\Users\COB\Downloads\competitor\scraped_texts\Professional_Physical_Therapy_-_Marine_Park_NY.txt
Ivy Rehab — Ditmas Park,ivyrehab.com,LIVE,,https://ivyrehab.com,Ivy Rehab | Comprehensive Network of Physical Therapy Clinics,2454,OK,C:\Users\COB\Downloads\competitor\scraped_texts\Ivy_Rehab_Ditmas_Park.txt
Hands of Hope — Flatbush,handsofhopeny.com,LIVE,https://handsofhopeny.com/physical-therapy-clinic/flatbush-brooklyn-ny/,https://handsofhopeny.com/physical-therapy-clinic/flatbush-brooklyn-ny/,"Physical Therapy & Pain Management Flatbush, NY | Hands of Hope",2403,OK,C:\Users\COB\Downloads\competitor\scraped_texts\Hands_of_Hope_Flatbush_2.txt
NJS Physical Medicine,,,,,,0,SKIPPED_NO_URL,C:\Users\COB\Downloads\competitor\scraped_texts\NJS_Physical_Medicine.txt
MOTION Sports Medicine - Ditmas Park,motionptg.com,LIVE,,https://motionptg.com,"Physical, Occupational, & Speech Therapy - MOTION",2219,OK,C:\Users\COB\Downloads\competitor\scraped_texts\MOTION_Sports_Medicine_-_Ditmas_Park.txt
JAG Physical Therapy,jagpt.com,LIVE,,https://jagpt.com,,0,"STEALTH_ERROR: It looks like you are using Playwright Sync API inside the asyncio loop.
Please use the Async API instead.",C:\Users\COB\Downloads\competitor\scraped_texts\JAG_Physical_Therapy_5.txt
Park Sports Physical Therapy,parksportspt.com,LIVE,https://parksportspt.com/,https://parksportspt.com/,,0,"STEALTH_ERROR: It looks like you are using Playwright Sync API inside the asyncio loop.
Please use the Async API instead.",C:\Users\COB\Downloads\competitor\scraped_texts\Park_Sports_Physical_Therapy_2.txt
The Game Plan Physical Therapy,,,,,,0,SKIPPED_NO_URL,C:\Users\COB\Downloads\competitor\scraped_texts\The_Game_Plan_Physical_Therapy.txt
Mindful Motion Physical Therapy BUSHWICK,mimophysicaltherapy.com,LIVE,https://mimophysicaltherapy.com,https://mimophysicaltherapy.com,Mindful Motion Physical Therapy,1585,OK,C:\Users\COB\Downloads\competitor\scraped_texts\Mindful_Motion_Physical_Therapy_BUSHWICK.txt
Polaris Physical Therapy PLLC (Bushwick),polarisphysicaltherapy.com,LIVE,https://polarisphysicaltherapy.com,https://polarisphysicaltherapy.com,Polaris-Physical-Therapy,2239,OK,C:\Users\COB\Downloads\competitor\scraped_texts\Polaris_Physical_Therapy_PLLC_Bushwick.txt
Fresh Pond Physical Therapy - Wyckoff,freshpondpt.com,LIVE,,https://freshpondpt.com,,0,"STEALTH_ERROR: It looks like you are using Playwright Sync API inside the asyncio loop.
Please use the Async API instead.",C:\Users\COB\Downloads\competitor\scraped_texts\Fresh_Pond_Physical_Therapy_-_Wyckoff.txt
REDCORE Physical Therapy + Wellness,redcorept.com,,https://redcorept.com/,https://redcorept.com/,"Physical Therapy in Ridgewood, Brooklyn & Bronx | RedCore PT",4745,OK,C:\Users\COB\Downloads\competitor\scraped_texts\REDCORE_Physical_Therapy_Wellness.txt
"Theradynamics Physical & Occupational Therapy - Longwood, NY",theradynamics.com,LIVE,,https://theradynamics.com,Get Back To Life! with Theradynamics Physical & Occupational Therapy,372,OK,C:\Users\COB\Downloads\competitor\scraped_texts\Theradynamics_Physical_Occupational_Therapy_-_Longwood_NY.txt
Revival Physical Therapy,,,,,,0,SKIPPED_NO_URL,C:\Users\COB\Downloads\competitor\scraped_texts\Revival_Physical_Therapy.txt
Optimum Health Physical Therapy,ohpt.org,LIVE,https://ohpt.org,https://ohpt.org,"Optimum Health Physical Therapy in Brooklyn, NY | Personalized Care",2353,OK,C:\Users\COB\Downloads\competitor\scraped_texts\Optimum_Health_Physical_Therapy.txt
Sarrica Physical Therapy & Wellness,sarricapt.com,LIVE,https://sarricapt.com,https://sarricapt.com,Best Physical Therapy Doctors in NYC  Brooklyn | Bay Ridge Acupuncture | Massage Therapy,8065,OK,C:\Users\COB\Downloads\competitor\scraped_texts\Sarrica_Physical_Therapy_Wellness.txt
"Phoenix Physical Therapy Rehabilitation, PLLC",phoenixphysicaltherapyrehab.com,LIVE,https://phoenixphysicaltherapyrehab.com,https://phoenixphysicaltherapyrehab.com,NY Physical Therapy Clinic | Phoenix Physical Therapy Rehab,2567,OK,C:\Users\COB\Downloads\competitor\scraped_texts\Phoenix_Physical_Therapy_Rehabilitation_PLLC.txt
FYZICAL Therapy & Balance Centers - Bay Ridge,fyzical.com/bay-ridge-ny,LIVE,https://fyzical.com/bay-ridge-ny,https://fyzical.com/bay-ridge-ny,,0,"STEALTH_ERROR: It looks like you are using Playwright Sync API inside the asyncio loop.
Please use the Async API instead.",C:\Users\COB\Downloads\competitor\scraped_texts\FYZICAL_Therapy_Balance_Centers_-_Bay_Ridge.txt
Physical Therapy & Balance center - 85th St,,,,,,0,SKIPPED_NO_URL,C:\Users\COB\Downloads\competitor\scraped_texts\Physical_Therapy_Balance_center_-_85th_St.txt
FYZICAL Therapy & Balance Centers,fyzical.com,LIVE,https://fyzical.com,https://fyzical.com,,0,"STEALTH_ERROR: It looks like you are using Playwright Sync API inside the asyncio loop.
Please use the Async API instead.",C:\Users\COB\Downloads\competitor\scraped_texts\FYZICAL_Therapy_Balance_Centers.txt
Bay Ridge Physical Medicine and Rehabilitation Center,,,,,,0,SKIPPED_NO_URL,C:\Users\COB\Downloads\competitor\scraped_texts\Bay_Ridge_Physical_Medicine_and_Rehabilitation_Center.txt
ProKinetics Physical Therapy,prokineticspt.com,LIVE,https://prokineticspt.com,https://prokineticspt.com,"Premier Physical Therapy Clinic Brooklyn, NY - ProKinetics",663,OK,C:\Users\COB\Downloads\competitor\scraped_texts\ProKinetics_Physical_Therapy.txt
Quality Care Physical Therapy and Acupuncture Care PLLC,qcptac.com,LIVE,https://qcptac.com,https://qcptac.com,Quality Care,1596,OK,C:\Users\COB\Downloads\competitor\scraped_texts\Quality_Care_Physical_Therapy_and_Acupuncture_Care_PLLC.txt
"Vladislav Rudner, PT",,,,,,0,SKIPPED_NO_URL,C:\Users\COB\Downloads\competitor\scraped_texts\Vladislav_Rudner_PT.txt
Dr. Han Physical Therapy & Acupuncture P.C.,,,,,,0,SKIPPED_NO_URL,C:\Users\COB\Downloads\competitor\scraped_texts\Dr_Han_Physical_Therapy_Acupuncture_PC.txt
Action Care Physical Therapy PC,,,,,,0,SKIPPED_NO_URL,C:\Users\COB\Downloads\competitor\scraped_texts\Action_Care_Physical_Therapy_PC.txt
Grand Concourse Physical Therapy 3224,,,,,,0,SKIPPED_NO_URL,C:\Users\COB\Downloads\competitor\scraped_texts\Grand_Concourse_Physical_Therapy_3224.txt
Quality Care Physical Therapy and Occupational Therapy,,,,,,0,SKIPPED_NO_URL,C:\Users\COB\Downloads\competitor\scraped_texts\Quality_Care_Physical_Therapy_and_Occupational_Therapy.txt
Mission One Physical and Occupational Therapy,,,,,,0,SKIPPED_NO_URL,C:\Users\COB\Downloads\competitor\scraped_texts\Mission_One_Physical_and_Occupational_Therapy.txt
Manhattan Sports & Manual Physical Therapy,,,,,,0,SKIPPED_NO_URL,C:\Users\COB\Downloads\competitor\scraped_texts\Manhattan_Sports_Manual_Physical_Therapy.txt
"ActiveCare Physical Therapy, PC at Best Physical Therapist NYC",,,,,,0,SKIPPED_NO_URL,C:\Users\COB\Downloads\competitor\scraped_texts\ActiveCare_Physical_Therapy_PC_at_Best_Physical_Therapist_NYC.txt
Midtown East Physical Therapy,,,,,,0,SKIPPED_NO_URL,C:\Users\COB\Downloads\competitor\scraped_texts\Midtown_East_Physical_Therapy.txt
Touch Of Life Physical Therapy and Acupuncture,,,,,,0,SKIPPED_NO_URL,C:\Users\COB\Downloads\competitor\scraped_texts\Touch_Of_Life_Physical_Therapy_and_Acupuncture.txt
Center Point Physical Therapy – Midtown,,,,,,0,SKIPPED_NO_URL,C:\Users\COB\Downloads\competitor\scraped_texts\Center_Point_Physical_Therapy_Midtown.txt
NYC HOME REHAB PHYSICAL THERAPY PLLC,,,,,,0,SKIPPED_NO_URL,C:\Users\COB\Downloads\competitor\scraped_texts\NYC_HOME_REHAB_PHYSICAL_THERAPY_PLLC.txt
Active Physical Therapy & Chiropractic Group,,,,,,0,SKIPPED_NO_URL,C:\Users\COB\Downloads\competitor\scraped_texts\Active_Physical_Therapy_Chiropractic_Group.txt
"Integrative Physical Therapy of NYC, P.C.",,,,,,0,SKIPPED_NO_URL,C:\Users\COB\Downloads\competitor\scraped_texts\Integrative_Physical_Therapy_of_NYC_PC.txt
