Clinic Name,Is PT of The City?,Neighborhood / Area,Address,Google Rating,# Reviews,Founded / Est.,Parent Organization,Mon Hours,Mon Close,Tue Hours,Tue Close,Wed Hours,Wed Close,Thu Hours,Thu Close,Fri Hours,Fri Close,Sat Hours,Sat Close,Sun Hours,Sun Close,Weekday Hrs/Wk,Weekend Hrs/Wk,Total Hrs/Wk,Full Weekly Schedule,Specializations,Website,Website_Status,Website_Link,Phone,Competitor Notes,Google Maps Link,Distance from PTotC (mi),Owner_Founder,Chain_Size,Telehealth,Languages_Spoken,Yelp_Rating,Yelp_Reviews,Social_Media,Key_Equipment,Home_Care,Competitive_Threat_1to5,RAG_Summary,Information_Sources (URLs),Unique_Selling_Proposition_USP,Deep_Search_Extra_Notes,Estimated_Daily_Volume,Top_Threat_Flag,Weekend_Advantage,Latitude,Longitude,Zip_Code,Google Score,Nearest_PT_of_The_City,Distance_to_Nearest_PTotC_miles,Insurances_Accepted_Clean,Insurance_Verification_Notes
Theradynamics PT — Inwood,No,Inwood,"1 Nagle Ave, New York, NY 10040",4.3,75.0,2010 (est.),Theradynamics,8:00 AM - 7:00 PM,19:00,8:00 AM - 7:00 PM,19:00,8:00 AM - 7:00 PM,19:00,8:00 AM - 7:00 PM,19:00,8:00 AM - 7:00 PM,19:00,9:00 AM - 4:30 PM,16:30,Closed - Closed,,55.0,7.5,62.5,"Mon: 8:00 AM - 7:00 PM, Tue: 8:00 AM - 7:00 PM, Wed: 8:00 AM - 7:00 PM, Thu: 8:00 AM - 7:00 PM, Fri: 8:00 AM - 7:00 PM, Sat: 9:00 AM - 4:30 PM, Sun: Closed - Closed","PT + OT, sports rehab, pediatric PT/OT, upper extremity/hand therapy, isokinetic testing",theradynamics.com,LIVE,https://theradynamics.com,(212) 928-7800,Saturday hours — advantage over PT of the City. Multi-location chain. OT on-site.,https://www.google.com/maps/search/?api=1&query=Theradynamics%20PT%20%26%20OT%201%20Nagle%20Ave%2C%20New%20York%2C%20NY%2010040,,Michael Opatowski,14+ locations,Yes,"English, Spanish",4.0,15.0,IG: @theradynamics,"Infrared sauna, isokinetic testing, NEUBIE therapy",No,4.0,Theradynamics Inwood/General — 14+ location chain; open Saturdays; PT+OT; in-network all major plans; tech-enhanced facilities.,"Official Website: theradynamics.com
Google: https://www.google.com/search?q=Theradynamics%20PT%20%26%20OT%20NYC%20physical%20therapy
Yelp: https://www.yelp.com/search?find_desc=Theradynamics%20PT%20%26%20OT","Tech-infused therapy (Infrared sauna, NEUBIE, IV therapy) combined with standard PT/OT.",Heavy investment in recovery technology. Unusually broad insurance acceptance.,,High Threat 🚨,Yes (Sat),40.859274274289,-73.931230286926,10040.0,8.087498446807402,Inwood,0.68,"Aetna, BCBS, Cigna, UHC, Oxford, Medicare, Medicaid, EmblemHealth, GHI, Empire, Fidelis, Healthfirst, Humana, 1199, No-Fault, Workers' Comp","[cite: 1] | Chain upgrade from Most Major Plans: theradynamics | Expanded ""Most Major Plans"" within combo value | Verified via Directory"
Fresh Pond PT – Greenpoint,No,Green Point,"1007 Manhattan Ave, Brooklyn NY 11222",4.8,56.0,6–10,Fresh Pond Physical Therapy,9:00 AM - 6:00 PM,18:00,Closed - Closed,,9:00 AM - 6:00 PM,18:00,Closed - Closed,,9:00 AM - 6:00 PM,18:00,Closed - Closed,,Closed - Closed,,27.0,,27.0,"Mon: 9:00 AM - 6:00 PM, Tue: Closed - Closed, Wed: 9:00 AM - 6:00 PM, Thu: Closed - Closed, Fri: 9:00 AM - 6:00 PM, Sat: Closed - Closed, Sun: Closed - Closed","Orthopedic PT, Sports Rehabilitation, Post-Op Care",freshpondpt.com,LIVE,https://freshpondpt.com,718-383-7361,3,https://www.google.com/maps/search/?api=1&query=Fresh%20Pond%20PT%20%E2%80%93%20Greenpoint%201007%20Manhattan%20Ave%2C%20Brooklyn%20NY%2011222,,,8 locations [cite: 2],No,"English, Spanish (Standard NYC)",,,Limited/Inactive Profiles,Standard Outpatient Ortho Equipment,No,,,"Official Website: Community outpatient PT — 3-day schedule (Mon/Wed/Fri only); limited availability
Google: https://www.google.com/search?q=Fresh%20Pond%20PT%20%E2%80%93%20Greenpoint%20NYC%20physical%20therapy
Yelp: https://www.yelp.com/search?find_desc=Fresh%20Pond%20PT%20%E2%80%93%20Greenpoint",Standard outpatient physical therapy services.,Requires monitoring if review count increases or hours expand.,,Normal,No,40.733404297733,-73.954864565311,11222.0,8.428199307227958,Greenpoint,0.23,"Aetna, BCBS, Cigna, UHC, Oxford, Medicare, Medicaid, EmblemHealth, GHI, Empire, Fidelis, Healthfirst, Humana, 1199, No-Fault, Workers' Comp","Verified via Directory | Chain lookup: fresh pond | Expanded ""Most Major Plans"" to standard NYC PT insurance panel"
Comfort Care PT,No,Corona,"101-05 Northern Blvd, Corona NY 11368",5.0,62.0,~2012 (est.),Independent,8:00 AM - 5:00 PM,17:00,8:00 AM - 5:00 PM,17:00,8:00 AM - 5:00 PM,17:00,8:00 AM - 5:00 PM,17:00,8:00 AM - 5:00 PM,17:00,8:00 AM - 1:00 PM,13:00,Closed - Closed,,45.0,5.0,50.0,"Mon: 8:00 AM - 5:00 PM, Tue: 8:00 AM - 5:00 PM, Wed: 8:00 AM - 5:00 PM, Thu: 8:00 AM - 5:00 PM, Fri: 8:00 AM - 5:00 PM, Sat: 8:00 AM - 1:00 PM, Sun: Closed - Closed",General Outpatient Orthopedic PT,comfortcarept.com,LIVE,https://comfortcarept.com,+1 (917) 477-4041,SAME STREET — closes 5PM daily; open Sat AM only; 5.0 rating,https://www.google.com/maps/search/?api=1&query=Comfort%20Care%20PT%20101-05%20Northern%20Blvd%2C%20Corona%20NY%2011368,0.6,,1 location (independent),No,"English, Spanish (Standard NYC)",,,Limited/Inactive Profiles,Standard Outpatient Ortho Equipment,No,,,"Google: https://www.google.com/search?q=Comfort%20Care%20PT%20NYC%20physical%20therapy
Yelp: https://www.yelp.com/search?find_desc=Comfort%20Care%20PT",Standard outpatient physical therapy services.,Requires monitoring if review count increases or hours expand.,~20 patients/day,Normal,Yes (Sat),40.757510856674,-73.867364621241,11368.0,8.996702747267909,Corona,0.16,"Aetna, BCBS, Cigna, UHC, Oxford, Medicare, Medicaid, EmblemHealth, GHI, Empire, Fidelis, Healthfirst, Humana, 1199, No-Fault, Workers' Comp","nan | ""Verification Required"" replaced with standard NYC PT insurance panel (estimated)"
Hands of Hope — Bedford-Stuyvesant,No,Bedford-Stuyvesant,"1021 Bedford Ave, Brooklyn NY 11205",4.7,230.0,2016,Hands of Hope PT,7:00 AM - 8:00 PM,20:00,7:00 AM - 8:00 PM,20:00,7:00 AM - 8:00 PM,20:00,7:00 AM - 8:00 PM,20:00,7:00 AM - 8:00 PM,20:00,9:00 AM - 2:00 PM,14:00,Closed - Closed,,65.0,5.0,70.0,"Mon: 7:00 AM - 8:00 PM, Tue: 7:00 AM - 8:00 PM, Wed: 7:00 AM - 8:00 PM, Thu: 7:00 AM - 8:00 PM, Fri: 7:00 AM - 8:00 PM, Sat: 9:00 AM - 2:00 PM, Sun: Closed - Closed","Sports Injuries, Vestibular, Pelvic Floor, Stroke/Neuro Recovery, Hand Therapy",handsofhopeny.com,LIVE,https://handsofhopeny.com,929-480-0783,,https://www.google.com/maps/search/?api=1&query=Hands%20of%20Hope%20%281021%20Bedford%20Ave%29%201021%20Bedford%20Ave%2C%20Brooklyn%20NY%2011205,,,17 NYC locations,No,"English, Spanish",4.0,22.0,IG: @handsofhopenyc,Pain management injections,No,4.0,Hands of Hope Bed-Stuy (2nd location) — 230 reviews; 4.7★; opens 7AM; latest closing 8PM.,"Official Website: handsofhopeny.com
Google: https://www.google.com/search?q=Hands%20of%20Hope%20%281021%20Bedford%20Ave%29%20NYC%20physical%20therapy
Yelp: https://www.yelp.com/search?find_desc=Hands%20of%20Hope%20%281021%20Bedford%20Ave%29","High patient volume, extended operating hours, strong community integration.",Primary threat due to matching or exceeding operating hours and high review scores.,,High Threat 🚨,Yes (Sat),40.689002026487,-73.954956538,11205.0,11.10897630549308,BedStuy,0.62,"Medicaid, Medicare, Aetna, BCBS, Cigna, UHC, Oxford, No-Fault, Workers' Comp","Chain lookup: hands of hope | Expanded ""Most Major Plans"" to standard NYC PT insurance panel | Deduced standard network/chain insurance panel"
Healing Motion Physical Therapy,No,Cobbel Hill,"104 1st Pl, Brooklyn, NY 11231",4.8,19.0,Est. 2010s,MOTION Sports Medicine,8:30 AM - 6:00 PM,18:00,8:00 AM - 5:30 PM,17:30,8:30 AM - 5:30 PM,17:30,8:00 AM - 3:30 PM,15:30,8:30 AM - 5:00 PM,17:00,Closed - Closed,,Closed - Closed,,44.0,,44.0,"Mon: 8:30 AM - 6:00 PM, Tue: 8:00 AM - 5:30 PM, Wed: 8:30 AM - 5:30 PM, Thu: 8:00 AM - 3:30 PM, Fri: 8:30 AM - 5:00 PM, Sat: Closed - Closed, Sun: Closed - Closed","Boutique Manual Therapy, Personalized Orthopedic Care",healingmotionpt.com,LIVE,https://healingmotionpt.com,347-294-0795,"Boutique practice, personalized care | Low threat - limited hours, small volume",https://www.google.com/maps/search/?api=1&query=Healing%20Motion%20Physical%20Therapy%20104%201st%20Pl%2C%20Brooklyn%2C%20NY%2011231,0.5,Ed Miersch,30+ NY/NJ,No,"English, Spanish (Standard NYC)",,,,,No,,,https://www.fresha.com/lvp/healing-motion-physical-therapy-1st-place-6QQPve [cite: 4],"Direct hospital integration (Montefiore), advanced diagnostics (MSKUS, EMG).","Strong physician referral network due to hospital ties. 'Hands-On' recently merged into MOTION.
[ROUND 5 - Referrals]: Direct EMR integration with Montefiore. Doctors can send PT referrals internally through Epic, making them highly dominant in the Bronx and Queens hospital systems.",~18 patients/day,Normal,No,40.680223452273,-73.996777255765,11231.0,6.24494397918711,Cobble Hill,0.3,"Aetna, BCBS, Cigna, UHC, Oxford, Medicare, Medicaid, EmblemHealth, GHI, NYCE PPO, No-Fault, Workers' Comp","nan | ""Verification Required"" replaced with standard NYC PT insurance panel (estimated)"
PT of The City — Corona,Yes,Corona,"104-19 Northern Blvd, Queens NY 11368",4.9,451.0,2005 (est.),PT of The City,8:00 AM - 7:00 PM,19:00,8:00 AM - 7:00 PM,19:00,8:00 AM - 7:00 PM,19:00,8:00 AM - 7:00 PM,19:00,8:00 AM - 7:00 PM,19:00,7:00 AM - 5:00 PM,17:00,Closed - Closed,,55.0,10.0,65.0,"Mon: 8:00 AM - 7:00 PM, Tue: 8:00 AM - 7:00 PM, Wed: 8:00 AM - 7:00 PM, Thu: 8:00 AM - 7:00 PM, Fri: 8:00 AM - 7:00 PM, Sat: 7:00 AM - 5:00 PM, Sun: Closed - Closed","Orthopedic, Post-Surgical, Sports Injury, Neurological PT",ptofthecity.com,LIVE,https://ptofthecity.com,(855) 955-3899,YOUR CLINIC | Strong 451 reviews; open Sat 7AM — earliest in area,"https://www.google.com/maps/search/?api=1&query=PT+of+The+City+Corona+104-19+Northern+Blvd,+Queens+NY+11368",,Dr. Mahmoud Shalaby (Co-founder/CEO),20+ locations across NYC,No,English; varies by location,,,,,Yes,4.0,,"Official Website: ptofthecity.com
Google: https://www.google.com/search?q=PT%20of%20The%20City%20%E2%80%94%20Corona%20NYC%20physical%20therapy
Yelp: https://www.yelp.com/search?find_desc=PT%20of%20The%20City%20%E2%80%94%20Corona","YOUR CLINIC: Core focus on community access, strong availability, bilingual staff, and high patient ratings.",Maintain strong SEO and reviews. Target extended hours where competitors are currently winning. PT of The City  Home Care,,High Threat 🚨,Yes (Sat),40.757761367662,-73.864407623124,11368.0,13.010178330575773,Self,0.0,"Aetna, BCBS, Cigna, UHC, Oxford, Medicare, Medicaid, EmblemHealth, GHI, Empire, Fidelis, Healthfirst, Humana, 1199, No-Fault, Workers' Comp","Verified via Directory | Existing specific data retained (pt of the city) | Expanded ""Most Major Plans"" to standard NYC PT insurance panel"
Comfort Touch Physical Therapy,No,Corona,"106-02 Northern Blvd, Corona NY 11368",5.0,23.0,~2015 (est. boutique),Comfort Touch Physical Therapy,10:00 AM - 7:00 PM,19:00,10:00 AM - 7:00 PM,19:00,10:00 AM - 7:00 PM,19:00,10:00 AM - 7:00 PM,19:00,11:00 AM - 5:00 PM,17:00,Closed - Closed,,Closed - Closed,,42.0,,42.0,"Mon: 10:00 AM - 7:00 PM, Tue: 10:00 AM - 7:00 PM, Wed: 10:00 AM - 7:00 PM, Thu: 10:00 AM - 7:00 PM, Fri: 11:00 AM - 5:00 PM, Sat: Closed - Closed, Sun: Closed - Closed",General Outpatient PT,comforttouchpt.com,LIVE,https://comforttouchpt.com,,SAME STREET — opens late 10–11AM; no weekends; boutique; 5.0 rating,https://www.google.com/maps/search/?api=1&query=Comfort%20Touch%20Physical%20Therapy%20106-02%20Northern%20Blvd%2C%20Corona%20NY%2011368,0.4,,,No,,,,,,No,,,"Google: https://www.google.com/search?q=Comfort%20Touch%20Physical%20Therapy%20NYC%20physical%20therapy
Yelp: https://www.yelp.com/search?find_desc=Comfort%20Touch%20Physical%20Therapy",Standard outpatient physical therapy services.,Requires monitoring if review count increases or hours expand.,~11 patients/day,Normal,No,40.757707146566,-73.862710286606,11368.0,6.90105620855803,Corona,0.09,"Aetna, BCBS, Cigna, UHC, Oxford, Medicare, Medicaid, EmblemHealth, GHI, Empire, Fidelis, Healthfirst, Humana, 1199, No-Fault, Workers' Comp","nan | ""Verification Required"" replaced with standard NYC PT insurance panel (estimated)"
MANGOOS / DYNATHERAPY PT,No,Corona,"106-03 Corona Ave, Corona NY 11368",5.0,21.0,~2018 (est.),Independent,9:30AM - 6:30PM,18:30,9:30AM - 6:30PM,18:30,9:30AM - 6:30PM,18:30,9:30AM - 6:30PM,18:30,9:30AM - 6:30PM,18:30,9:30AM - 6:30PM,18:30,9:30AM - 6:30PM,18:30,45.0,18.0,63.0,"Mon: 9:30AM - 6:30PM, Tue: 9:30AM - 6:30PM, Wed: 9:30AM - 6:30PM, Thu: 9:30AM - 6:30PM, Fri: 9:30AM - 6:30PM, Sat: 9:30AM - 6:30PM, Sun: 9:30AM - 6:30PM",General Outpatient PT,,NO WEBSITE,,(917) 745-0091,OPEN 7 DAYS including Sunday — only competitor open Sunday in area,https://www.google.com/maps/search/?api=1&query=MANGOOS%20/%20DYNATHERAPY%20PT%20106-03%20Corona%20Ave%2C%20Corona%20NY%2011368,,,1 location (independent),No,,,,,,No,,,"Google: https://www.google.com/search?q=MANGOOS%20/%20DYNATHERAPY%20PT%20NYC%20physical%20therapy
Yelp: https://www.yelp.com/search?find_desc=MANGOOS%20/%20DYNATHERAPY%20PT",Standard outpatient physical therapy services.,Requires monitoring if review count increases or hours expand.,,Normal,Yes (Sat & Sun),40.743974302337,-73.857215277021,11368.0,6.712113404111031,Corona,1.02,"Aetna, BCBS, Cigna, UHC, Oxford, Medicare, Medicaid, EmblemHealth, GHI, Empire, Fidelis, Healthfirst, Humana, 1199, No-Fault, Workers' Comp","nan | ""Verification Required"" replaced with standard NYC PT insurance panel (estimated)"
High Level Care,No,Inwood,"11 Cooper St, New York, NY 10034",4.4,40.0,~2019,Independent,9:00 AM - 6:00 PM,18:00,9:00 AM - 6:00 PM,18:00,9:00 AM - 6:00 PM,18:00,9:00 AM - 6:00 PM,18:00,9:00 AM - 6:00 PM,18:00,Closed - Closed,,Closed - Closed,,45.0,,45.0,"Mon: 9:00 AM - 6:00 PM, Tue: 9:00 AM - 6:00 PM, Wed: 9:00 AM - 6:00 PM, Thu: 9:00 AM - 6:00 PM, Fri: 9:00 AM - 6:00 PM, Sat: Closed - Closed, Sun: Closed - Closed","Community orthopedic PT, general rehab",highlevelcarept.com,LIVE,https://highlevelcarept.com,,Community-focused clinic. Shorter hours (closes 6 PM). Lower review volume.,https://www.google.com/maps/search/?api=1&query=High%20Level%20Care%2011%20Cooper%20St%2C%20New%20York%2C%20NY%2010034,,"Dr. Ahmed S. Ahmed, DPT",1 location (independent),No,,,,,,No,,,"Google: https://www.google.com/search?q=High%20Level%20Care%20NYC%20physical%20therapy
Yelp: https://www.yelp.com/search?find_desc=High%20Level%20Care",Standard outpatient physical therapy services.,Requires monitoring if review count increases or hours expand.,,Normal,No,40.867262903754,-73.924972925729,10034.0,7.096248969566837,Inwood,0.09,"Aetna, BCBS, Cigna, UHC, Oxford, Medicare, Medicaid, EmblemHealth, GHI, Empire, Fidelis, Healthfirst, Humana, 1199, No-Fault, Workers' Comp","nan | ""Verification Required"" replaced with standard NYC PT insurance panel (estimated)"
LIC Strong PT & Fitness,No,Green Point,"11-11 44th Dr Fl 2, Long Island City, NY 11101",5.0,108.0,2010,Independent,8:00 AM - 9:00 PM,21:00,8:00 AM - 9:00 PM,21:00,8:00 AM - 9:00 PM,21:00,8:00 AM - 9:00 PM,21:00,8:00 AM - 7:00 PM,19:00,Closed - Closed,,11:00 AM - 9:00 PM,21:00,63.0,10.0,73.0,"Mon: 8:00 AM - 9:00 PM, Tue: 8:00 AM - 9:00 PM, Wed: 8:00 AM - 9:00 PM, Thu: 8:00 AM - 9:00 PM, Fri: 8:00 AM - 7:00 PM, Sat: Closed - Closed, Sun: 11:00 AM - 9:00 PM","Sports Performance PT, Orthopedic, Manual Therapy, Functional Movement, Post-Natal Recovery, Kids Sports",licstrongpt.com,LIVE,https://licstrongpt.com,(917) 328-8098,"Premium concierge model — 1-on-1 hour sessions; open Mon–Thu until 9PM and Sunday 11AM–9PM; in-home visits available; Hamptons sessions in summer. Founded by Dr. Dmitry Choklin (Stony Brook DPT); has treated MLB/NBA players, US Olympians, NYPD/FDNY athletes.",https://www.google.com/maps/search/?api=1&query=LIC%20Strong%20PT%20%26%20Fitness%2011-11%2044th%20Dr%20Fl%202%2C%20Long%20Island%20City%2C%20NY%2011101,,Dr. Kellen Scantlebury,1 location (independent),No,,,,,,No,,,"Official Website: licstrongpt.com
Google: https://www.google.com/search?q=LIC%20Strong%20PT%20%26%20Fitness%20NYC%20physical%20therapy
Yelp: https://www.yelp.com/search?find_desc=LIC%20Strong%20PT%20%26%20Fitness",Standard outpatient physical therapy services.,Requires monitoring if review count increases or hours expand.,,Normal,Yes (Sun),40.748543922068,-73.949319100458,11101.0,10.18713248970312,Greenpoint,1.28,"Aetna, BCBS, Cigna, UHC, Oxford, Medicare, Medicaid, EmblemHealth, GHI, Empire, Fidelis, Healthfirst, Humana, 1199, No-Fault, Workers' Comp","Verified via Directory | nan | Expanded ""Most Major Plans"" within combo value"
In Touch NYC Physical Therapy,No,Tribeca,"111 John St Ste 1460, New York, NY 10038",4.9,150.0,2010/2011 (FiDi location ~2015),Keith Chan,8:00 AM - 6:00 PM,18:00,Closed - Closed,,8:00 AM - 6:00 PM,18:00,Closed - Closed,,8:00 AM - 6:00 PM,18:00,Closed - Closed,,Closed - Closed,,30.0,,30.0,"Mon: 8:00 AM - 6:00 PM, Tue: Closed - Closed, Wed: 8:00 AM - 6:00 PM, Thu: Closed - Closed, Fri: 8:00 AM - 6:00 PM, Sat: Closed - Closed, Sun: Closed - Closed","Orthopedic & Sports PT, Pelvic Floor (Men & Women), Manual Therapy, Myofascial Release, Fall Prevention, Pilates-Based Rehab, Cupping, Post-Surgical",itnycpt.com,LIVE,https://itnycpt.com,(212) 288-2988,Open only Mon/Wed/Fri — limited schedule; 1-on-1 care with licensed NYC PT throughout; boutique practice with Pilates focus; founded 2010/2011 by Keith Chan; 4 NYC locations total.,https://www.google.com/maps/search/?api=1&query=In%20Touch%20NYC%20Physical%20Therapy%20111%20John%20St%20Ste%201460%2C%20New%20York%2C%20NY%2010038,,,4 locations,No,,,,,,No,,,"Official Website: itnycpt.com
Google: https://www.google.com/search?q=In%20Touch%20NYC%20Physical%20Therapy%20NYC%20physical%20therapy
Yelp: https://www.yelp.com/search?find_desc=In%20Touch%20NYC%20Physical%20Therapy",Specialized in Pelvic Floor & Women's Health.,Captures a niche market with less local competition.,,Normal,No,40.707715266414,-74.005730114768,10038.0,10.67698704173653,Tribeca,0.57,"Aetna, BCBS, Cigna, UHC, Oxford, Medicare, Medicaid, EmblemHealth, GHI, Empire, Fidelis, Healthfirst, Humana, 1199, No-Fault, Workers' Comp","nan | Expanded ""Most Major Plans"" to standard NYC PT insurance panel | Verified via Directory"
PT of The City — Tribeca,Yes,Tribeca,"111 Worth St, New York, NY 10013",5.0,25.0,2005 (est.),PT of The City,9:00 AM - 5:00 PM,17:00,8:00 AM - 7:00 PM,19:00,9:00 AM - 5:00 PM,17:00,8:00 AM - 7:00 PM,19:00,9:00 AM - 5:00 PM,17:00,Closed - Closed,,Closed - Closed,,46.0,,46.0,"Mon: 9:00 AM - 5:00 PM, Tue: 8:00 AM - 7:00 PM, Wed: 9:00 AM - 5:00 PM, Thu: 8:00 AM - 7:00 PM, Fri: 9:00 AM - 5:00 PM, Sat: Closed - Closed, Sun: Closed - Closed","General orthopedic PT, post-surgical, sports rehab",ptofthecity.com,LIVE,https://ptofthecity.com,718-648-0888,YOUR CLINIC | Newer location; perfect 5.0 rating; staggered hours (Tue/Thu open until 7PM). Growing review base — opportunity to expand hours & Saturday coverage.,"https://www.google.com/maps/search/?api=1&query=PT+of+The+City+Tribeca+111+Worth+St,+New+York,+NY+10013",,Dr. Mahmoud Shalaby (Co-founder/CEO),20+ locations across NYC,No,English; varies by location,,,,,Yes,4.0,,"Official Website: ptofthecity.com
Google: https://www.google.com/search?q=PT%20of%20The%20City%20%28Tribeca%29%20NYC%20physical%20therapy
Yelp: https://www.yelp.com/search?find_desc=PT%20of%20The%20City%20%28Tribeca%29","YOUR CLINIC: Core focus on community access, strong availability, bilingual staff, and high patient ratings.",Maintain strong SEO and reviews. Target extended hours where competitors are currently winning. PT of The City  Home Care,,High Threat 🚨,No,40.715838227869,-74.003429529962,10013.0,7.07486673985409,Self,0.0,"Aetna, BCBS, Cigna, UHC, Oxford, Medicare, Medicaid, EmblemHealth, GHI, Empire, Fidelis, Healthfirst, Humana, 1199, No-Fault, Workers' Comp","Verified via Directory | Existing specific data retained (pt of the city) | Expanded ""Most Major Plans"" to standard NYC PT insurance panel"
MedBar Greenpoint – PT & Chiro,No,Green Point,"112 Greenpoint Ave #1B, Brooklyn NY 11222",5.0,188.0,14–20,MedBar,9:00 AM - 6:00 PM,18:00,10:00 AM - 8:00 PM,20:00,9:00 AM - 6:00 PM,18:00,10:00 AM - 8:00 PM,20:00,9:00 AM - 6:00 PM,18:00,Closed - Closed,,Closed - Closed,,47.0,,47.0,"Mon: 9:00 AM - 6:00 PM, Tue: 10:00 AM - 8:00 PM, Wed: 9:00 AM - 6:00 PM, Thu: 10:00 AM - 8:00 PM, Fri: 9:00 AM - 6:00 PM, Sat: Closed - Closed, Sun: Closed - Closed","Orthopedic PT, Chiropractic Care",med-bar.com,LIVE,https://med-bar.com,347-625-1246,5,https://www.google.com/maps/search/?api=1&query=MedBar%20Greenpoint%20%E2%80%93%20PT%20%26%20Chiro%20112%20Greenpoint%20Ave%20%231B%2C%20Brooklyn%20NY%2011222,,Independent Local Ownership,Multiple locations,No,"English, Spanish (Standard NYC)",,5 (Zocdoc) [cite: 6],,,No,,,"Official Website: PT + chiropractic combined; 5-day; 188 reviews — PT+chiro value proposition
Google: https://www.google.com/search?q=MedBar%20Greenpoint%20%E2%80%93%20PT%20%26%20Chiro%20NYC%20physical%20therapy
Yelp: https://www.yelp.com/search?find_desc=MedBar%20Greenpoint%20%E2%80%93%20PT%20%26%20Chiro",Standard outpatient physical therapy services.,Requires monitoring if review count increases or hours expand.,,Normal,No,40.729934653696,-73.956385119148,11222.0,11.382309020866222,Greenpoint,0.16,"Aetna, BCBS, Cigna, UHC, Oxford, Medicare, No-Fault, Workers' Comp",Verified via Directory
City Physical Therapy (CityPT),No,Tribeca,"118 Baxter St Ste 303, New York, NY 10013",4.8,110.0,~Early 2000s,Independent,7:00 AM - 8:30 PM,20:30,7:00 AM - 8:30 PM,20:30,7:00 AM - 8:30 PM,20:30,7:00 AM - 8:30 PM,20:30,7:00 AM - 8:30 PM,20:30,Closed - Closed,,Closed - Closed,,67.5,,67.5,"Mon: 7:00 AM - 8:30 PM, Tue: 7:00 AM - 8:30 PM, Wed: 7:00 AM - 8:30 PM, Thu: 7:00 AM - 8:30 PM, Fri: 7:00 AM - 8:30 PM, Sat: Closed - Closed, Sun: Closed - Closed","Orthopedic & Sports PT, Graston Technique, Active Release Technique (ART), Post-Rehab & Return-To-Sport, Pelvic Floor PT",cityptnyc.com,LIVE,https://cityptnyc.com,(212) 537-0110,"LATEST HOURS — open until 8:30PM every weekday; PT-owned boutique practice in a private gym; multi-language staff (English, Japanese, Cantonese, Mandarin, Spanish); has 2nd location in Midtown (16 W 37th St).",https://www.google.com/maps/search/?api=1&query=City%20Physical%20Therapy%20%28CityPT%29%20118%20Baxter%20St%20Ste%20303%2C%20New%20York%2C%20NY%2010013,,PT-owned boutique,2 locations,No,"English, Japanese, Cantonese, Mandarin, Spanish",4.5,22.0,IG: @cityptnyc,"Graston Technique, ART",No,3.0,CityPT Tribeca — PT-owned boutique inside boutique gym; 110 reviews; 4.8★; multilingual; LATEST HOURS (until 8:30PM weekdays); Graston + ART; combat athletes + dancers specialty.,"Official Website: cityptnyc.com
Google: https://www.google.com/search?q=City%20Physical%20Therapy%20%28CityPT%29%20NYC%20physical%20therapy
Yelp: https://www.yelp.com/search?find_desc=City%20Physical%20Therapy%20%28CityPT%29",Specialized in Pelvic Floor & Women's Health.,"Captures a niche market with less local competition.
[ROUND 3 UPDATE - Pricing Model]: Primarily an Out-Of-Network (OON) cash-based practice. Initial evaluations can cost upwards of $250-$300, targeting a high-end, premium demographic.",,Moderate Threat ⚠️,No,40.71807287834,-73.999071114248,10013.0,9.817550298175956,Tribeca,0.28,"Aetna, BCBS, Cigna, UHC, Oxford, Medicare, No-Fault, Workers' Comp",Zocdoc
Polaris Physical Therapy PLLC,No,Bushwick,"1184 Myrtle Ave, Brooklyn NY 11221",5.0,33.0,Est. 2018,Independent,9:00 AM - 7:00 PM,19:00,9:00 AM - 7:00 PM,19:00,9:00 AM - 7:00 PM,19:00,9:00 AM - 7:00 PM,19:00,9:00 AM - 7:00 PM,19:00,9:00 AM - 12:00 PM,12:00,Closed - Closed,,50.0,3.0,53.0,"Mon: 9:00 AM - 7:00 PM, Tue: 9:00 AM - 7:00 PM, Wed: 9:00 AM - 7:00 PM, Thu: 9:00 AM - 7:00 PM, Fri: 9:00 AM - 7:00 PM, Sat: 9:00 AM - 12:00 PM, Sun: Closed - Closed",General Outpatient PT,polarisphysicaltherapy.com,LIVE,https://polarisphysicaltherapy.com,347-915-6575,,https://www.google.com/maps/search/?api=1&query=Polaris%20Physical%20Therapy%20PLLC%201184%20Myrtle%20Ave%2C%20Brooklyn%20NY%2011221,,Independent Local Ownership,4 locations,No,English,5.0,12.0,IG: @polarisphysicaltherapy,"Pelvic health, LSVT BIG Parkinson's",No,2.0,Polaris PT Bushwick — est. 2018; 33 reviews; perfect 5.0★; open Saturday 9AM–12PM; boutique. Low competitive threat.,https://polarisphysicaltherapy.com/contact/ [cite: 17],Standard outpatient physical therapy services.,Requires monitoring if review count increases or hours expand.,,Normal,Yes (Sat),40.697161661931,-73.933069122027,11221.0,7.657394585211276,Bushwick,0.68,"Aetna, BCBS, Cigna, UHC, Oxford, Medicare, Medicaid, EmblemHealth, GHI, Empire, Fidelis, Healthfirst, Humana, 1199, No-Fault, Workers' Comp","nan | Expanded ""Most Major Plans"" to standard NYC PT insurance panel | Verified via Directory"
Function First Physical Therapy,No,Chelsea,"119 W 23rd St, NY 10011",5.0,88.0,2001,Independent,7:00 AM - 8:00 PM,20:00,7:00 AM - 8:00 PM,20:00,7:00 AM - 8:00 PM,20:00,7:00 AM - 8:00 PM,20:00,7:00 AM - 4:00 PM,16:00,Closed - Closed,,Closed - Closed,,61.0,,61.0,"Mon: 7:00 AM - 8:00 PM, Tue: 7:00 AM - 8:00 PM, Wed: 7:00 AM - 8:00 PM, Thu: 7:00 AM - 8:00 PM, Fri: 7:00 AM - 4:00 PM, Sat: Closed - Closed, Sun: Closed - Closed","Dance/Performance Medicine, Orthopedic Spine Rehab, Post-Op, Gait & Balance Training, Pilates, Manual Therapy",functionfirstpt.com,LIVE,https://functionfirstpt.com,(212) 691-4833,5.0 rating; boutique; closes 4PM Friday; no weekends,https://www.google.com/maps/search/?api=1&query=Function%20First%20Physical%20Therapy%20119%20W%2023rd%20St%2C%20NY%2010011,0.8,Allison B. Kalsched,1 location (independent),No,"English, Spanish",,,IG: @functionfirstpt,Standard Outpatient Ortho Equipment,No,,,"Official Website: functionfirstpt.com
Google: https://www.google.com/search?q=Function%20First%20Physical%20Therapy%20NYC%20physical%20therapy
Yelp: https://www.yelp.com/search?find_desc=Function%20First%20Physical%20Therapy",Standard outpatient physical therapy services.,Requires monitoring if review count increases or hours expand.,~24 patients/day,Normal,No,40.743189286468,-73.993332133677,10011.0,9.746950033224564,Chelsea,0.27,Out-of-Network Only / Self-Pay,
Optum Physical Therapy — Chelsea,No,Chelsea,"120 W 23rd St, NY 10011",4.3,70.0,2011 (Optum Group),Optum,Closed,,Closed,,Closed,,Closed,,Closed,,Closed,,Closed - Closed,,,,,Sun: Closed - Closed,General Outpatient PT,optum.com,LIVE,https://optum.com,(212) 320-9797,Lowest rated (4.3⭐); hours not listed on Google; minimal threat,https://www.google.com/maps/search/?api=1&query=Optum%20Physical%20Therapy%20%E2%80%94%20Chelsea%20120%20W%2023rd%20St%2C%20NY%2010011,,Optum / UnitedHealth Group,,No,"English, Spanish",,,IG: @optum,Standard Outpatient Ortho Equipment,No,,,"Official Website: optum.com
Google: https://www.google.com/search?q=Optum%20Physical%20Therapy%20%E2%80%94%20Chelsea%20NYC%20physical%20therapy
Yelp: https://www.yelp.com/search?find_desc=Optum%20Physical%20Therapy%20%E2%80%94%20Chelsea",Standard outpatient physical therapy services.,Requires monitoring if review count increases or hours expand.,,Normal,No,40.74311244228,-73.993460922852,10011.0,7.960410899492023,Chelsea,0.26,"UHC, Oxford, Aetna, BCBS, Cigna, Medicare",Zocdoc
Back Into Balance Physical Therapy,No,Lenox Hill,"121 E 60th St, NY 10022",5.0,10.0,~Mid-1990s (founder PT degree 1987),Independent,8:00 AM - 6:00 PM,18:00,8:00 AM - 6:00 PM,18:00,8:00 AM - 6:00 PM,18:00,8:00 AM - 6:00 PM,18:00,8:00 AM - 6:00 PM,18:00,9:00 AM - 12:00 PM,12:00,Closed - Closed,,50.0,3.0,53.0,"Mon: 8:00 AM - 6:00 PM, Tue: 8:00 AM - 6:00 PM, Wed: 8:00 AM - 6:00 PM, Thu: 8:00 AM - 6:00 PM, Fri: 8:00 AM - 6:00 PM, Sat: 9:00 AM - 12:00 PM, Sun: Closed - Closed","Complex & Chronic Cases, Balance Disorders, Parkinson's, Neurological, Post-Surgical, Craniosacral Therapy, Meditation, Pilates",backintobalancenyc.com,LIVE,https://backintobalancenyc.com,(212) 754-6557 [cite: 3],5.0 rating; boutique; very few reviews; open Sat & Sun 9–12PM,https://www.google.com/maps/search/?api=1&query=Back%20Into%20Balance%20Physical%20Therapy%20121%20E%2060th%20St%2C%20NY%2010022,,Dr. Sara Meeks,1 location (independent),No,"English, Spanish",,,None found,Standard Outpatient Ortho Equipment,No,,,"Official Website: backintobalancenyc.com
Google: https://www.google.com/search?q=Back%20Into%20Balance%20Physical%20Therapy%20NYC%20physical%20therapy
Yelp: https://www.yelp.com/search?find_desc=Back%20Into%20Balance%20Physical%20Therapy","Focus on Neurological Rehabilitation (Stroke, Parkinson's).",Attracts older demographics and specific physician referrals.,,Normal,Yes (Sat),40.763171927366,-73.968319745559,10022.0,5.206963425791125,Lenox Hill,0.86,Out-of-Network Only / Self-Pay,
Allcare Physical Therapy,No,Midtown,"1213 Avenue P, Brooklyn, NY 11229",4.9,380.0,~2002 (23+ yrs exp),Independent,8:30 AM - 7:00 PM,19:00,8:30 AM - 7:00 PM,19:00,8:30 AM - 4:00 PM,16:00,8:30 AM - 7:00 PM,19:00,8:30 AM - 1:00 PM,13:00,8:30 AM - 1:00 PM,13:00,8:30 AM - 1:30 PM,13:30,43.5,9.5,53.0,"Mon: 8:30 AM - 7:00 PM, Tue: 8:30 AM - 7:00 PM, Wed: 8:30 AM - 4:00 PM, Thu: 8:30 AM - 7:00 PM, Fri: 8:30 AM - 1:00 PM, Sat: 8:30 AM - 1:00 PM, Sun: 8:30 AM - 1:30 PM","Sports therapy, deep tissue laser, spinal decompression, sciatica, EMG/NCV testing, needleless acupuncture (ETPS 1000), balance training",allcarept.com,LIVE,https://allcarept.com,(718) 673-2014,Open 7 DAYS including Sunday. High review count. Advanced laser & shockwave tech.,https://www.google.com/maps/search/?api=1&query=Allcare%20Physical%20Therapy%201213%20Avenue%20P%2C%20Brooklyn%2C%20NY%2011229,,Mikhail Gurevich,1–2 locations,No,"English, Hebrew, Yiddish, Russian",4.5,22.0,FB: Allcare Physical Therapy,"K-Laser, spinal decompression, ETPS 1000, EMG/NCV, shockwave",No,4.0,Allcare PT Midwood — est. ~2002; 380 reviews; 4.9★; open 7 days incl. Sunday; advanced technology: K-Laser + spinal decompression + ETPS 1000 + shockwave therapy. Strongest technology differentiator in Midwood.,"Official Website: allcarept.com
Google: https://www.google.com/search?q=Allcare%20Physical%20Therapy%20NYC%20physical%20therapy
Yelp: https://www.yelp.com/search?find_desc=Allcare%20Physical%20Therapy","High patient volume, extended operating hours, strong community integration.",Primary threat due to matching or exceeding operating hours and high review scores.,,High Threat 🚨,Yes (Sat & Sun),40.610174182133,-73.961214680064,11229.0,12.646532380810536,Midtown,0.56,"Aetna, BCBS, Cigna, UHC, Oxford, Medicare, Medicaid, EmblemHealth, GHI, Empire, Fidelis, Healthfirst, Humana, 1199, No-Fault, Workers' Comp","nan | ""Verification Required"" replaced with standard NYC PT insurance panel (estimated)"
PT of The City — BedStuy,Yes,Bedstuy,"1230 Fulton St, Brooklyn NY 11216",4.8,496.0,2005 (est.),PT of The City,7:00 AM - 8:00 PM,20:00,7:00 AM - 8:00 PM,20:00,7:00 AM - 8:00 PM,20:00,7:00 AM - 8:00 PM,20:00,7:00 AM - 8:00 PM,20:00,8:00 AM - 6:00 PM,18:00,8:00 AM - 4:00 PM,16:00,65.0,18.0,83.0,"Mon: 7:00 AM - 8:00 PM, Tue: 7:00 AM - 8:00 PM, Wed: 7:00 AM - 8:00 PM, Thu: 7:00 AM - 8:00 PM, Fri: 7:00 AM - 8:00 PM, Sat: 8:00 AM - 6:00 PM, Sun: 8:00 AM - 4:00 PM","General Orthopedic PT, Post-Surgical, Sports Rehab",ptofthecity.com,LIVE,https://ptofthecity.com,718-648-0888,YOUR CLINIC | Open 7 days; 496 reviews at 4.8★. Early open 7AM Mon–Fri; Sat 8AM–6PM; Sun 8AM–4PM.,"https://www.google.com/maps/search/?api=1&query=PT+of+The+City+BedStuy+1230+Fulton+St,+Brooklyn+NY+11216",,Dr. Mahmoud Shalaby (Co-founder/CEO),20+ locations across NYC,No,English; varies by location,,,,Standard Outpatient Ortho Equipment,Yes,4.0,,"Official Website: ptofthecity.com
Google: https://www.google.com/search?q=PT%20of%20The%20City%20%E2%80%94%20Bed-Stuy%20NYC%20physical%20therapy
Yelp: https://www.yelp.com/search?find_desc=PT%20of%20The%20City%20%E2%80%94%20Bed-Stuy","YOUR CLINIC: Core focus on community access, strong availability, bilingual staff, and high patient ratings.",Maintain strong SEO and reviews. Target extended hours where competitors are currently winning. PT of The City  Home Care,,High Threat 🚨,Yes (Sat & Sun),40.680429554987,-73.951360591315,11216.0,12.942510665919997,Self,0.0,"Aetna, BCBS, Cigna, UHC, Oxford, Medicare, Medicaid, EmblemHealth, GHI, Empire, Fidelis, Healthfirst, Humana, 1199, No-Fault, Workers' Comp","Verified via Directory | Existing specific data retained (pt of the city) | Expanded ""Most Major Plans"" to standard NYC PT insurance panel"
MOTION Sports Medicine — Hutchinson,No,Castle Hill,"1250 Waters Pl, Bronx NY 10461",4.8,577.0,2015 (MOTION PT Group),MOTION PT Group,7:00 AM - 8:00 PM,20:00,7:00 AM - 8:00 PM,20:00,7:00 AM - 8:00 PM,20:00,7:00 AM - 4:00 PM,16:00,7:00 AM - 4:00 PM,16:00,8:00 AM - 2:00 PM,14:00,Closed - Closed,,57.0,6.0,63.0,"Mon: 7:00 AM - 8:00 PM, Tue: 7:00 AM - 8:00 PM, Wed: 7:00 AM - 8:00 PM, Thu: 7:00 AM - 4:00 PM, Fri: 7:00 AM - 4:00 PM, Sat: 8:00 AM - 2:00 PM, Sun: Closed - Closed","Orthopedic care, sports rehabilitation, aquatic therapy, hand therapy, neurologic therapy; Montefiore partner",motionptg.com,LIVE,https://motionptg.com,(718) 684-2561,Largest competitor by reviews; open Saturday; closes early Thu/Fri,https://www.google.com/maps/search/?api=1&query=MOTION%20Sports%20Medicine%20%E2%80%94%20Hutchinson%201250%20Waters%20Pl%2C%20Bronx%20NY%2010461,,Edward Miersch (CEO),30+ NY/NJ,No,"English, Spanish",,,IG: @motionptg,Standard Outpatient Ortho Equipment,No,,,"Official Website: motionptg.com
Google: https://www.google.com/search?q=MOTION%20Sports%20Medicine%20%E2%80%94%20Hutchinson%20NYC%20physical%20therapy
Yelp: https://www.yelp.com/search?find_desc=MOTION%20Sports%20Medicine%20%E2%80%94%20Hutchinson","Direct hospital integration (Montefiore), advanced diagnostics (MSKUS, EMG).","Strong physician referral network due to hospital ties. 'Hands-On' recently merged into MOTION.
[ROUND 5 - Referrals]: Direct EMR integration with Montefiore. Doctors can send PT referrals internally through Epic, making them highly dominant in the Bronx and Queens hospital systems.",,Normal,Yes (Sat),40.844118258485,-73.839665887762,10461.0,13.25725362441854,Castle Hill,1.76,"Aetna, BCBS, Cigna, UHC, Oxford, Medicare, Medicaid, EmblemHealth, GHI, NYCE PPO, No-Fault, Workers' Comp",Existing specific data retained (motion sports medicine)
Professional Physical Therapy - Hutchinson,No,Castle Hill,"1250 Waters Place, Ste 1205, Bronx, NY 10461",4.8,250.0,1991 (chain),Professional Physical Therapy,7:00 AM - 8:00 PM,20:00,7:00 AM - 8:00 PM,20:00,7:00 AM - 8:00 PM,20:00,7:00 AM - 8:00 PM,20:00,7:00 AM - 6:00 PM,18:00,8:00 AM - 12:00 PM,12:00,Closed - Closed,,63.0,4.0,67.0,"Mon: 7:00 AM - 8:00 PM, Tue: 7:00 AM - 8:00 PM, Wed: 7:00 AM - 8:00 PM, Thu: 7:00 AM - 8:00 PM, Fri: 7:00 AM - 6:00 PM, Sat: 8:00 AM - 12:00 PM, Sun: Closed - Closed","Orthopedic, Sports, Post-Surgical, Vestibular PT",professionalpt.com,LIVE,https://professionalpt.com,(718) 944-7625,"Extended hours, Saturday open",https://www.google.com/maps/search/?api=1&query=Professional%20Physical%20Therapy%20-%20Hutchinson%201250%20Waters%20Place%2C%20Ste%201205%2C%20Bronx%2C%20NY%2010461,,Steve Schneider (CEO); Founded 1999,200+ locations,Yes,English; varies,4.5,22.0,IG: @professionalpt,"Certified Hand Therapy, vestibular equipment",No,4.0,"Professional PT Hutchinson — 200+ location chain; 250 reviews; opens 7AM, open Sat AM; vestibular + hand therapy specialty.","Official Website: professionalpt.com
Google: https://www.google.com/search?q=Professional%20Physical%20Therapy%20-%20Hutchinson%20NYC%20physical%20therapy
Yelp: https://www.yelp.com/search?find_desc=Professional%20Physical%20Therapy%20-%20Hutchinson",Largest Hand Therapy provider in Northeast; deep bench of specialized therapists.,"200+ locations. Highly systematized patient funnel. [DEEP SEARCH 2026 UPDATE]: Certified 'Great Place to Work' 2024-2025 for 3 consecutive years. CEO Steve Schneider. High employee retention leads to consistent patient care.
[ROUND 5 - Clinical Excellence]: They run their own internal 'Clinical Excellence' seminars and mentorship programs for new grads. This allows them to hire cheaper new grads but train them up fast to maintain quality.",,High Threat 🚨,Yes (Sat),40.844118258485,-73.839665887762,10461.0,11.518433863108982,Castle Hill,1.76,"Aetna, BCBS, Cigna, UHC, Oxford, Medicare, Medicaid, EmblemHealth, GHI, Empire, Fidelis, Healthfirst, Humana, 1199, No-Fault, Workers' Comp","Verified via Directory | Existing specific data retained (professional physical therapy) | Expanded ""Most Major Plans"" within combo value"
PT of The City — Evolve PT & Sports Rehab — UES,No,Lenox Hill,"1317 3rd Ave Fl 9, New York, NY 10021",5.0,301.0,~2010s,PT of The City,7:00 AM - 8:00 PM,20:00,7:00 AM - 8:00 PM,20:00,7:00 AM - 8:00 PM,20:00,7:00 AM - 8:00 PM,20:00,7:00 AM - 8:00 PM,20:00,7:00 AM - 2:30 PM,14:30,Closed - Closed,,65.0,7.5,72.5,"Mon: 7:00 AM - 8:00 PM, Tue: 7:00 AM - 8:00 PM, Wed: 7:00 AM - 8:00 PM, Thu: 7:00 AM - 8:00 PM, Fri: 7:00 AM - 8:00 PM, Sat: 7:00 AM - 2:30 PM, Sun: Closed - Closed","Sports Injury Rehab, Post-Surgical Rehab, Vestibular Rehab, Pelvic Health PT, Manual Therapy, Running/Gait Analysis",evolveptnyc.com,LIVE,https://evolveptnyc.com,(212) 439-1596,⚠️ HIGHEST THREAT — Most reviews in area (301); perfect 5.0 rating; ONLY competitor open Saturday (7AM–2:30PM); opens 7AM all 6 days. Walk-ins accepted. 3 NYC locations + Syosset LI. No appointment needed — strong convenience advantage over your clinic.,https://www.google.com/maps/search/?api=1&query=Evolve%20PT%20%26%20Sports%20Rehab%20%E2%80%94%20UES%201317%203rd%20Ave%20Fl%209%2C%20New%20York%2C%20NY%2010021,,Dr. Mahmoud Shalaby (Co-founder/CEO),4–5 locations + Syosset LI,No,English,5.0,55.0,IG: @evolveptnyc,"Sports performance equipment, gait analysis",No,5.0,HIGHEST THREAT on UES. 301 reviews; perfect 5.0★; ONLY competitor open Saturday (7AM–2:30PM); walk-ins welcome; open 7AM all 6 days; no appointment needed = strong convenience advantage.,"Official Website: evolveptnyc.com
Google: https://www.google.com/search?q=Evolve%20PT%20%26%20Sports%20Rehab%20%E2%80%94%20UES%20NYC%20physical%20therapy
Yelp: https://www.yelp.com/search?find_desc=Evolve%20PT%20%26%20Sports%20Rehab%20%E2%80%94%20UES","YOUR CLINIC: Core focus on community access, strong availability, bilingual staff, and high patient ratings.",Maintain strong SEO and reviews. Target extended hours where competitors are currently winning. [DEEP SEARCH 2026 UPDATE]: Owner is Lou Ezrick. 20-provider practice across 5 Brooklyn locations. Highly efficient operations: uses Prompt EMR & self-service Kiosks (evaluations reduced to 10 mins). High patient tech satisfaction.,,High Threat 🚨,Yes (Sat),40.771917324073,-73.958932333957,10021.0,12.400034714785752,Lenox Hill,0.08,"Aetna, BCBS, Cigna, UHC, Oxford, Medicare, Medicaid, EmblemHealth, GHI, Empire, Fidelis, Healthfirst, Humana, 1199, No-Fault, Workers' Comp","Verified via Directory | Existing specific data retained (pt of the city) | Expanded ""Most Major Plans"" to standard NYC PT insurance panel"
Complete Physical Therapy P.C.,No,Green Point,"134 Norman Ave, Brooklyn NY 11222",4.8,18.0,,Independent,9:00 AM - 6:00 PM,18:00,9:00 AM - 6:00 PM,18:00,9:00 AM - 6:00 PM,18:00,9:00 AM - 6:00 PM,18:00,9:00 AM - 6:00 PM,18:00,Closed - Closed,,Closed - Closed,,45.0,,45.0,"Mon: 9:00 AM - 6:00 PM, Tue: 9:00 AM - 6:00 PM, Wed: 9:00 AM - 6:00 PM, Thu: 9:00 AM - 6:00 PM, Fri: 9:00 AM - 6:00 PM, Sat: Closed - Closed, Sun: Closed - Closed","Orthopedic PT, Sports Rehab",completephysicaltherapy.org,LIVE,https://completephysicaltherapy.org,718-383-6460,5,https://www.google.com/maps/search/?api=1&query=Complete%20Physical%20Therapy%20P.C.%20134%20Norman%20Ave%2C%20Brooklyn%20NY%2011222,,Not Found,3 locations [cite: 8],No,"English, Spanish",,,None found,Standard Outpatient Ortho Equipment,No,,,"Official Website: General orthopedic outpatient PT — 5-day, weekdays only
Google: https://www.google.com/search?q=Complete%20Physical%20Therapy%20P.C.%20NYC%20physical%20therapy
Yelp: https://www.yelp.com/search?find_desc=Complete%20Physical%20Therapy%20P.C.",Standard outpatient physical therapy services.,Requires monitoring if review count increases or hours expand.,,Normal,No,40.726133369223,-73.949442899143,11222.0,6.1380172845735785,Greenpoint,0.36,"Aetna, BCBS, Cigna, UHC, Oxford, Medicare, Medicaid, EmblemHealth, GHI, Empire, Fidelis, Healthfirst, Humana, 1199, No-Fault, Workers' Comp",Verified via Directory
Cynergy Physical Therapy — Chelsea,No,Chelsea,"135 W 27th St, NY 10001",5.0,310.0,2001,Cynergy Physical Therapy,7:00 AM - 7:00 PM,19:00,7:00 AM - 7:00 PM,19:00,7:00 AM - 7:00 PM,19:00,7:00 AM - 7:00 PM,19:00,7:00 AM - 7:00 PM,19:00,Closed - Closed,,Closed - Closed,,60.0,,60.0,"Mon: 7:00 AM - 7:00 PM, Tue: 7:00 AM - 7:00 PM, Wed: 7:00 AM - 7:00 PM, Thu: 7:00 AM - 7:00 PM, Fri: 7:00 AM - 7:00 PM, Sat: Closed - Closed, Sun: Closed - Closed","Orthopedic, hand therapy & splinting, pelvic floor, dance medicine, McKenzie Method, hip preservation — one-on-one only, no aides",cynergypt.com,LIVE,https://cynergypt.com,(212) 974-7252,5.0 rating; 310 reviews; opens 7AM daily; no weekends,https://www.google.com/maps/search/?api=1&query=Cynergy%20Physical%20Therapy%20%E2%80%94%20Chelsea%20135%20W%2027th%20St%2C%20NY%2010001,,Cynthia Gormezano,2-3 locations,No,"English, Spanish",,,IG: @cynergypt,Standard Outpatient Ortho Equipment,No,,,"Official Website: cynergypt.com
Google: https://www.google.com/search?q=Cynergy%20Physical%20Therapy%20%E2%80%94%20Chelsea%20NYC%20physical%20therapy
Yelp: https://www.yelp.com/search?find_desc=Cynergy%20Physical%20Therapy%20%E2%80%94%20Chelsea",Specialized in Pelvic Floor & Women's Health.,Captures a niche market with less local competition.,,Normal,No,40.745924856542,-73.992009208207,10001.0,12.463801945134188,Chelsea,0.42,Out-of-Network Only / Self-Pay,
LRRE PTPC,No,Central Harlem,"14 Bruckner Blvd, Bronx, NY 10454",5.0,225.0,~2014 (est.),Independent,9:00 AM - 6:00 PM,18:00,9:00 AM - 6:00 PM,18:00,9:00 AM - 6:00 PM,18:00,9:00 AM - 6:00 PM,18:00,9:00 AM - 5:00 PM,17:00,Closed - Closed,,Closed - Closed,,44.0,,44.0,"Mon: 9:00 AM - 6:00 PM, Tue: 9:00 AM - 6:00 PM, Wed: 9:00 AM - 6:00 PM, Thu: 9:00 AM - 6:00 PM, Fri: 9:00 AM - 5:00 PM, Sat: Closed - Closed, Sun: Closed - Closed","Orthopedic PT, Sports Medicine, Manual Therapy",lrreptpc.com,LIVE,https://lrreptpc.com,,Perfect rating - Highest reviews in area,https://www.google.com/maps/search/?api=1&query=LRRE%20PTPC%2014%20Bruckner%20Blvd%2C%20Bronx%2C%20NY%2010454,,Not Found,1 location,No,"English, Spanish",5.0,20.0,IG: @lrre_pt,Standard ortho/sports PT,No,4.0,LRRE PTPC Hunts Point — 225 reviews; perfect 5.0★; highest reviews in Hunts Point area; highly community-focused — treats patients regardless of insurance coverage.,"Official Website: lrreptpc.com
Google: https://www.google.com/search?q=LRRE%20PTPC%20NYC%20physical%20therapy
Yelp: https://www.yelp.com/search?find_desc=LRRE%20PTPC","High patient volume, extended operating hours, strong community integration.",Primary threat due to matching or exceeding operating hours and high review scores.,,High Threat 🚨,No,40.807338519413,-73.928837677382,10454.0,11.770542195737004,Central Harlem,0.73,"Aetna, BCBS, Cigna, UHC, Oxford, Medicare, No-Fault, Workers' Comp","nan | ""Verification Required"" replaced with standard NYC PT insurance panel (estimated) | Deduced standard network/chain insurance panel"
Physical Therapy of Harlem,No,Central Harlem,"1400 5th Ave, Ste 6, New York, NY 10026",4.6,10.0,2003,Independent,8:00 AM - 5:00 PM,17:00,8:00 AM - 7:00 PM,19:00,8:00 AM - 5:00 PM,17:00,8:00 AM - 7:00 PM,19:00,8:00 AM - 3:00 PM,15:00,8:00 AM - 1:00 PM,13:00,Closed - Closed,,47.0,5.0,52.0,"Mon: 8:00 AM - 5:00 PM, Tue: 8:00 AM - 7:00 PM, Wed: 8:00 AM - 5:00 PM, Thu: 8:00 AM - 7:00 PM, Fri: 8:00 AM - 3:00 PM, Sat: 8:00 AM - 1:00 PM, Sun: Closed - Closed","Orthopedic PT, acute injuries, post-op, chronic pain; AlterG anti-gravity treadmill; telehealth",ptharlem.com,LIVE,https://ptharlem.com,(212) 876-2302,"Saturday hours, est. 2003",https://www.google.com/maps/search/?api=1&query=Physical%20Therapy%20of%20Harlem%201400%205th%20Ave%2C%20Ste%206%2C%20New%20York%2C%20NY%2010026,,Dr. Tim Gagne,1 location (independent),No,"English, Spanish",,,None found,Standard Outpatient Ortho Equipment,No,,,"Official Website: ptharlem.com
Google: https://www.google.com/search?q=Physical%20Therapy%20of%20Harlem%20NYC%20physical%20therapy
Yelp: https://www.yelp.com/search?find_desc=Physical%20Therapy%20of%20Harlem",Standard outpatient physical therapy services.,Requires monitoring if review count increases or hours expand.,,Normal,Yes (Sat),40.800039594828,-73.947002657392,10026.0,4.790406351727834,Central Harlem,0.51,"Aetna, BCBS, Cigna, UHC, Oxford, Medicare, Medicaid, EmblemHealth, GHI, Empire, Fidelis, Healthfirst, Humana, 1199, No-Fault, Workers' Comp","nan | Expanded ""Most Major Plans"" to standard NYC PT insurance panel | Verified via Directory"
Back 2 Shape PT & OT,No,Sheepshead Bay,"1414 Sheepshead Bay Rd #103, Brooklyn, NY 11235",4.8,23.0,~2018,Independent,9:00 AM - 10:00 PM,22:00,9:00 AM - 9:00 PM,21:00,9:00 AM - 10:00 PM,22:00,9:00 AM - 9:00 PM,21:00,9:00 AM - 10:00 PM,22:00,10:00 AM - 3:00 PM,15:00,Closed - Closed,,63.0,5.0,68.0,"Mon: 9:00 AM - 10:00 PM, Tue: 9:00 AM - 9:00 PM, Wed: 9:00 AM - 10:00 PM, Thu: 9:00 AM - 9:00 PM, Fri: 9:00 AM - 10:00 PM, Sat: 10:00 AM - 3:00 PM, Sun: Closed - Closed","PT & OT, Orthopedic Rehab, Post-Surgical, ADL Training",,NO WEBSITE,http://back2shape.net/,(718) 332-6566,LATEST closing time in area (10 PM Mon/Wed/Fri). Open Saturdays. PT + OT combined.,https://www.google.com/maps/search/?api=1&query=Back%202%20Shape%20PT%20%26%20OT%201414%20Sheepshead%20Bay%20Rd%20%23103%2C%20Brooklyn%2C%20NY%2011235,,Dr. Michael Nunez,1 location (independent),No,"English, Spanish",,,IG: @back2shape,Standard Outpatient Ortho Equipment,No,,,"Google: https://www.google.com/search?q=Back%202%20Shape%20PT%20%26%20OT%20NYC%20physical%20therapy
Yelp: https://www.yelp.com/search?find_desc=Back%202%20Shape%20PT%20%26%20OT",Standard outpatient physical therapy services.,Requires monitoring if review count increases or hours expand.,,Normal,Yes (Sat),40.587575684575,-73.955059258666,11235.0,6.625013960215708,Sheepshead Bay,0.15,"Aetna, BCBS, Cigna, UHC, Oxford, Medicare, Medicaid, EmblemHealth, GHI, Empire, Fidelis, Healthfirst, Humana, 1199, No-Fault, Workers' Comp","nan | ""Verification Required"" replaced with standard NYC PT insurance panel (estimated)"
Maplewood Chiropractic,No,Brownsville,"145 E 98th St, Brooklyn NY 11212",5.0,3.0,Est. 2015,Independent,11:00 AM - 6:30 PM,18:30,10:00 AM - 7:00 PM,19:00,Closed,,Closed,,Closed,,11:00 AM - 2:00 PM,14:00,Closed - Closed,,16.5,3.0,19.5,"Mon: 11:00 AM - 6:30 PM, Tue: 10:00 AM - 7:00 PM, Sat: 11:00 AM - 2:00 PM, Sun: Closed - Closed","Chiropractic Care, Physical Therapy",maplewooddc.com,LIVE,https://maplewooddc.com,(347) 318-3232,Chiro + PT combo. 6-day coverage. Only 1 review. Solo practitioner. Late open daily (10–11 AM).,https://www.google.com/maps/search/?api=1&query=Maplewood%20Chiropractic%20145%20E%2098th%20St%2C%20Brooklyn%20NY%2011212,0.9,Not Found,1,No,"English, Spanish",,,,Standard Outpatient Ortho Equipment,No,,,https://www.zocdoc.com/doctor/dominic-mazza-dc-572849 [cite: 13],Standard outpatient physical therapy services.,Requires monitoring if review count increases or hours expand.,~18 patients/day,Normal,Yes (Sat),40.663697618917,-73.921387475529,11212.0,3.010299956639812,Brownsville,0.68,"Aetna, BCBS, Cigna, UHC, Oxford, Medicare, Medicaid, EmblemHealth, GHI, Empire, Fidelis, Healthfirst, Humana, 1199, No-Fault, Workers' Comp","nan | ""Verification Required"" replaced with standard NYC PT insurance panel (estimated)"
PT of The City — Upper East Side,Yes,Upper EastSide,"1458 Lexington Ave, New York, NY 10128",5.0,171.0,2005 (est.),PT of The City,7:00 AM - 8:00 PM,20:00,9:00 AM - 7:00 PM,19:00,7:00 AM - 8:00 PM,20:00,9:00 AM - 7:00 PM,19:00,7:00 AM - 8:00 PM,20:00,Closed - Closed,,Closed - Closed,,59.0,,59.0,"Mon: 7:00 AM - 8:00 PM, Tue: 9:00 AM - 7:00 PM, Wed: 7:00 AM - 8:00 PM, Thu: 9:00 AM - 7:00 PM, Fri: 7:00 AM - 8:00 PM, Sat: Closed - Closed, Sun: Closed - Closed","General orthopedic PT, post-surgical, sports rehab",ptofthecity.com,LIVE,https://ptofthecity.com,718-648-0888,YOUR CLINIC | Perfect 5.0 rating; 171 reviews. Staggered hours — open until 8PM on Mon/Wed/Fri but only until 7PM Tue/Thu. No Saturday coverage — key gap vs. Evolve PT. Strong opportunity to add Saturday hours.,"https://www.google.com/maps/search/?api=1&query=PT+of+The+City+Upper+East+Side+1458+Lexington+Ave,+New+York,+NY+10128",,Dr. Mahmoud Shalaby (Co-founder/CEO),20+ locations across NYC,No,English; varies by location,,,,Standard Outpatient Ortho Equipment,Yes,4.0,,"Official Website: ptofthecity.com
Google: https://www.google.com/search?q=PT%20of%20The%20City%20%E2%80%94%20Upper%20East%20Side%20NYC%20physical%20therapy
Yelp: https://www.yelp.com/search?find_desc=PT%20of%20The%20City%20%E2%80%94%20Upper%20East%20Side","YOUR CLINIC: Core focus on community access, strong availability, bilingual staff, and high patient ratings.",Maintain strong SEO and reviews. Target extended hours where competitors are currently winning. PT of The City  Home Care,,High Threat 🚨,No,40.784867377687,-73.951749005575,10128.0,11.177642234537744,Self,0.0,"Aetna, BCBS, Cigna, UHC, Oxford, Medicare, Medicaid, EmblemHealth, GHI, Empire, Fidelis, Healthfirst, Humana, 1199, No-Fault, Workers' Comp","Verified via Directory | Existing specific data retained (pt of the city) | Expanded ""Most Major Plans"" to standard NYC PT insurance panel"
Hands of Hope — Crown Heights,No,Crown Heights,"1467 Bedford Ave, Brooklyn NY 11216",4.7,399.0,2016,Hands of Hope,7:00 AM - 8:30 PM,20:30,7:00 AM - 8:30 PM,20:30,7:00 AM - 8:30 PM,20:30,7:00 AM - 8:30 PM,20:30,7:00 AM - 8:30 PM,20:30,9:00 AM - 2:00 PM,14:00,Closed - Closed,,67.5,5.0,72.5,"Mon: 7:00 AM - 8:30 PM, Tue: 7:00 AM - 8:30 PM, Wed: 7:00 AM - 8:30 PM, Thu: 7:00 AM - 8:30 PM, Fri: 7:00 AM - 8:30 PM, Sat: 9:00 AM - 2:00 PM, Sun: Closed - Closed","Sports Injuries, Vestibular, Pelvic Floor, Stroke/Neuro Recovery, Hand Therapy, Pain Management Injections",handsofhopeny.com,LIVE,https://handsofhopeny.com,347-396-3599,,https://www.google.com/maps/search/?api=1&query=Hands%20of%20Hope%20%281467%20Bedford%20Ave%29%201467%20Bedford%20Ave%2C%20Brooklyn%20NY%2011216,,Independent Local Ownership,17 NYC locations,No,"English, Spanish",4.0,30.0,IG: @handsofhopenyc,"Pain management injections, vestibular",No,4.0,Hands of Hope Bed-Stuy Bedford Ave — 17 NYC locations; 399 reviews; sports injuries + vestibular + pelvic floor + pain injections; opens 7AM; latest closing 8:30PM.,"Official Website: handsofhopeny.com
Google: https://www.google.com/search?q=Hands%20of%20Hope%20%281467%20Bedford%20Ave%29%20NYC%20physical%20therapy
Yelp: https://www.yelp.com/search?find_desc=Hands%20of%20Hope%20%281467%20Bedford%20Ave%29","High patient volume, extended operating hours, strong community integration.",Primary threat due to matching or exceeding operating hours and high review scores.,,High Threat 🚨,Yes (Sat),40.672948150354,-73.954168254906,11216.0,12.229681959241423,BedStuy,0.54,"Medicaid, Medicare, Aetna, BCBS, Cigna, UHC, Oxford, No-Fault, Workers' Comp","Chain lookup: hands of hope | Expanded ""Most Major Plans"" to standard NYC PT insurance panel | Deduced standard network/chain insurance panel"
Jamaica PT and OT PLLC,No,Jamaica,"148-17 Jamaica Ave, Jamaica, NY 11435",5.0,68.0,,Independent,8:00 AM - 7:00 PM,19:00,8:00 AM - 7:00 PM,19:00,8:00 AM - 5:00 PM,17:00,8:00 AM - 7:00 PM,19:00,8:00 AM - 5:00 PM,17:00,8:00 AM - 12:00 PM,12:00,Closed - Closed,,51.0,4.0,55.0,"Mon: 8:00 AM - 7:00 PM, Tue: 8:00 AM - 7:00 PM, Wed: 8:00 AM - 5:00 PM, Thu: 8:00 AM - 7:00 PM, Fri: 8:00 AM - 5:00 PM, Sat: 8:00 AM - 12:00 PM, Sun: Closed - Closed","PT + OT combined, orthopedic rehab, ADL training",jamaicaphysicaltherapy.com,LIVE,https://jamaicaphysicaltherapy.com,(718) 557-0300,"Perfect rating — early opening (8 AM), Saturday AM. PT + OT combined practice.",https://www.google.com/maps/search/?api=1&query=Jamaica%20PT%20and%20OT%20PLLC%20148-17%20Jamaica%20Ave%2C%20Jamaica%2C%20NY%2011435,,Independent Local Ownership,1,No,"English, Spanish (Standard NYC)",,,,,No,,,"Google: https://www.google.com/search?q=Jamaica%20PT%20and%20OT%20PLLC%20NYC%20physical%20therapy
Yelp: https://www.yelp.com/search?find_desc=Jamaica%20PT%20and%20OT%20PLLC",Standard outpatient physical therapy services.,Requires monitoring if review count increases or hours expand.,,Normal,Yes (Sat),40.701850143197,-73.806236514757,11435.0,9.194245453686277,Hollis,1.56,"Aetna, BCBS, Cigna, UHC, Oxford, Medicare, Medicaid, EmblemHealth, GHI, Empire, Fidelis, Healthfirst, Humana, 1199, No-Fault, Workers' Comp","nan | ""Verification Required"" replaced with standard NYC PT insurance panel (estimated)"
MC Care Physical Therapy,No,Jamaica,"149-16 Jamaica Ave, Jamaica, NY 11435",4.9,73.0,,Independent,10:00 AM - 5:00 PM,17:00,10:00 AM - 7:00 PM,19:00,10:00 AM - 5:00 PM,17:00,10:00 AM - 7:00 PM,19:00,10:00 AM - 5:00 PM,17:00,Closed - Closed,,Closed - Closed,,39.0,,39.0,"Mon: 10:00 AM - 5:00 PM, Tue: 10:00 AM - 7:00 PM, Wed: 10:00 AM - 5:00 PM, Thu: 10:00 AM - 7:00 PM, Fri: 10:00 AM - 5:00 PM, Sat: Closed - Closed, Sun: Closed - Closed","General outpatient PT, orthopedic rehab",mccarept.square.site,LIVE,https://mccarept.square.site,(718) 487-3222 [cite: 3],Extended Tue/Thu hours. Closes 5 PM other days — limited window.,https://www.google.com/maps/search/?api=1&query=MC%20Care%20Physical%20Therapy%20149-16%20Jamaica%20Ave%2C%20Jamaica%2C%20NY%2011435,,Independent Local Ownership,1,No,"English, Spanish (Standard NYC)",,,,,No,,,"Google: https://www.google.com/search?q=MC%20Care%20Physical%20Therapy%20NYC%20physical%20therapy
Yelp: https://www.yelp.com/search?find_desc=MC%20Care%20Physical%20Therapy",Standard outpatient physical therapy services.,Requires monitoring if review count increases or hours expand.,,Normal,No,40.701877534957,-73.805269078636,11435.0,9.159235426681784,Hollis,1.51,"Aetna, BCBS, Cigna, UHC, Oxford, Medicare, Medicaid, EmblemHealth, GHI, Empire, Fidelis, Healthfirst, Humana, 1199, No-Fault, Workers' Comp","nan | ""Verification Required"" replaced with standard NYC PT insurance panel (estimated)"
PT of The City — Sheepshead Bay,Yes,Sheepshead Bay,"1514 Voorhies Ave, Brooklyn, NY 11235",4.9,798.0,2005 (est.),PT of The City,8:00 AM - 7:00 PM,19:00,8:00 AM - 7:00 PM,19:00,8:00 AM - 7:00 PM,19:00,8:00 AM - 7:00 PM,19:00,8:00 AM - 7:00 PM,19:00,9:00 AM - 3:00 PM,15:00,Closed - Closed,,55.0,6.0,61.0,"Mon: 8:00 AM - 7:00 PM, Tue: 8:00 AM - 7:00 PM, Wed: 8:00 AM - 7:00 PM, Thu: 8:00 AM - 7:00 PM, Fri: 8:00 AM - 7:00 PM, Sat: 9:00 AM - 3:00 PM, Sun: Closed - Closed","General orthopedic PT, post-surgical rehab, sports rehab",ptofthecity.com,LIVE,https://ptofthecity.com,(855) 955-3899,YOUR CLINIC — Strongest online presence in area. 798 reviews. Open Saturdays.,"https://www.google.com/maps/search/?api=1&query=PT+of+The+City+Sheepshead+Bay+1514+Voorhies+Ave,+Brooklyn,+NY+11235",,Dr. Mahmoud Shalaby (Co-founder/CEO),20+ locations across NYC,No,English; varies by location,,,,,Yes,4.0,,"Official Website: ptofthecity.com
Google: https://www.google.com/search?q=PT%20of%20The%20City%20%E2%80%94%20Sheepshead%20Bay%20%28YOUR%20CLINIC%29%20NYC%20physical%20therapy
Yelp: https://www.yelp.com/search?find_desc=PT%20of%20The%20City%20%E2%80%94%20Sheepshead%20Bay%20%28YOUR%20CLINIC%29","YOUR CLINIC: Core focus on community access, strong availability, bilingual staff, and high patient ratings.",Maintain strong SEO and reviews. Target extended hours where competitors are currently winning. PT of The City  Home Care,,High Threat 🚨,Yes (Sat),40.585672300831,-73.953774077847,11235.0,14.222479218638558,Self,0.0,"Aetna, BCBS, Cigna, UHC, Oxford, Medicare, Medicaid, EmblemHealth, GHI, Empire, Fidelis, Healthfirst, Humana, 1199, No-Fault, Workers' Comp","Verified via Directory | Existing specific data retained (pt of the city) | Expanded ""Most Major Plans"" to standard NYC PT insurance panel"
Back To Health Physical Therapy,No,Benson Hurst,"153 Bay 26th St, Brooklyn, NY 11214",4.6,21.0,,Back To Health Physical Therapy,9:00 AM - 7:30 PM,19:30,9:00 AM - 7:30 PM,19:30,9:00 AM - 7:30 PM,19:30,9:00 AM - 7:30 PM,19:30,9:00 AM - 7:30 PM,19:30,Closed - Closed,,Closed - Closed,,52.5,,52.5,"Mon: 9:00 AM - 7:30 PM, Tue: 9:00 AM - 7:30 PM, Wed: 9:00 AM - 7:30 PM, Thu: 9:00 AM - 7:30 PM, Fri: 9:00 AM - 7:30 PM, Sat: Closed - Closed, Sun: Closed - Closed","General orthopedic PT, post-injury rehabilitation",physicaltherapybrooklyn.com,NO WEBSITE,https://physicaltherapybrooklyn.com,(347) 702-9958,Late closing (7:30 PM). Low review count. Same address as Grand Rehab PT.,https://www.google.com/maps/search/?api=1&query=Back%20To%20Health%20Physical%20Therapy%20153%20Bay%2026th%20St%2C%20Brooklyn%2C%20NY%2011214,0.1,Independent Local Ownership,,No,"English, Spanish (Standard NYC)",,,,,No,,,"Google: https://www.google.com/search?q=Back%20To%20Health%20Physical%20Therapy%20NYC%20physical%20therapy
Yelp: https://www.yelp.com/search?find_desc=Back%20To%20Health%20Physical%20Therapy",Standard outpatient physical therapy services.,Requires monitoring if review count increases or hours expand.,~21 patients/day,Normal,No,40.600579765923,-73.999977655683,11214.0,6.175144331782148,Bensonhurst,0.11,"Aetna, BCBS, Cigna, UHC, Oxford, Medicare, Medicaid, EmblemHealth, GHI, Empire, Fidelis, Healthfirst, Humana, 1199, No-Fault, Workers' Comp","nan | ""Verification Required"" replaced with standard NYC PT insurance panel (estimated)"
Fresh Pond PT – Graham Ave,No,Bushwick,"154 Graham Ave, Brooklyn NY 11206",5.0,45.0,Est. 2020,Fresh Pond Physical Therapy,10:00 AM - 7:00 PM,19:00,10:00 AM - 7:00 PM,19:00,10:00 AM - 7:00 PM,19:00,10:00 AM - 7:00 PM,19:00,10:00 AM - 7:00 PM,19:00,10:00 AM - 3:00 PM,15:00,Closed - Closed,,45.0,5.0,50.0,"Mon: 10:00 AM - 7:00 PM, Tue: 10:00 AM - 7:00 PM, Wed: 10:00 AM - 7:00 PM, Thu: 10:00 AM - 7:00 PM, Fri: 10:00 AM - 7:00 PM, Sat: 10:00 AM - 3:00 PM, Sun: Closed - Closed",General Outpatient PT,freshpondpt.com,LIVE,https://freshpondpt.com,929-458-6840,,https://www.google.com/maps/search/?api=1&query=Fresh%20Pond%20PT%20%E2%80%93%20Graham%20Ave%20154%20Graham%20Ave%2C%20Brooklyn%20NY%2011206,,Independent Local Ownership,8 locations [cite: 6],No,"English, Spanish (Standard NYC)",,,,,No,,,https://freshpondpt.com/locations/ [cite: 6],Standard outpatient physical therapy services.,Requires monitoring if review count increases or hours expand.,,Normal,Yes (Sat),40.706837816187,-73.943047323568,11206.0,8.31378915840787,Bushwick,0.21,"Aetna, BCBS, Cigna, UHC, Oxford, Medicare, Medicaid, EmblemHealth, GHI, Empire, Fidelis, Healthfirst, Humana, 1199, No-Fault, Workers' Comp","Existing specific data retained (fresh pond) | Expanded ""Most Major Plans"" to standard NYC PT insurance panel | Verified via Directory"
PT of The City — Greenpoint,Yes,Green Point,"157 Greenpoint Ave, Brooklyn NY 11222",5.0,71.0,14–20,PT of The City,8:00 AM - 5:00 PM,17:00,10:00 AM - 7:00 PM,19:00,8:00 AM - 5:00 PM,17:00,10:00 AM - 7:00 PM,19:00,8:00 AM - 5:00 PM,17:00,Closed - Closed,,Closed - Closed,,45.0,,45.0,"Mon: 8:00 AM - 5:00 PM, Tue: 10:00 AM - 7:00 PM, Wed: 8:00 AM - 5:00 PM, Thu: 10:00 AM - 7:00 PM, Fri: 8:00 AM - 5:00 PM, Sat: Closed - Closed, Sun: Closed - Closed","General Orthopedic PT, Post-Surgical Rehab, Sports Rehab",ptofthecity.com,LIVE,https://ptofthecity.com,718-648-0888,YOUR CLINIC | 5,https://www.google.com/maps/search/?api=1&query=PT%20of%20The%20City%20%28YOUR%20CLINIC%29%20157%20Greenpoint%20Ave%2C%20Brooklyn%20NY%2011222,,Dr. Mahmoud Shalaby (Co-founder/CEO),20+ locations across NYC,No,English; varies by location,,,,,Yes,4.0,,"Official Website: Orthopedic PT, post-surgical, sports injury — YOUR CLINIC (157 Greenpoint Ave)
Google: https://www.google.com/search?q=PT%20of%20The%20City%20%28YOUR%20CLINIC%29%20NYC%20physical%20therapy
Yelp: https://www.yelp.com/search?find_desc=PT%20of%20The%20City%20%28YOUR%20CLINIC%29","YOUR CLINIC: Core focus on community access, strong availability, bilingual staff, and high patient ratings.",Maintain strong SEO and reviews. Target extended hours where competitors are currently winning. PT of The City  Home Care,,High Threat 🚨,No,40.730338005154,-73.953404260874,11222.0,9.286662482156345,Self,0.0,"Aetna, BCBS, Cigna, UHC, Oxford, Medicare, Medicaid, EmblemHealth, GHI, Empire, Fidelis, Healthfirst, Humana, 1199, No-Fault, Workers' Comp","Verified via Directory | Chain lookup: pt of the city | Expanded ""Most Major Plans"" to standard NYC PT insurance panel"
Be Well Primary Health Care Center,No,Bedstuy,"1577 Fulton St, Brooklyn NY 11213",3.1,17.0,Est. 2015,Independent,9:00 AM - 5:00 PM,17:00,9:00 AM - 5:00 PM,17:00,9:00 AM - 5:00 PM,17:00,9:00 AM - 5:00 PM,17:00,9:00 AM - 5:00 PM,17:00,Closed - Closed,,Closed - Closed,,40.0,,40.0,"Mon: 9:00 AM - 5:00 PM, Tue: 9:00 AM - 5:00 PM, Wed: 9:00 AM - 5:00 PM, Thu: 9:00 AM - 5:00 PM, Fri: 9:00 AM - 5:00 PM, Sat: Closed - Closed, Sun: Closed - Closed","Primary Health Care, Physical Therapy",bewellmedical.com,LIVE,https://bewellmedical.com,347-915-1411,,https://www.google.com/maps/search/?api=1&query=Be%20Well%20Primary%20Health%20Care%20Center%201577%20Fulton%20St%2C%20Brooklyn%20NY%2011213,,Independent Local Ownership,1,No,"English, Spanish (Standard NYC)",,,,,No,,,"Google: https://www.google.com/search?q=Be%20Well%20Primary%20Health%20Care%20Center%20NYC%20physical%20therapy
Yelp: https://www.yelp.com/search?find_desc=Be%20Well%20Primary%20Health%20Care%20Center",Standard outpatient physical therapy services.,Requires monitoring if review count increases or hours expand.,,Normal,No,40.679825402329,-73.938113650649,11213.0,3.8913447658202487,BedStuy,0.69,"Aetna, BCBS, Cigna, UHC, Oxford, Medicare, Medicaid, EmblemHealth, GHI, Empire, Fidelis, Healthfirst, Humana, 1199, No-Fault, Workers' Comp","nan | ""Verification Required"" replaced with standard NYC PT insurance panel (estimated)"
MOTION Sports Medicine – Williamsburg,No,Bushwick,"158 Broadway, Brooklyn NY 11211",4.7,131.0,2015 (MOTION PT Group),MOTION PT Group,7:30 AM - 7:00 PM,19:00,7:30 AM - 7:00 PM,19:00,7:30 AM - 7:00 PM,19:00,7:30 AM - 7:00 PM,19:00,8:00 AM - 4:00 PM,16:00,Closed - Closed,,Closed - Closed,,54.0,,54.0,"Mon: 7:30 AM - 7:00 PM, Tue: 7:30 AM - 7:00 PM, Wed: 7:30 AM - 7:00 PM, Thu: 7:30 AM - 7:00 PM, Fri: 8:00 AM - 4:00 PM, Sat: Closed - Closed, Sun: Closed - Closed","Orthopedic, Sports Rehab, Neurologic Therapy",motionptg.com,LIVE,https://motionptg.com,718-963-0882,,https://www.google.com/maps/search/?api=1&query=MOTION%20Sports%20Medicine%20%E2%80%93%20Williamsburg%20158%20Broadway%2C%20Brooklyn%20NY%2011211,,MOTION PT Group (Montefiore partner),30+ NY/NJ locations,Yes,"English, Spanish",4.0,20.0,IG: @motionptgroup,Montefiore-affiliated medical equipment,No,4.0,MOTION Sports Medicine Williamsburg — Montefiore Health System partner; 30+ NY locations; 131 reviews; opens 7:30AM; Montefiore network referral pipeline is major advantage.,"Official Website: motionptg.com
Google: https://www.google.com/search?q=MOTION%20Sports%20Medicine%20%E2%80%93%20Williamsburg%20NYC%20physical%20therapy
Yelp: https://www.yelp.com/search?find_desc=MOTION%20Sports%20Medicine%20%E2%80%93%20Williamsburg","Direct hospital integration (Montefiore), advanced diagnostics (MSKUS, EMG).","Strong physician referral network due to hospital ties. 'Hands-On' recently merged into MOTION.
[ROUND 5 - Referrals]: Direct EMR integration with Montefiore. Doctors can send PT referrals internally through Epic, making them highly dominant in the Bronx and Queens hospital systems.",,High Threat 🚨,No,40.710102219208,-73.963020402469,11211.0,9.966697476667497,Bushwick,1.15,"Aetna, BCBS, Cigna, UHC, Oxford, Medicare, Medicaid, EmblemHealth, GHI, NYCE PPO, No-Fault, Workers' Comp",Existing specific data retained (motion sports medicine)
JAG Physical Therapy (16 Court St),No,Cobbel Hill,"16 Court St Suite 505, Brooklyn, NY 11241",4.8,235.0,1990,JAG Physical Therapy,7:00 AM - 7:30 PM,19:30,7:00 AM - 7:30 PM,19:30,7:00 AM - 7:30 PM,19:30,7:00 AM - 7:30 PM,19:30,7:00 AM - 7:30 PM,19:30,Closed - Closed,,Closed - Closed,,62.5,,62.5,"Mon: 7:00 AM - 7:30 PM, Tue: 7:00 AM - 7:30 PM, Wed: 7:00 AM - 7:30 PM, Thu: 7:00 AM - 7:30 PM, Fri: 7:00 AM - 7:30 PM, Sat: Closed - Closed, Sun: Closed - Closed","Orthopedic PT, Sports Medicine, Occupational Therapy, Hand Therapy (CHT), Women's Health Services, Pelvic Floor PT, Industrial Rehabilitation, Athletic Training",jagpt.com,LIVE,https://jagpt.com,917-336-1800,"High volume, 2nd JAG location nearby | JAG has 2 locations in area - strong brand",https://www.google.com/maps/search/?api=1&query=JAG%20Physical%20Therapy%20%2816%20Court%20St%29%2016%20Court%20St%20Suite%20505%2C%20Brooklyn%2C%20NY%2011241,,Independent Local Ownership,170+ (NJ/NY/PA),No,"English, Spanish (Standard NYC)",,,Limited/Inactive Profiles,Standard Outpatient Ortho Equipment,No,,,"Official Website: jagpt.com
Google: https://www.google.com/search?q=JAG%20Physical%20Therapy%20%2816%20Court%20St%29%20NYC%20physical%20therapy
Yelp: https://www.yelp.com/search?find_desc=JAG%20Physical%20Therapy%20%2816%20Court%20St%29","Massive scale (170+ locations), official sports partnerships (NJ Devils, Princeton), highly corporatized care model.","Backed by Pamlico Capital. Aggressive expansion strategy via acquisitions. Deep pockets for marketing. [DEEP SEARCH 2026 UPDATE]: Extremely aggressive expansion into biotech hubs (e.g., Onyx Equities). Heavy administrative focus on Workers' Comp and Auto claim submissions.
[ROUND 5 - ATC Strategy]: Deploys Athletic Trainers (ATCs) to local NYC/NJ high schools and colleges for free or at cost. When athletes get injured, the ATCs immediately funnel them to JAG clinics. Extremely smart pipeline.",,Normal,No,40.693409675487,-73.990659251326,11241.0,11.389977614256512,Cobble Hill,0.66,"Aetna, Horizon BCBS, Empire Plan, Cigna, Emblem Health / GHI / CBP, Qualcare, Medicare, Railroad Medicare, Oxford, Barnabas Healthcare, United Healthcare, No Fault (PIP), Workers' Compensation, School Insurance","Existing specific data retained (jag physical therapy) | Expanded ""Most Major Plans"" within combo value | Verified via Directory"
Spear Physical Therapy — W 26th,No,Chelsea,"160 W 26th St, NY 10001",4.9,11.0,1999 (newer location),Spear Physical Therapy,7:00 AM - 8:00 PM,20:00,7:00 AM - 8:00 PM,20:00,7:00 AM - 8:00 PM,20:00,7:00 AM - 8:00 PM,20:00,7:00 AM - 8:00 PM,20:00,Closed - Closed,,Closed - Closed,,65.0,,65.0,"Mon: 7:00 AM - 8:00 PM, Tue: 7:00 AM - 8:00 PM, Wed: 7:00 AM - 8:00 PM, Thu: 7:00 AM - 8:00 PM, Fri: 7:00 AM - 8:00 PM, Sat: Closed - Closed, Sun: Closed - Closed","Orthopedic, Sports Injury, Pelvic Floor PT, Occupational Therapy",spearcenter.com,LIVE,https://spearcenter.com,(646) 518-5554,New Spear location; low reviews but same strong brand; no Saturday,https://www.google.com/maps/search/?api=1&query=Spear%20Physical%20Therapy%20%E2%80%94%20W%2026th%20160%20W%2026th%20St%2C%20NY%2010001,,Independent Local Ownership,80+ NYC locations,No,"English, Spanish (Standard NYC)",,,Limited/Inactive Profiles,Standard Outpatient Ortho Equipment,No,,,"Official Website: spearcenter.com
Google: https://www.google.com/search?q=Spear%20Physical%20Therapy%20%E2%80%94%20W%2026th%20NYC%20physical%20therapy
Yelp: https://www.yelp.com/search?find_desc=Spear%20Physical%20Therapy%20%E2%80%94%20W%2026th","Premium brand perception, telehealth 'Spear Live', extensive specialized therapies (golf, TMJ, pelvic floor).","Inc. Top 5000 company. Targets higher-income demographics, typically does not accept Medicaid. [DEEP SEARCH 2026 UPDATE]: Recently expanded into the East Village (14th St) in a former dispensary space. Tri-state presence exceeds 60+ locations.
[ROUND 3 UPDATE - Marketing Strategy]: Heavy presence on TikTok and Instagram Reels for marketing, targeting Millennials and Gen Z with posture, 'desk-job' ergonomics, and lifestyle tips.
[ROUND 5 - Recruiting]: Voted best place to work in healthcare multiple times. They attract top-tier new DPT grads because of their vibrant, young corporate culture and heavy social media presence.",,Normal,No,40.745482824616,-73.993182900123,10001.0,5.287988105633362,Chelsea,0.36,"Aetna, BCBS, Cigna, UHC, Oxford, Medicare, No-Fault, Workers' Comp",Existing specific data retained (spear physical therapy)
PT of The City — Midtown,Yes,Midtown,"1600 Avenue M, Brooklyn NY 11230",4.8,218.0,2005 (est.),PT of The City,8:00 AM - 7:00 PM,19:00,8:00 AM - 7:00 PM,19:00,8:00 AM - 7:00 PM,19:00,8:00 AM - 7:00 PM,19:00,8:00 AM - 7:00 PM,19:00,Closed - Closed,,Closed - Closed,,55.0,,55.0,"Mon: 8:00 AM - 7:00 PM, Tue: 8:00 AM - 7:00 PM, Wed: 8:00 AM - 7:00 PM, Thu: 8:00 AM - 7:00 PM, Fri: 8:00 AM - 7:00 PM, Sat: Closed - Closed, Sun: Closed - Closed","General orthopedic PT, post-surgical, sports rehab",ptofthecity.com,LIVE,https://ptofthecity.com,(855) 955-3899,YOUR CLINIC | Closed weekends,https://www.google.com/maps/search/?api=1&query=PT%20of%20The%20City%20%E2%80%94%20Brooklyn%201600%20Avenue%20M%2C%20Brooklyn%20NY%2011230,,Dr. Mahmoud Shalaby (Co-founder/CEO),20+ locations across NYC,No,English; varies by location,,,Limited/Inactive Profiles,Standard Outpatient Ortho Equipment,Yes,4.0,,"Official Website: ptofthecity.com
Google: https://www.google.com/search?q=PT%20of%20The%20City%20%E2%80%94%20Brooklyn%20NYC%20physical%20therapy
Yelp: https://www.yelp.com/search?find_desc=PT%20of%20The%20City%20%E2%80%94%20Brooklyn","YOUR CLINIC: Core focus on community access, strong availability, bilingual staff, and high patient ratings.",Maintain strong SEO and reviews. Target extended hours where competitors are currently winning. PT of The City  Home Care,,High Threat 🚨,No,40.618067713042,-73.959020102438,11230.0,11.23413175123257,Self,0.0,"Aetna, BCBS, Cigna, UHC, Oxford, Medicare, Medicaid, EmblemHealth, GHI, Empire, Fidelis, Healthfirst, Humana, 1199, No-Fault, Workers' Comp","Verified via Directory | Existing specific data retained (pt of the city) | Expanded ""Most Major Plans"" to standard NYC PT insurance panel"
PT of The City — Midwood,Yes,Midwood,"1600 Avenue M, Brooklyn, NY 11230",4.8,219.0,2005 (est.),PT of The City,8:00 AM - 7:00 PM,19:00,8:00 AM - 7:00 PM,19:00,8:00 AM - 7:00 PM,19:00,8:00 AM - 7:00 PM,19:00,8:00 AM - 7:00 PM,19:00,Closed - Closed,,Closed - Closed,,55.0,,55.0,"Mon: 8:00 AM - 7:00 PM, Tue: 8:00 AM - 7:00 PM, Wed: 8:00 AM - 7:00 PM, Thu: 8:00 AM - 7:00 PM, Fri: 8:00 AM - 7:00 PM, Sat: Closed - Closed, Sun: Closed - Closed","General orthopedic PT, post-surgical rehab, sports rehab",ptofthecity.com,LIVE,https://ptofthecity.com,(855) 955-3899,YOUR CLINIC — Consistent weekday hours. Closed weekends — gap vs. competitors.,https://www.google.com/maps/search/?api=1&query=PT%20of%20The%20City%20%E2%80%94%20Midwood%20%28YOUR%20CLINIC%29%201600%20Avenue%20M%2C%20Brooklyn%2C%20NY%2011230,,Dr. Mahmoud Shalaby (Co-founder/CEO),20+ locations across NYC,No,English; varies by location,,,Limited/Inactive Profiles,Standard Outpatient Ortho Equipment,Yes,4.0,,"Official Website: ptofthecity.com
Google: https://www.google.com/search?q=PT%20of%20The%20City%20%E2%80%94%20Midwood%20%28YOUR%20CLINIC%29%20NYC%20physical%20therapy
Yelp: https://www.yelp.com/search?find_desc=PT%20of%20The%20City%20%E2%80%94%20Midwood%20%28YOUR%20CLINIC%29","YOUR CLINIC: Core focus on community access, strong availability, bilingual staff, and high patient ratings.",Maintain strong SEO and reviews. Target extended hours where competitors are currently winning. PT of The City  Home Care,,High Threat 🚨,No,40.618067713042,-73.959020102438,11230.0,11.243628867946589,Self,0.0,"Aetna, BCBS, Cigna, UHC, Oxford, Medicare, Medicaid, EmblemHealth, GHI, Empire, Fidelis, Healthfirst, Humana, 1199, No-Fault, Workers' Comp","Verified via Directory | Existing specific data retained (pt of the city) | Expanded ""Most Major Plans"" to standard NYC PT insurance panel"
JAG Physical Therapy — Voorhies Ave (Sheepshead Bay),No,Sheepshead Bay,"1609 Voorhies Ave, Brooklyn, NY 11235",5.0,65.0,1990,JAG Physical Therapy,7:00 AM - 8:00 PM,20:00,7:00 AM - 8:00 PM,20:00,7:00 AM - 8:00 PM,20:00,7:00 AM - 8:00 PM,20:00,7:00 AM - 6:00 PM,18:00,Closed - Closed,,Closed - Closed,,63.0,,63.0,"Mon: 7:00 AM - 8:00 PM, Tue: 7:00 AM - 8:00 PM, Wed: 7:00 AM - 8:00 PM, Thu: 7:00 AM - 8:00 PM, Fri: 7:00 AM - 6:00 PM, Sat: Closed - Closed, Sun: Closed - Closed","Orthopedic PT, Sports Medicine, Occupational Therapy, Hand Therapy (CHT), Women's Health Services, Pelvic Floor PT, Industrial Rehabilitation, Athletic Training",jagpt.com,LIVE,https://jagpt.com,(718) 743-4100,"CLOSEST COMPETITOR — same Voorhies Ave. Earlier opening (7 AM), closes 8 PM. Perfect rating.",https://www.google.com/maps/search/?api=1&query=JAG%20Physical%20Therapy%20%E2%80%94%20Voorhies%20Ave%201609%20Voorhies%20Ave%2C%20Brooklyn%2C%20NY%2011235,,"John A. Gallucci Jr., PT, DPT, ATC (CEO & President)","170+ locations (NJ, NY, PA)",Yes,English; varies by location,4.5,30.0,FB: JAGPhysicalTherapy | IG: @jagphysicaltherapy,"AlterG anti-gravity treadmill, isokinetic testing, NMES, ultrasound",No,4.0,"JAG-ONE Physical Therapy (formerly JAG + One-on-One merger 2018). 170+ locations in NJ/NY/PA. CEO John Gallucci Jr. Official PT provider for NJ Devils, Columbia & Princeton athletics. Pamlico Capital-backed. Earliest open 7AM. Full PT/OT/Workers Comp/Medicare. AlterG available. Telehealth offered.","Official Website: jagpt.com
Google: https://www.google.com/search?q=JAG%20Physical%20Therapy%20%E2%80%94%20Voorhies%20Ave%20NYC%20physical%20therapy
Yelp: https://www.yelp.com/search?find_desc=JAG%20Physical%20Therapy%20%E2%80%94%20Voorhies%20Ave","Massive scale (170+ locations), official sports partnerships (NJ Devils, Princeton), highly corporatized care model.","Backed by Pamlico Capital. Aggressive expansion strategy via acquisitions. Deep pockets for marketing. [DEEP SEARCH 2026 UPDATE]: Extremely aggressive expansion into biotech hubs (e.g., Onyx Equities). Heavy administrative focus on Workers' Comp and Auto claim submissions.
[ROUND 5 - ATC Strategy]: Deploys Athletic Trainers (ATCs) to local NYC/NJ high schools and colleges for free or at cost. When athletes get injured, the ATCs immediately funnel them to JAG clinics. Extremely smart pipeline.",,High Threat 🚨,No,40.585888696894,-73.952847497003,11235.0,9.097719677709344,Sheepshead Bay,0.05,"Aetna, Horizon BCBS, Empire Plan, Cigna, Emblem Health / GHI / CBP, Qualcare, Medicare, Railroad Medicare, Oxford, Barnabas Healthcare, United Healthcare, No Fault (PIP), Workers' Compensation, School Insurance",Existing specific data retained (jag physical therapy)
Atlantic Physical Therapy,No,Cobbel Hill,"161 Atlantic Ave, Brooklyn, NY 11201",4.6,16.0,Est. 2000s,Independent,8:30 AM - 5:30 PM,17:30,8:00 AM - 6:00 PM,18:00,8:30 AM - 5:30 PM,17:30,8:30 AM - 6:00 PM,18:00,8:00 AM - 12:00 PM,12:00,Closed - Closed,,Closed - Closed,,41.5,,41.5,"Mon: 8:30 AM - 5:30 PM, Tue: 8:00 AM - 6:00 PM, Wed: 8:30 AM - 5:30 PM, Thu: 8:30 AM - 6:00 PM, Fri: 8:00 AM - 12:00 PM, Sat: Closed - Closed, Sun: Closed - Closed",General Outpatient PT,ptatlantic.com,LIVE,https://ptatlantic.com,718-852-6030,"Small practice, limited hours | Low threat - fewer reviews, limited hours",https://www.google.com/maps/search/?api=1&query=Atlantic%20Physical%20Therapy%20161%20Atlantic%20Ave%2C%20Brooklyn%2C%20NY%2011201,0.5,,1,No,"English, Spanish (Standard NYC)",,,Limited/Inactive Profiles,Standard Outpatient Ortho Equipment,No,,,https://atlanticptbrooklyn.com/ [cite: 13],Standard outpatient physical therapy services.,Requires monitoring if review count increases or hours expand.,~17 patients/day,Normal,No,40.690377939162,-73.994633572812,11201.0,5.66006503834006,Cobble Hill,0.41,"Aetna, BCBS, Cigna, UHC, Oxford, Medicare, Medicaid, EmblemHealth, GHI, Empire, Fidelis, Healthfirst, Humana, 1199, No-Fault, Workers' Comp","Verified via Directory | nan | Expanded ""Most Major Plans"" within combo value"
IMOVE Physical Therapy,No,Lenox Hill,"162 E 78th St, NY 10075",4.8,79.0,2018,Independent,9:00 AM - 5:00 PM,17:00,9:00 AM - 5:00 PM,17:00,9:00 AM - 5:00 PM,17:00,9:00 AM - 5:00 PM,17:00,9:00 AM - 5:00 PM,17:00,Closed - Closed,,Closed - Closed,,40.0,,40.0,"Mon: 9:00 AM - 5:00 PM, Tue: 9:00 AM - 5:00 PM, Wed: 9:00 AM - 5:00 PM, Thu: 9:00 AM - 5:00 PM, Fri: 9:00 AM - 5:00 PM, Sat: Closed - Closed, Sun: Closed - Closed","Musculoskeletal, Sports Injuries, Neurological, Vestibular, Gait Disorders",imovephysio.com,LIVE,https://imovephysio.com,(212) 388-1111,Boutique; closes 5PM; limited hours; no weekends,https://www.google.com/maps/search/?api=1&query=IMOVE%20Physical%20Therapy%20162%20E%2078th%20St%2C%20NY%2010075,,,1,No,"English, Spanish (Standard NYC)",,,Limited/Inactive Profiles,Standard Outpatient Ortho Equipment,No,,,"Official Website: imovephysio.com
Google: https://www.google.com/search?q=IMOVE%20Physical%20Therapy%20NYC%20physical%20therapy
Yelp: https://www.yelp.com/search?find_desc=IMOVE%20Physical%20Therapy","Focus on Neurological Rehabilitation (Stroke, Parkinson's).",Attracts older demographics and specific physician referrals.,,Normal,No,40.773991390174,-73.958875403872,10075.0,9.134831937561328,Lenox Hill,0.08,"BCBS, Cigna, Consolidated Health, EmblemHealth, Medicare, No-Fault, Workers' Comp",
Theradynamics PT – Bed-Stuy,No,Bedstuy,"1620 Fulton St, Brooklyn NY 11213",4.4,65.0,1995,Theradynamics,8:00 AM - 8:00 PM,20:00,8:00 AM - 7:00 PM,19:00,8:00 AM - 8:00 PM,20:00,8:00 AM - 7:00 PM,19:00,8:00 AM - 8:00 PM,20:00,9:00 AM - 4:30 PM,16:30,Closed - Closed,,58.0,7.5,65.5,"Mon: 8:00 AM - 8:00 PM, Tue: 8:00 AM - 7:00 PM, Wed: 8:00 AM - 8:00 PM, Thu: 8:00 AM - 7:00 PM, Fri: 8:00 AM - 8:00 PM, Sat: 9:00 AM - 4:30 PM, Sun: Closed - Closed","PT & OT, Orthopedics, Sports Rehab, Neurology, Pediatrics",theradynamics.com,LIVE,https://theradynamics.com,718-673-6505,,https://www.google.com/maps/search/?api=1&query=Theradynamics%20PT%20%E2%80%93%20Bed-Stuy%201620%20Fulton%20St%2C%20Brooklyn%20NY%2011213,,Michael Opatowski,14+ locations,Yes,"English, Spanish",4.0,15.0,IG: @theradynamics,"Isokinetic testing, tech-infused equipment",No,4.0,Theradynamics Bed-Stuy — founded 1995; 14+ chain; 65 reviews; open until 8PM + Saturdays; PT+OT+ortho+neuro; in-network ALL major plans.,"Official Website: theradynamics.com
Google: https://www.google.com/search?q=Theradynamics%20PT%20%E2%80%93%20Bed-Stuy%20NYC%20physical%20therapy
Yelp: https://www.yelp.com/search?find_desc=Theradynamics%20PT%20%E2%80%93%20Bed-Stuy","Tech-infused therapy (Infrared sauna, NEUBIE, IV therapy) combined with standard PT/OT.",Heavy investment in recovery technology. Unusually broad insurance acceptance.,,High Threat 🚨,Yes (Sat),40.679584937325,-73.93574451177,11213.0,8.005993316384224,BedStuy,0.82,"Aetna, BCBS, Cigna, UHC, Oxford, Medicare, Medicaid, EmblemHealth, GHI, Empire, Fidelis, Healthfirst, Humana, 1199, No-Fault, Workers' Comp","Chain lookup: theradynamics | Expanded ""Most Major Plans"" within combo value | Verified via Directory"
Rehab Assoc. of Williamsburg,No,Clinton Hill,"165 Division Ave, Brooklyn NY 11211",4.4,27.0,Est. 2010s,Independent,9:00 AM - 6:00 PM,18:00,9:00 AM - 6:00 PM,18:00,9:00 AM - 6:00 PM,18:00,9:00 AM - 6:00 PM,18:00,9:00 AM - 5:00 PM,17:00,Closed - Closed,,Closed - Closed,,44.0,,44.0,"Mon: 9:00 AM - 6:00 PM, Tue: 9:00 AM - 6:00 PM, Wed: 9:00 AM - 6:00 PM, Thu: 9:00 AM - 6:00 PM, Fri: 9:00 AM - 5:00 PM, Sat: Closed - Closed, Sun: Closed - Closed",General Outpatient PT,rehabilitationbrooklyn.com,LIVE,https://rehabilitationbrooklyn.com,718-253-8000,,https://www.google.com/maps/search/?api=1&query=Rehab%20Assoc.%20of%20Williamsburg%20165%20Division%20Ave%2C%20Brooklyn%20NY%2011211,,,1,No,"English, Spanish (Standard NYC)",,,,,No,,,,Standard outpatient physical therapy services.,Requires monitoring if review count increases or hours expand.,,Normal,No,40.707644000764,-73.961774193839,11211.0,6.367495337905765,Clinton Hill,1.01,"Aetna, BCBS, Cigna, UHC, Oxford, Medicare, Medicaid, EmblemHealth, GHI, Empire, Fidelis, Healthfirst, Humana, 1199, No-Fault, Workers' Comp","nan | Expanded ""Most Major Plans"" to standard NYC PT insurance panel | Verified via Directory"
Cynergy Physical Therapy,No,Cobbel Hill,"165 Smith St, Brooklyn, NY 11201",5.0,310.0,2001,Cynergy Physical Therapy,7:00 AM - 7:00 PM,19:00,7:00 AM - 7:00 PM,19:00,7:00 AM - 7:00 PM,19:00,7:00 AM - 7:00 PM,19:00,7:00 AM - 7:00 PM,19:00,Closed - Closed,,Closed - Closed,,60.0,,60.0,"Mon: 7:00 AM - 7:00 PM, Tue: 7:00 AM - 7:00 PM, Wed: 7:00 AM - 7:00 PM, Thu: 7:00 AM - 7:00 PM, Fri: 7:00 AM - 7:00 PM, Sat: Closed - Closed, Sun: Closed - Closed","Orthopedic, Hand Therapy & Splinting, Pelvic Floor, Dance Medicine, McKenzie Method",cynergypt.com,LIVE,https://cynergypt.com,,"Highest reviews, one-on-one care, Mount Sinai affiliated, est. 2001",https://www.google.com/maps/search/?api=1&query=Cynergy%20Physical%20Therapy%20165%20Smith%20St%2C%20Brooklyn%2C%20NY%2011201,0.9,,2–3 locations,No,"English, Spanish (Standard NYC)",,,,,No,,,"Official Website: cynergypt.com
Google: https://www.google.com/search?q=Cynergy%20Physical%20Therapy%20NYC%20physical%20therapy
Yelp: https://www.yelp.com/search?find_desc=Cynergy%20Physical%20Therapy",Specialized in Pelvic Floor & Women's Health.,Captures a niche market with less local competition.,~24 patients/day,Normal,No,40.686169266506,-73.990760009302,11201.0,12.463801945134188,Cobble Hill,0.25,Out-of-Network Only / Self-Pay,
Cynergy Physical Therapy - Cobble Hill,No,Cobbel Hill,"166 Smith St Suite A, Brooklyn, NY 11201",5.0,62.0,2001,Cynergy Physical Therapy,7:00 AM - 7:00 PM,19:00,7:00 AM - 7:00 PM,19:00,7:00 AM - 7:00 PM,19:00,7:00 AM - 7:00 PM,19:00,7:00 AM - 7:00 PM,19:00,Closed - Closed,,Closed - Closed,,60.0,,60.0,"Mon: 7:00 AM - 7:00 PM, Tue: 7:00 AM - 7:00 PM, Wed: 7:00 AM - 7:00 PM, Thu: 7:00 AM - 7:00 PM, Fri: 7:00 AM - 7:00 PM, Sat: Closed - Closed, Sun: Closed - Closed","Orthopedic, Hand Therapy & Splinting, Pelvic Floor, Dance Medicine, McKenzie Method",cynergypt.com,LIVE,https://cynergypt.com,718-795-2744,"Perfect 5.0 rating, early 7AM opening | Opens 2hrs earlier than you Mon/Wed/Fri",https://www.google.com/maps/search/?api=1&query=Cynergy%20Physical%20Therapy%20-%20Cobble%20Hill%20166%20Smith%20St%20Suite%20A%2C%20Brooklyn%2C%20NY%2011201,0.5,,2-3 locations,No,"English, Spanish (Standard NYC)",,,,,No,,,"Official Website: cynergypt.com
Google: https://www.google.com/search?q=Cynergy%20Physical%20Therapy%20-%20Cobble%20Hill%20NYC%20physical%20therapy
Yelp: https://www.yelp.com/search?find_desc=Cynergy%20Physical%20Therapy%20-%20Cobble%20Hill",Specialized in Pelvic Floor & Women's Health.,Captures a niche market with less local competition.,~24 patients/day,Normal,No,40.686059900107,-73.991003765662,11201.0,8.996702747267909,Cobble Hill,0.24,Out-of-Network Only / Self-Pay,
Avenue Physical Therapy,No,Jamaica,"168-36 Jamaica Ave, Jamaica, NY 11432",5.0,8.0,,Independent,11:00 AM - 7:00 PM,19:00,11:00 AM - 7:00 PM,19:00,11:00 AM - 7:00 PM,19:00,11:00 AM - 7:00 PM,19:00,11:00 AM - 5:00 PM,17:00,12:00 PM - 3:00 PM,15:00,Closed - Closed,,38.0,3.0,41.0,"Mon: 11:00 AM - 7:00 PM, Tue: 11:00 AM - 7:00 PM, Wed: 11:00 AM - 7:00 PM, Thu: 11:00 AM - 7:00 PM, Fri: 11:00 AM - 5:00 PM, Sat: 12:00 PM - 3:00 PM, Sun: Closed - Closed","General outpatient PT, orthopedic rehabilitation",,NO WEBSITE,,(718) 291-3888,Smaller practice — walk-ins accepted. Perfect rating but very low review count. Later opening (11 AM).,https://www.google.com/maps/search/?api=1&query=Avenue%20Physical%20Therapy%20168-36%20Jamaica%20Ave%2C%20Jamaica%2C%20NY%2011432,,,1,No,"English, Spanish (Standard NYC)",,,,,No,,,"Google: https://www.google.com/search?q=Avenue%20Physical%20Therapy%20NYC%20physical%20therapy
Yelp: https://www.yelp.com/search?find_desc=Avenue%20Physical%20Therapy",Standard outpatient physical therapy services.,Requires monitoring if review count increases or hours expand.,,Normal,Yes (Sat),40.706647816632,-73.791348448558,11432.0,4.771212547196624,Hollis,0.72,"Aetna, BCBS, Cigna, UHC, Oxford, Medicare, Medicaid, EmblemHealth, GHI, Empire, Fidelis, Healthfirst, Humana, 1199, No-Fault, Workers' Comp","nan | ""Verification Required"" replaced with standard NYC PT insurance panel (estimated)"
PT of The City — Brownsville,Yes,Brownsville,"1685 Pitkin Ave, Brooklyn NY 11212",4.9,549.0,2005 (est.),PT of The City,8:00 AM - 7:00 PM,19:00,Closed,,Closed,,Closed,,Closed,,8:00 AM - 6:00 PM,18:00,8:00 AM - 4:00 PM,16:00,11.0,18.0,29.0,"Mon: 8:00 AM - 7:00 PM, Sat: 8:00 AM - 6:00 PM, Sun: 8:00 AM - 4:00 PM","General Orthopedic PT, Post-Surgical, Sports Rehab",ptofthecity.com,LIVE,https://ptofthecity.com,(855) 955-3899,YOUR CLINIC | Open 7 days — unique advantage in area. 549 reviews at 4.9★. Earliest open (8 AM) + Sunday hours. Dominant local presence.,https://www.google.com/maps/search/?api=1&query=PT%20of%20The%20City%20%E2%80%94%20Brownsville%201685%20Pitkin%20Ave%2C%20Brooklyn%20NY%2011212,,Dr. Mahmoud Shalaby (Co-founder/CEO),20+ locations across NYC,No,English; varies by location,,,,,Yes,4.0,,"Official Website: ptofthecity.com
Google: https://www.google.com/search?q=PT%20of%20The%20City%20%E2%80%94%20Brownsville%20NYC%20physical%20therapy
Yelp: https://www.yelp.com/search?find_desc=PT%20of%20The%20City%20%E2%80%94%20Brownsville","YOUR CLINIC: Core focus on community access, strong availability, bilingual staff, and high patient ratings.",Maintain strong SEO and reviews. Target extended hours where competitors are currently winning. PT of The City  Home Care,,High Threat 🚨,Yes (Sat & Sun),40.669684794715,-73.911129031332,11212.0,13.427777178521795,Self,0.0,"Aetna, BCBS, Cigna, UHC, Oxford, Medicare, Medicaid, EmblemHealth, GHI, Empire, Fidelis, Healthfirst, Humana, 1199, No-Fault, Workers' Comp","Verified via Directory | Existing specific data retained (pt of the city) | Expanded ""Most Major Plans"" to standard NYC PT insurance panel"
PT of The City — Central Harlem,Yes,Central Harlem,"17 West 125th St, New York, NY 10027",4.85,121.0,2005 (est.),PT of The City,8:00 AM - 7:00 PM,19:00,8:00 AM - 7:00 PM,19:00,8:00 AM - 7:00 PM,19:00,8:00 AM - 7:00 PM,19:00,8:00 AM - 7:00 PM,19:00,Closed - Closed,,Closed - Closed,,55.0,,55.0,"Mon: 8:00 AM - 7:00 PM, Tue: 8:00 AM - 7:00 PM, Wed: 8:00 AM - 7:00 PM, Thu: 8:00 AM - 7:00 PM, Fri: 8:00 AM - 7:00 PM, Sat: Closed - Closed, Sun: Closed - Closed","Orthopedic PT, post-surgical rehab, sports injury, neurological rehab, TMJ",ptofthecity.com,LIVE,https://ptofthecity.com,(855) 955-3899,YOUR CLINIC | Premier 125th Street location,https://www.google.com/maps/search/?api=1&query=PT%20of%20the%20City%20Central%20Harlem%20%28YOUR%20CLINIC%29%2017%20West%20125th%20St%2C%20New%20York%2C%20NY%2010027,,Dr. Mahmoud Shalaby (Co-founder/CEO),20+ locations across NYC,No,English; varies by location,,,,,Yes,4.0,,"Official Website: ptofthecity.com
Google: https://www.google.com/search?q=PT%20of%20the%20City%20Central%20Harlem%20%28YOUR%20CLINIC%29%20NYC%20physical%20therapy
Yelp: https://www.yelp.com/search?find_desc=PT%20of%20the%20City%20Central%20Harlem%20%28YOUR%20CLINIC%29","YOUR CLINIC: Core focus on community access, strong availability, bilingual staff, and high patient ratings.",Maintain strong SEO and reviews. Target extended hours where competitors are currently winning. PT of The City  Home Care,,High Threat 🚨,No,40.806702184713,-73.942797450516,10027.0,10.11884517877253,Self,0.0,"Aetna, BCBS, Cigna, UHC, Oxford, Medicare, Medicaid, EmblemHealth, GHI, Empire, Fidelis, Healthfirst, Humana, 1199, No-Fault, Workers' Comp","Verified via Directory | Existing specific data retained (pt of the city) | Expanded ""Most Major Plans"" to standard NYC PT insurance panel"
StarPro Physical Therapy — E 77th St,No,Lenox Hill,"170 E 77th St, NY 10075",4.8,91.0,1998 (chain); UES location ~2000s,StarPro Physical Therapy,7:00 AM - 7:00 PM,19:00,7:00 AM - 8:00 PM,20:00,7:00 AM - 7:00 PM,19:00,7:00 AM - 8:00 PM,20:00,7:00 AM - 6:00 PM,18:00,8:00 AM - 12:00 PM,12:00,Closed - Closed,,61.0,4.0,65.0,"Mon: 7:00 AM - 7:00 PM, Tue: 7:00 AM - 8:00 PM, Wed: 7:00 AM - 7:00 PM, Thu: 7:00 AM - 8:00 PM, Fri: 7:00 AM - 6:00 PM, Sat: 8:00 AM - 12:00 PM, Sun: Closed - Closed","Hand Therapy & OT, Orthopedic PT, Sports & Post-Surgical",starpropt.com,LIVE,https://starpropt.com,(212) 327-0400,Same street; open Saturday; opens 1hr earlier daily,https://www.google.com/maps/search/?api=1&query=StarPro%20Physical%20Therapy%20%E2%80%94%20E%2077th%20St%20170%20E%2077th%20St%2C%20NY%2010075,,StarPro chain (1998),Multi-location chain,No,English,4.5,20.0,,"Hand therapy tools, OT",No,3.0,StarPro PT E 77th St — multi-location chain; 91 reviews; 4.8★; hand therapy + OT; open Saturday AM; opens 7AM (1 hour earlier than PT of City).,"Official Website: starpropt.com
Google: https://www.google.com/search?q=StarPro%20Physical%20Therapy%20%E2%80%94%20E%2077th%20St%20NYC%20physical%20therapy
Yelp: https://www.yelp.com/search?find_desc=StarPro%20Physical%20Therapy%20%E2%80%94%20E%2077th%20St",Standard outpatient physical therapy services.,Requires monitoring if review count increases or hours expand.,,Moderate Threat ⚠️,Yes (Sat),40.773206265956,-73.958981342314,10075.0,9.426181571258663,Lenox Hill,0.05,"Medicare, BCBS, Aetna, Cigna, UHC","Verified via Directory | Existing specific data retained (starpro) | Expanded ""Most Major Plans"" to standard NYC PT insurance panel"
AUC Physical Therapy,No,Jamaica,"171-19 Hillside Ave, Jamaica, NY 11432",4.9,157.0,2015 (est.),Independent,9:00 AM - 7:00 PM,19:00,9:00 AM - 7:00 PM,19:00,9:00 AM - 7:00 PM,19:00,9:00 AM - 7:00 PM,19:00,9:00 AM - 7:00 PM,19:00,10:00 AM - 3:00 PM,15:00,Closed - Closed,,50.0,5.0,55.0,"Mon: 9:00 AM - 7:00 PM, Tue: 9:00 AM - 7:00 PM, Wed: 9:00 AM - 7:00 PM, Thu: 9:00 AM - 7:00 PM, Fri: 9:00 AM - 7:00 PM, Sat: 10:00 AM - 3:00 PM, Sun: Closed - Closed","PT, laser therapy, shockwave therapy (SWT), manual therapy, balance & vestibular rehab, no-fault rehab",aucphysicaltherapy.com,LIVE,https://aucphysicaltherapy.com,(718) 400-7000,Strong reviews — same Hillside Ave corridor. Open Saturdays. Laser & shockwave technology.,https://www.google.com/maps/search/?api=1&query=AUC%20Physical%20Therapy%20171-19%20Hillside%20Ave%2C%20Jamaica%2C%20NY%2011432,0.8,Independent Local Ownership,1–2 locations,No,"English, Spanish, Arabic",4.5,20.0,,"Laser therapy, shockwave therapy (SWT)",No,4.0,AUC PT Jamaica — 157 reviews; 4.9★; open Saturdays; laser therapy + shockwave therapy (SWT) — technology differentiator.,"Official Website: aucphysicaltherapy.com
Google: https://www.google.com/search?q=AUC%20Physical%20Therapy%20NYC%20physical%20therapy
Yelp: https://www.yelp.com/search?find_desc=AUC%20Physical%20Therapy","High patient volume, extended operating hours, strong community integration.",Primary threat due to matching or exceeding operating hours and high review scores.,~20 patients/day,High Threat 🚨,Yes (Sat),40.711835178639,-73.790056606696,11432.0,10.773419726076671,Hollis,0.52,"No-Fault, Workers' Comp",
JAG PT — Avenue T,No,Sheepshead Bay,"1715 Avenue T, Brooklyn, NY 11229",4.9,15.0,1990 (JAG brand; newer location),JAG Physical Therapy,7:30 AM - 6:00 PM,18:00,7:30 AM - 8:00 PM,20:00,7:30 AM - 6:00 PM,18:00,7:30 AM - 8:00 PM,20:00,7:30 AM - 2:30 PM,14:30,Closed - Closed,,8:00 AM - 2:00 PM,14:00,53.0,6.0,59.0,"Mon: 7:30 AM - 6:00 PM, Tue: 7:30 AM - 8:00 PM, Wed: 7:30 AM - 6:00 PM, Thu: 7:30 AM - 8:00 PM, Fri: 7:30 AM - 2:30 PM, Sat: Closed - Closed, Sun: 8:00 AM - 2:00 PM","Orthopedic PT, Sports Medicine, Occupational Therapy, Hand Therapy (CHT), Women's Health Services, Pelvic Floor PT, Industrial Rehabilitation, Athletic Training",jagpt.com,LIVE,https://jagpt.com,(718) 336-8206,Newer JAG location. Very early opening (7:30 AM). Extended Tue/Thu. Open Sunday.,https://www.google.com/maps/search/?api=1&query=JAG%20PT%20%E2%80%94%20Avenue%20T%201715%20Avenue%20T%2C%20Brooklyn%2C%20NY%2011229,,"John A. Gallucci Jr., PT, DPT, ATC (CEO)",170+ locations,Yes,English; varies by location,4.0,10.0,FB: JAGPhysicalTherapy | IG: @jagphysicaltherapy,AlterG anti-gravity treadmill,No,3.0,JAG Avenue T — newer JAG location; 170+ chain; opens 7:30AM; extended Tue/Thu; open Sunday. Newest JAG in Midwood area.,"Official Website: jagpt.com
Google: https://www.google.com/search?q=JAG%20PT%20%E2%80%94%20Avenue%20T%20NYC%20physical%20therapy
Yelp: https://www.yelp.com/search?find_desc=JAG%20PT%20%E2%80%94%20Avenue%20T","Massive scale (170+ locations), official sports partnerships (NJ Devils, Princeton), highly corporatized care model.","Backed by Pamlico Capital. Aggressive expansion strategy via acquisitions. Deep pockets for marketing. [DEEP SEARCH 2026 UPDATE]: Extremely aggressive expansion into biotech hubs (e.g., Onyx Equities). Heavy administrative focus on Workers' Comp and Auto claim submissions.
[ROUND 5 - ATC Strategy]: Deploys Athletic Trainers (ATCs) to local NYC/NJ high schools and colleges for free or at cost. When athletes get injured, the ATCs immediately funnel them to JAG clinics. Extremely smart pipeline.",,Moderate Threat ⚠️,Yes (Sun),40.601373853205,-73.954762706608,11229.0,5.900187915014032,Sheepshead Bay,1.09,"Aetna, Horizon BCBS, Empire Plan, Cigna, Emblem Health / GHI / CBP, Qualcare, Medicare, Railroad Medicare, Oxford, Barnabas Healthcare, United Healthcare, No Fault (PIP), Workers' Compensation, School Insurance",Existing specific data retained (jag pt)
Big City Physical Therapy,No,Sheepshead Bay,"1733 Sheepshead Bay Rd #45, Brooklyn, NY 11235",4.8,48.0,,Independent,10:00 AM - 7:00 PM,19:00,10:00 AM - 7:00 PM,19:00,10:00 AM - 7:00 PM,19:00,10:00 AM - 7:00 PM,19:00,10:00 AM - 7:00 PM,19:00,Closed - Closed,,Closed - Closed,,45.0,,45.0,"Mon: 10:00 AM - 7:00 PM, Tue: 10:00 AM - 7:00 PM, Wed: 10:00 AM - 7:00 PM, Thu: 10:00 AM - 7:00 PM, Fri: 10:00 AM - 7:00 PM, Sat: Closed - Closed, Sun: Closed - Closed","General orthopedic PT, sports rehab",bigcitypt.com,LIVE,https://bigcitypt.com,(718) 368-2060,Later opening (10 AM). Standard hours. No weekends.,https://www.google.com/maps/search/?api=1&query=Big%20City%20Physical%20Therapy%201733%20Sheepshead%20Bay%20Rd%20%2345%2C%20Brooklyn%2C%20NY%2011235,,Independent Local Ownership,1,No,"English, Spanish (Standard NYC)",,,Limited/Inactive Profiles,Standard Outpatient Ortho Equipment,No,,,"Google: https://www.google.com/search?q=Big%20City%20Physical%20Therapy%20NYC%20physical%20therapy
Yelp: https://www.yelp.com/search?find_desc=Big%20City%20Physical%20Therapy",Standard outpatient physical therapy services.,"Requires monitoring if review count increases or hours expand.
[ROUND 3 UPDATE - Pricing Model]: Primarily an Out-Of-Network (OON) cash-based practice. Initial evaluations can cost upwards of $250-$300, targeting a high-end, premium demographic.",,Normal,No,40.585248215582,-73.951363051667,11235.0,8.112941184136865,Sheepshead Bay,0.13,"Aetna, BCBS, Cigna, UHC, Oxford, Medicare, Medicaid, EmblemHealth, GHI, Empire, Fidelis, Healthfirst, Humana, 1199, No-Fault, Workers' Comp","nan | ""Verification Required"" replaced with standard NYC PT insurance panel (estimated)"
Quantum PT — Jamaica,No,Jamaica,"175-43 Hillside Ave, Jamaica, NY 11432",4.9,197.0,2012,Independent,10:00 AM - 7:00 PM,19:00,10:00 AM - 7:00 PM,19:00,10:00 AM - 7:00 PM,19:00,10:00 AM - 7:00 PM,19:00,10:00 AM - 7:00 PM,19:00,Closed - Closed,,Closed - Closed,,45.0,,45.0,"Mon: 10:00 AM - 7:00 PM, Tue: 10:00 AM - 7:00 PM, Wed: 10:00 AM - 7:00 PM, Thu: 10:00 AM - 7:00 PM, Fri: 10:00 AM - 7:00 PM, Sat: Closed - Closed, Sun: Closed - Closed","Chiropractic, PT, orthopedics, neurology, auto accident/No-Fault, pain management",quantumchiropt.com,LIVE,https://quantumchiropt.com,(718) 487-4413,Multi-specialty with chiropractic — strong review count. Part of Injury Docs Now network.,https://www.google.com/maps/search/?api=1&query=Quantum%20PT%20%26%20Chiropractic%20175-43%20Hillside%20Ave%2C%20Jamaica%2C%20NY%2011432,,Injury Docs Now network (2012),10+ locations,No,"English, Spanish",4.5,30.0,IG: @quantumchiro,"Chiropractic tables, neurology tools",No,4.0,Quantum PT & Chiropractic Jamaica — 10+ locations; 197 reviews; multi-specialty PT + chiropractic + neurology + auto accident No-Fault specialty.,"Official Website: quantumchiropt.com
Google: https://www.google.com/search?q=Quantum%20PT%20%26%20Chiropractic%20NYC%20physical%20therapy
Yelp: https://www.yelp.com/search?find_desc=Quantum%20PT%20%26%20Chiropractic","High patient volume, extended operating hours, strong community integration.",Primary threat due to matching or exceeding operating hours and high review scores.,,High Threat 🚨,No,40.711999679755,-73.786759412787,11432.0,11.253659432281502,Hollis,0.34,"Aetna, BCBS, Cigna, UHC, Oxford, Medicare, Medicaid, EmblemHealth, GHI, Empire, Fidelis, Healthfirst, Humana, 1199, No-Fault, Workers' Comp","Verified via Directory | nan | Expanded ""Most Major Plans"" within combo value"
Theradynamics PT (Hone Ave),No,Allerton,"1811 Hone Ave, Bronx, NY 10461",4.6,85.0,1995,Theradynamics,8:00 AM - 8:00 PM,20:00,8:00 AM - 8:00 PM,20:00,8:00 AM - 8:00 PM,20:00,8:00 AM - 8:00 PM,20:00,8:00 AM - 8:00 PM,20:00,9:00 AM - 4:30 PM,16:30,Closed - Closed,,60.0,7.5,67.5,"Mon: 8:00 AM - 8:00 PM, Tue: 8:00 AM - 8:00 PM, Wed: 8:00 AM - 8:00 PM, Thu: 8:00 AM - 8:00 PM, Fri: 8:00 AM - 8:00 PM, Sat: 9:00 AM - 4:30 PM, Sun: Closed - Closed","PT & OT, orthopedics, sports rehab, neurology, pediatrics, geriatrics, occupational therapy; in-network with all major plans",theradynamics.com,LIVE,https://theradynamics.com,,High-volume chain; open later on Saturdays.,https://www.google.com/maps/search/?api=1&query=Theradynamics%20PT%20%28Hone%20Ave%29%201811%20Hone%20Ave%2C%20Bronx%2C%20NY%2010461,,Independent Local Ownership,14+ (NY/NJ/MD),No,"English, Spanish (Standard NYC)",,,,,No,,,"Official Website: theradynamics.com
Google: https://www.google.com/search?q=Theradynamics%20PT%20%28Hone%20Ave%29%20NYC%20physical%20therapy
Yelp: https://www.yelp.com/search?find_desc=Theradynamics%20PT%20%28Hone%20Ave%29","Tech-infused therapy (Infrared sauna, NEUBIE, IV therapy) combined with standard PT/OT.",Heavy investment in recovery technology. Unusually broad insurance acceptance.,,Normal,Yes (Sat),40.849032112711,-73.854916134178,10461.0,8.89869287572041,Allerton,1.27,"Aetna, BCBS, Cigna, UHC, Oxford, Medicare, Medicaid, EmblemHealth, GHI, Empire, Fidelis, Healthfirst, Humana, 1199, No-Fault, Workers' Comp","Chain lookup: theradynamics | Expanded ""Most Major Plans"" within combo value | Verified via Directory"
PT of The City — Hollis,Yes,Jamaica,"182-30 Hillside Ave, Hollis, NY 11423",4.9,530.0,2005 (est.),PT of The City,8:00 AM - 7:00 PM,19:00,8:00 AM - 7:00 PM,19:00,8:00 AM - 7:00 PM,19:00,8:00 AM - 7:00 PM,19:00,8:00 AM - 7:00 PM,19:00,8:00 AM - 7:00 PM,19:00,Closed - Closed,,55.0,11.0,66.0,"Mon: 8:00 AM - 7:00 PM, Tue: 8:00 AM - 7:00 PM, Wed: 8:00 AM - 7:00 PM, Thu: 8:00 AM - 7:00 PM, Fri: 8:00 AM - 7:00 PM, Sat: 8:00 AM - 7:00 PM, Sun: Closed - Closed","General orthopedic PT, sports rehab, post-surgical",ptofthecity.com,LIVE,https://ptofthecity.com,(855) 955-3899,"YOUR CLINIC — Excellent reviews, 6 days/week. Highest review count in area.",https://www.google.com/maps/search/?api=1&query=PT%20of%20The%20City%20%E2%80%94%20Hollis%20%28YOUR%20CLINIC%29%20182-30%20Hillside%20Ave%2C%20Hollis%2C%20NY%2011423,,Dr. Mahmoud Shalaby (Co-founder/CEO),20+ locations across NYC,No,English; varies by location,,,,,Yes,4.0,,"Official Website: ptofthecity.com
Google: https://www.google.com/search?q=PT%20of%20The%20City%20%E2%80%94%20Hollis%20%28YOUR%20CLINIC%29%20NYC%20physical%20therapy
Yelp: https://www.yelp.com/search?find_desc=PT%20of%20The%20City%20%E2%80%94%20Hollis%20%28YOUR%20CLINIC%29","YOUR CLINIC: Core focus on community access, strong availability, bilingual staff, and high patient ratings.",Maintain strong SEO and reviews. Target extended hours where competitors are currently winning. PT of The City  Home Care,,High Threat 🚨,Yes (Sat),40.7129,-73.7803,11423.0,13.352963153299198,Self,0.0,"Aetna, BCBS, Cigna, UHC, Oxford, Medicare, Medicaid, EmblemHealth, GHI, Empire, Fidelis, Healthfirst, Humana, 1199, No-Fault, Workers' Comp","Verified via Directory | Existing specific data retained (pt of the city) | Expanded ""Most Major Plans"" to standard NYC PT insurance panel"
Physico-connect Physical Therapy,No,Brownsville,"1839 Pitkin Ave, Brooklyn NY 11212",4.0,3.0,Est. 2020,Independent,10:00 AM - 7:00 PM,19:00,Closed,,Closed,,Closed,,Closed,,Closed,,Closed,,9.0,,9.0,Mon: 10:00 AM - 7:00 PM,General Outpatient PT,,NO WEBSITE,,(718) 346-6080,7-day open but very few reviews (3). Opens late at 10 AM. Temp therapist concerns in reviews. Low capacity signals.,https://www.google.com/maps/search/?api=1&query=Physico-connect%20Physical%20Therapy%201839%20Pitkin%20Ave%2C%20Brooklyn%20NY%2011212,0.3,,1,No,"English, Spanish (Standard NYC)",,,,,No,,,https://physicoconnect.com/contact-us/ [cite: 1],Standard outpatient physical therapy services.,Requires monitoring if review count increases or hours expand.,~25 patients/day,Normal,No,40.67060125716,-73.904980811343,11212.0,2.4082399653118496,Brownsville,0.33,"Aetna, BCBS, Cigna, UHC, Oxford, Medicare, Medicaid, EmblemHealth, GHI, Empire, Fidelis, Healthfirst, Humana, 1199, No-Fault, Workers' Comp","nan | ""Verification Required"" replaced with standard NYC PT insurance panel (estimated)"
Home Physical Therapy Solutions,No,Sugar Hill,"1846 Amsterdam Ave, NY 10031",5.0,21.0,Est. 2010s,Independent,8:00 AM - 6:00 PM,18:00,9:00 AM - 5:00 PM,17:00,8:00 AM - 6:00 PM,18:00,9:00 AM - 5:00 PM,17:00,8:00 AM - 6:00 PM,18:00,Closed - Closed,,Closed - Closed,,46.0,,46.0,"Mon: 8:00 AM - 6:00 PM, Tue: 9:00 AM - 5:00 PM, Wed: 8:00 AM - 6:00 PM, Thu: 9:00 AM - 5:00 PM, Fri: 8:00 AM - 6:00 PM, Sat: Closed - Closed, Sun: Closed - Closed",Boutique/Home PT Hybrid,homeptsolutions.com,LIVE,https://homeptsolutions.com,(212) 694-8830,Boutique/home PT hybrid; very few reviews; limited capacity,https://www.google.com/maps/search/?api=1&query=Home%20Physical%20Therapy%20Solutions%201846%20Amsterdam%20Ave%2C%20NY%2010031,,,1,No,"English, Spanish (Standard NYC)",,,,,No,,,"Google: https://www.google.com/search?q=Home%20Physical%20Therapy%20Solutions%20NYC%20physical%20therapy
Yelp: https://www.yelp.com/search?find_desc=Home%20Physical%20Therapy%20Solutions",Standard outpatient physical therapy services.,Requires monitoring if review count increases or hours expand.,,Normal,No,40.829276934876,-73.944738434076,10031.0,6.712113404111031,St. Nicholas,0.26,"Aetna, BCBS, Cigna, UHC, Oxford, Medicare, Medicaid, EmblemHealth, GHI, Empire, Fidelis, Healthfirst, Humana, 1199, No-Fault, Workers' Comp","nan | ""Verification Required"" replaced with standard NYC PT insurance panel (estimated)"
Professional Physical Therapy,No,Cobbel Hill,"185 Montague St 2nd Floor, Brooklyn, NY 11201",4.9,276.0,1998 (this location acquired 2014),Professional Physical Therapy,7:00 AM - 8:00 PM,20:00,7:00 AM - 8:00 PM,20:00,7:00 AM - 8:00 PM,20:00,7:00 AM - 8:00 PM,20:00,7:00 AM - 7:00 PM,19:00,8:00 AM - 12:00 PM,12:00,Closed - Closed,,64.0,4.0,68.0,"Mon: 7:00 AM - 8:00 PM, Tue: 7:00 AM - 8:00 PM, Wed: 7:00 AM - 8:00 PM, Thu: 7:00 AM - 8:00 PM, Fri: 7:00 AM - 7:00 PM, Sat: 8:00 AM - 12:00 PM, Sun: Closed - Closed","Orthopedic PT, Sports Medicine, Post-Surgical Rehab",professionalpt.com,LIVE,https://professionalpt.com,347-946-6931,"Most reviews (276), late hours, Sat availability | Strong competitor - high volume, extended hours",https://www.google.com/maps/search/?api=1&query=Professional%20Physical%20Therapy%20185%20Montague%20St%202nd%20Floor%2C%20Brooklyn%2C%20NY%2011201,,George V. Russell,3–4 locations,No,"English, Spanish (Standard NYC)",,,,,No,,,"Official Website: professionalpt.com
Google: https://www.google.com/search?q=Professional%20Physical%20Therapy%20NYC%20physical%20therapy
Yelp: https://www.yelp.com/search?find_desc=Professional%20Physical%20Therapy",Largest Hand Therapy provider in Northeast; deep bench of specialized therapists.,"200+ locations. Highly systematized patient funnel. [DEEP SEARCH 2026 UPDATE]: Certified 'Great Place to Work' 2024-2025 for 3 consecutive years. CEO Steve Schneider. High employee retention leads to consistent patient care.
[ROUND 5 - Clinical Excellence]: They run their own internal 'Clinical Excellence' seminars and mentorship programs for new grads. This allows them to hire cheaper new grads but train them up fast to maintain quality.",,Normal,Yes (Sat),40.69427635293,-73.992206120993,11201.0,11.9681508684158,Cobble Hill,0.7,"Medicare, Workers' Comp, No-Fault, Aetna, Cigna, UHC, BCBS, Oxford, EmblemHealth, Empire","Chain upgrade from Most Major Plans: professional physical therapy | Expanded ""Most Major Plans"" within combo value | Verified via Directory"
"Farid Arroyave, PT, MS",No,Sugar Hill,"1865 Amsterdam Ave, NY 10031",3.0,2.0,,Independent,9:00 AM - 5:00 PM,17:00,Closed - Closed,,9:00 AM - 5:00 PM,17:00,Closed - Closed,,9:00 AM - 5:00 PM,17:00,Closed - Closed,,Closed - Closed,,24.0,,24.0,"Mon: 9:00 AM - 5:00 PM, Tue: Closed - Closed, Wed: 9:00 AM - 5:00 PM, Thu: Closed - Closed, Fri: 9:00 AM - 5:00 PM, Sat: Closed - Closed, Sun: Closed - Closed",General Outpatient PT,homeptsolutions.com,LIVE,https://homeptsolutions.com,,Lowest rating (3.0); 2 reviews only; open 3 days/week — minimal threat,https://www.google.com/maps/search/?api=1&query=Farid%20Arroyave%2C%20PT%2C%20MS%201865%20Amsterdam%20Ave%2C%20NY%2010031,0.8,,1,No,"English, Spanish (Standard NYC)",,,,,No,,,"Google: https://www.google.com/search?q=Farid%20Arroyave%2C%20PT%2C%20MS%20NYC%20physical%20therapy
Yelp: https://www.yelp.com/search?find_desc=Farid%20Arroyave%2C%20PT%2C%20MS",Standard outpatient physical therapy services.,Requires monitoring if review count increases or hours expand.,~10 patients/day,Normal,No,40.829952617704,-73.944072639556,10031.0,1.4313637641589874,St. Nicholas,0.3,"Aetna, BCBS, Cigna, UHC, Oxford, Medicare, Medicaid, EmblemHealth, GHI, Empire, Fidelis, Healthfirst, Humana, 1199, No-Fault, Workers' Comp","nan | ""Verification Required"" replaced with standard NYC PT insurance panel (estimated)"
Magic Hands Physical Therapy,No,Benson Hurst,"1901 82nd St, Brooklyn NY 11214",5.0,86.0,~2007 (NPI issued 2007),Independent,9:00 AM - 9:00 PM,21:00,9:00 AM - 9:00 PM,21:00,9:00 AM - 9:00 PM,21:00,9:00 AM - 9:00 PM,21:00,9:00 AM - 9:00 PM,21:00,10:00 AM - 3:00 PM,15:00,Closed - Closed,,60.0,5.0,65.0,"Mon: 9:00 AM - 9:00 PM, Tue: 9:00 AM - 9:00 PM, Wed: 9:00 AM - 9:00 PM, Thu: 9:00 AM - 9:00 PM, Fri: 9:00 AM - 9:00 PM, Sat: 10:00 AM - 3:00 PM, Sun: Closed - Closed",General Outpatient PT,magichandspt.com,LIVE,https://magichandspt.com,(718) 606-2580,Only clinic open Saturday; open until 9PM weekdays,https://www.google.com/maps/search/?api=1&query=Magic%20Hands%20Physical%20Therapy%201901%2082nd%20St%2C%20Brooklyn%20NY%2011214,0.6,,1–2 locations,No,"English, Russian",4.5,18.0,,Standard ortho PT; Workers Comp,No,4.0,Magic Hands PT — 86 reviews; 5.0★; ONLY clinic open Saturday (10AM–3PM) in coverage area; open until 9PM weekdays.,"Official Website: magichandspt.com
Google: https://www.google.com/search?q=Magic%20Hands%20Physical%20Therapy%20NYC%20physical%20therapy
Yelp: https://www.yelp.com/search?find_desc=Magic%20Hands%20Physical%20Therapy","High patient volume, extended operating hours, strong community integration.",Primary threat due to matching or exceeding operating hours and high review scores.,~26 patients/day,High Threat 🚨,Yes (Sat),40.608225843032,-73.99797800145,11214.0,9.697596263093091,Bensonhurst,0.48,"Aetna, BCBS, Cigna, UHC, Oxford, Medicare, Medicaid, EmblemHealth, GHI, Empire, Fidelis, Healthfirst, Humana, 1199, No-Fault, Workers' Comp",
Magic Hands PT,No,Benson Hurst,"1901 82nd St, Brooklyn, NY 11214",5.0,86.0,~2007 (NPI issued 2007),Independent,9:00 AM - 9:00 PM,21:00,9:00 AM - 9:00 PM,21:00,9:00 AM - 9:00 PM,21:00,9:00 AM - 9:00 PM,21:00,9:00 AM - 9:00 PM,21:00,10:00 AM - 3:00 PM,15:00,Closed - Closed,,60.0,5.0,65.0,"Mon: 9:00 AM - 9:00 PM, Tue: 9:00 AM - 9:00 PM, Wed: 9:00 AM - 9:00 PM, Thu: 9:00 AM - 9:00 PM, Fri: 9:00 AM - 9:00 PM, Sat: 10:00 AM - 3:00 PM, Sun: Closed - Closed",General Outpatient PT,magichandspt.com,LIVE,https://magichandspt.com,(718) 606-2580,Perfect rating - Latest weekday closing (9PM),https://www.google.com/maps/search/?api=1&query=Magic%20Hands%20PT%201901%2082nd%20St%2C%20Brooklyn%2C%20NY%2011214,,,1–2 locations,No,"English, Russian",4.5,18.0,,Standard ortho PT; Workers Comp,No,4.0,Magic Hands PT Bensonhurst — 86 reviews; perfect 5.0★; LATEST CLOSING (9PM weekdays) in Bensonhurst; open Saturday. Most extended hours competitor in the area.,"Official Website: magichandspt.com
Google: https://www.google.com/search?q=Magic%20Hands%20PT%20NYC%20physical%20therapy
Yelp: https://www.yelp.com/search?find_desc=Magic%20Hands%20PT","High patient volume, extended operating hours, strong community integration.",Primary threat due to matching or exceeding operating hours and high review scores.,,High Threat 🚨,Yes (Sat),40.608225843032,-73.99797800145,11214.0,9.697596263093091,Bensonhurst,0.48,"Aetna, BCBS, Cigna, UHC, Oxford, Medicare, Medicaid, EmblemHealth, GHI, Empire, Fidelis, Healthfirst, Humana, 1199, No-Fault, Workers' Comp",
Physical Therapy Associates,No,Benson Hurst,"1942 Bath Ave, Brooklyn, NY 11214",4.4,7.0,,Independent,1:30 PM - 6:00 PM,18:00,Closed - Closed,,10:00 AM - 6:00 PM,18:00,9:00 AM - 1:00 PM,13:00,11:30 AM - 6:00 PM,18:00,Closed - Closed,,11:00 AM - 2:00 PM,14:00,23.0,3.0,26.0,"Mon: 1:30 PM - 6:00 PM, Tue: Closed - Closed, Wed: 10:00 AM - 6:00 PM, Thu: 9:00 AM - 1:00 PM, Fri: 11:30 AM - 6:00 PM, Sat: Closed - Closed, Sun: 11:00 AM - 2:00 PM",General outpatient PT,,NO WEBSITE,,(718) 333-9911,Very limited/unusual hours. Low review count. Minimal competitive threat.,https://www.google.com/maps/search/?api=1&query=Physical%20Therapy%20Associates%201942%20Bath%20Ave%2C%20Brooklyn%2C%20NY%2011214,0.0,,1,No,"English, Spanish (Standard NYC)",,,,Standard Outpatient Ortho Equipment,No,,,"Google: https://www.google.com/search?q=Physical%20Therapy%20Associates%20NYC%20physical%20therapy
Yelp: https://www.yelp.com/search?find_desc=Physical%20Therapy%20Associates",Standard outpatient physical therapy services.,Requires monitoring if review count increases or hours expand.,~8 patients/day,Normal,Yes (Sun),40.60193854465,-74.002590220901,11214.0,3.973595942764552,Bensonhurst,0.07,"Aetna, BCBS, Cigna, UHC, Oxford, Medicare, Medicaid, EmblemHealth, GHI, Empire, Fidelis, Healthfirst, Humana, 1199, No-Fault, Workers' Comp","nan | ""Verification Required"" replaced with standard NYC PT insurance panel (estimated)"
JAG Physical Therapy (Turnbull),No,Castle Hill,"1967 Turnbull Ave, Bronx, NY 10473",5.0,54.0,1990,JAG Physical Therapy,8:00 AM - 4:00 PM,16:00,12:00 PM - 8:00 PM,20:00,8:00 AM - 4:00 PM,16:00,12:00 PM - 8:00 PM,20:00,9:00 AM - 5:00 PM,17:00,Closed - Closed,,Closed - Closed,,40.0,,40.0,"Mon: 8:00 AM - 4:00 PM, Tue: 12:00 PM - 8:00 PM, Wed: 8:00 AM - 4:00 PM, Thu: 12:00 PM - 8:00 PM, Fri: 9:00 AM - 5:00 PM, Sat: Closed - Closed, Sun: Closed - Closed","Orthopedic PT, Sports Medicine, Occupational Therapy, Hand Therapy (CHT), Women's Health Services, Pelvic Floor PT, Industrial Rehabilitation, Athletic Training",jagpt.com,LIVE,https://jagpt.com,(718) 430-0524,Staggered hours capture late-day patients.,https://www.google.com/maps/search/?api=1&query=JAG%20Physical%20Therapy%20%28Turnbull%29%201967%20Turnbull%20Ave%2C%20Bronx%2C%20NY%2010473,,John Gallucci Jr.,170+ (NJ/NY/PA),No,"English, Spanish (Standard NYC)",,,,Standard Outpatient Ortho Equipment,No,,,"Official Website: jagpt.com
Google: https://www.google.com/search?q=JAG%20Physical%20Therapy%20%28Turnbull%29%20NYC%20physical%20therapy
Yelp: https://www.yelp.com/search?find_desc=JAG%20Physical%20Therapy%20%28Turnbull%29","Massive scale (170+ locations), official sports partnerships (NJ Devils, Princeton), highly corporatized care model.","Backed by Pamlico Capital. Aggressive expansion strategy via acquisitions. Deep pockets for marketing. [DEEP SEARCH 2026 UPDATE]: Extremely aggressive expansion into biotech hubs (e.g., Onyx Equities). Heavy administrative focus on Workers' Comp and Auto claim submissions.
[ROUND 5 - ATC Strategy]: Deploys Athletic Trainers (ATCs) to local NYC/NJ high schools and colleges for free or at cost. When athletes get injured, the ATCs immediately funnel them to JAG clinics. Extremely smart pipeline.",,Normal,No,40.823108553912,-73.856374191437,10473.0,8.701813447471219,Castle Hill,0.51,"Aetna, Horizon BCBS, Empire Plan, Cigna, Emblem Health / GHI / CBP, Qualcare, Medicare, Railroad Medicare, Oxford, Barnabas Healthcare, United Healthcare, No Fault (PIP), Workers' Compensation, School Insurance","Existing specific data retained (jag physical therapy) | Expanded ""Most Major Plans"" within combo value | Verified via Directory"
Pro Form PT — University Ave (Bronx),No,Morris Heights,"1975 University Ave, Bronx, NY 10453",4.9,52.0,~2014 (expanding Bronx chain),Independent,8:30 AM - 5:00 PM,17:00,8:30 AM - 5:00 PM,17:00,8:30 AM - 5:00 PM,17:00,8:30 AM - 5:00 PM,17:00,8:30 AM - 5:00 PM,17:00,Closed - Closed,,Closed - Closed,,42.5,,42.5,"Mon: 8:30 AM - 5:00 PM, Tue: 8:30 AM - 5:00 PM, Wed: 8:30 AM - 5:00 PM, Thu: 8:30 AM - 5:00 PM, Fri: 8:30 AM - 5:00 PM, Sat: Closed - Closed, Sun: Closed - Closed","Orthopedic PT, Post-Surgical, Soft Tissue Mobilization",proformphysicaltherapypc.com,LIVE,https://proformphysicaltherapypc.com,(718) 583-0500,Consistent hours,https://www.google.com/maps/search/?api=1&query=Pro%20Form%20PT%201975%20University%20Ave%2C%20Bronx%2C%20NY%2010453,,,3–4 Bronx locations,No,"English, Spanish",4.0,15.0,,Standard ortho PT,No,3.0,ProForm PT (Hunts Point) — 52 reviews; closes 5PM weekdays only; consistent hours.,"Official Website: proformphysicaltherapypc.com
Google: https://www.google.com/search?q=Pro%20Form%20PT%20NYC%20physical%20therapy
Yelp: https://www.yelp.com/search?find_desc=Pro%20Form%20PT",Standard outpatient physical therapy services.,Requires monitoring if review count increases or hours expand.,,Moderate Threat ⚠️,No,40.853341629026,-73.912620481945,10453.0,8.448951761043867,Inwood,1.1,"Aetna, BCBS, Cigna, UHC, Oxford, Medicare, Medicaid, EmblemHealth, GHI, Empire, Fidelis, Healthfirst, Humana, 1199, No-Fault, Workers' Comp","nan | Expanded ""Most Major Plans"" to standard NYC PT insurance panel | Verified via Directory"
KinesioWorks Physical Therapy,No,Sugar Hill,"1980 Amsterdam Ave, NY 10032",5.0,144.0,~2020s,Independent,9:00 AM - 6:00 PM,18:00,9:00 AM - 6:00 PM,18:00,9:00 AM - 6:00 PM,18:00,10:00 AM - 6:00 PM,18:00,10:00 AM - 6:00 PM,18:00,9:00 AM - 2:00 PM,14:00,Closed - Closed,,43.0,5.0,48.0,"Mon: 9:00 AM - 6:00 PM, Tue: 9:00 AM - 6:00 PM, Wed: 9:00 AM - 6:00 PM, Thu: 10:00 AM - 6:00 PM, Fri: 10:00 AM - 6:00 PM, Sat: 9:00 AM - 2:00 PM, Sun: Closed - Closed","Orthopedic PT, Sports PT, Geriatric & Neurological PT, 3D Running Gait Analysis, Parkinson's Care, Vestibular Rehab, Pilates",kinesioworks.com,LIVE,https://kinesioworks.com,(212) 740-4100,5.0 rating; 144 reviews; open Saturday 9AM–2PM; strong brand,https://www.google.com/maps/search/?api=1&query=KinesioWorks%20Physical%20Therapy%201980%20Amsterdam%20Ave%2C%20NY%2010032,,,1–2 locations,No,"English, Spanish",5.0,22.0,,"3D running gait analysis, Parkinson's tools, Pilates",No,3.0,KinesioWorks PT Sugar Hill — 144 reviews; perfect 5.0★; 3D running gait analysis; Parkinson's care; vestibular rehab; Pilates; open Sat 9AM–2PM; accepts Medicaid.,"Official Website: kinesioworks.com
Google: https://www.google.com/search?q=KinesioWorks%20Physical%20Therapy%20NYC%20physical%20therapy
Yelp: https://www.yelp.com/search?find_desc=KinesioWorks%20Physical%20Therapy","Focus on Neurological Rehabilitation (Stroke, Parkinson's).",Attracts older demographics and specific physician referrals.,,Moderate Threat ⚠️,Yes (Sat),40.833564554644,-73.941607325198,10032.0,10.806840011174874,St. Nicholas,0.56,"Aetna, BCBS, Cigna, UHC, Medicare, Medicaid, Workers' Comp, Healthfirst, Fidelis, MetroPlus, Emblem, EmblemHealth, GHI, Humana, 1199, Empire, Affinity",
PT of The City — Lenox Hill,Yes,Lenox Hill,"201 E 77th St, NY 10075",4.7,68.0,2005 (est.),PT of The City,8:00 AM - 5:00 PM,17:00,8:00 AM - 8:00 PM,20:00,8:00 AM - 5:00 PM,17:00,8:00 AM - 8:00 PM,20:00,8:00 AM - 5:00 PM,17:00,Closed - Closed,,Closed - Closed,,51.0,,51.0,"Mon: 8:00 AM - 5:00 PM, Tue: 8:00 AM - 8:00 PM, Wed: 8:00 AM - 5:00 PM, Thu: 8:00 AM - 8:00 PM, Fri: 8:00 AM - 5:00 PM, Sat: Closed - Closed, Sun: Closed - Closed","General orthopedic PT, post-surgical, sports rehab",ptofthecity.com,LIVE,https://ptofthecity.com,(855) 955-3899,YOUR CLINIC | Closes 5PM Mon/Wed/Fri — gap vs competitors open to 7–8PM,https://www.google.com/maps/search/?api=1&query=PT%20of%20The%20City%20%E2%80%94%20Lenox%20Hill%20201%20E%2077th%20St%2C%20NY%2010075,,Dr. Mahmoud Shalaby (Co-founder/CEO),20+ locations across NYC,No,English; varies by location,,,,Standard Outpatient Ortho Equipment,Yes,4.0,,"Official Website: ptofthecity.com
Google: https://www.google.com/search?q=PT%20of%20The%20City%20%E2%80%94%20Lenox%20Hill%20NYC%20physical%20therapy
Yelp: https://www.yelp.com/search?find_desc=PT%20of%20The%20City%20%E2%80%94%20Lenox%20Hill","YOUR CLINIC: Core focus on community access, strong availability, bilingual staff, and high patient ratings.",Maintain strong SEO and reviews. Target extended hours where competitors are currently winning. PT of The City  Home Care,,High Threat 🚨,No,40.772983914563,-73.958151656098,10075.0,8.6425907264651,Self,0.0,"Aetna, BCBS, Cigna, UHC, Oxford, Medicare, Medicaid, EmblemHealth, GHI, Empire, Fidelis, Healthfirst, Humana, 1199, No-Fault, Workers' Comp","Verified via Directory | Existing specific data retained (pt of the city) | Expanded ""Most Major Plans"" to standard NYC PT insurance panel"
Brooklyn Body Works PT,No,Bushwick,"202 Union Ave, Brooklyn, NY 11211",4.8,74.0,2005,Independent,7:30 AM - 6:30 PM,18:30,7:30 AM - 6:30 PM,18:30,7:30 AM - 6:30 PM,18:30,7:30 AM - 6:30 PM,18:30,7:30 AM - 6:30 PM,18:30,8:30 AM - 1:30 PM,13:30,Closed - Closed,,55.0,5.0,60.0,"Mon: 7:30 AM - 6:30 PM, Tue: 7:30 AM - 6:30 PM, Wed: 7:30 AM - 6:30 PM, Thu: 7:30 AM - 6:30 PM, Fri: 7:30 AM - 6:30 PM, Sat: 8:30 AM - 1:30 PM, Sun: Closed - Closed","Sports & Orthopedic Rehab, Manual Therapy, Myofascial Release, Pelvic Floor PT, TMJ, Pilates",bbwphysicaltherapy.com,LIVE,https://bbwphysicaltherapy.com,(718) 388-6600,"Manual therapy focus, Pilates reformer, established 2006",https://www.google.com/maps/search/?api=1&query=Brooklyn%20Body%20Works%20PT%20202%20Union%20Ave%2C%20Brooklyn%2C%20NY%2011211,,Independent Local Ownership,1,No,"English, Spanish (Standard NYC)",,,,Standard Outpatient Ortho Equipment,No,,,"Official Website: bbwphysicaltherapy.com
Google: https://www.google.com/search?q=Brooklyn%20Body%20Works%20PT%20NYC%20physical%20therapy
Yelp: https://www.yelp.com/search?find_desc=Brooklyn%20Body%20Works%20PT",Specialized in Pelvic Floor & Women's Health.,Captures a niche market with less local competition.,,Normal,Yes (Sat),40.706391617466,-73.950289522195,11211.0,9.00029406428016,Bushwick,0.43,"Aetna, BCBS, Cigna, UHC, Oxford, Medicare, Medicaid, EmblemHealth, GHI, Empire, Fidelis, Healthfirst, Humana, 1199, No-Fault, Workers' Comp","Verified via Directory | nan | Expanded ""Most Major Plans"" within combo value"
Function in Motion PT,No,Sugar Hill,"206 E 163rd St, Bronx, NY 10451",4.9,56.0,~2018 (est.),MOTION Sports Medicine,8:30 AM - 5:00 PM,17:00,8:30 AM - 5:00 PM,17:00,8:30 AM - 5:00 PM,17:00,8:30 AM - 5:00 PM,17:00,8:30 AM - 5:00 PM,17:00,8:30 AM - 12:00 PM,12:00,Closed - Closed,,42.5,3.5,46.0,"Mon: 8:30 AM - 5:00 PM, Tue: 8:30 AM - 5:00 PM, Wed: 8:30 AM - 5:00 PM, Thu: 8:30 AM - 5:00 PM, Fri: 8:30 AM - 5:00 PM, Sat: 8:30 AM - 12:00 PM, Sun: Closed - Closed",General Orthopedic Outpatient PT,functioninmotionpt.com,LIVE,https://functioninmotionpt.com,(718) 401-2000,Open Saturdays,https://www.google.com/maps/search/?api=1&query=Function%20in%20Motion%20PT%20206%20E%20163rd%20St%2C%20Bronx%2C%20NY%2010451,,Independent Local Ownership,30+ NY/NJ,No,"English, Spanish (Standard NYC)",,,,Standard Outpatient Ortho Equipment,No,,,"Google: https://www.google.com/search?q=Function%20in%20Motion%20PT%20NYC%20physical%20therapy
Yelp: https://www.yelp.com/search?find_desc=Function%20in%20Motion%20PT","Direct hospital integration (Montefiore), advanced diagnostics (MSKUS, EMG).","Strong physician referral network due to hospital ties. 'Hands-On' recently merged into MOTION.
[ROUND 5 - Referrals]: Direct EMR integration with Montefiore. Doctors can send PT referrals internally through Epic, making them highly dominant in the Bronx and Queens hospital systems.",,Normal,Yes (Sat),40.827986979305,-73.920052045255,10451.0,8.603786792795209,St. Nicholas,1.24,"Aetna, BCBS, Cigna, UHC, Oxford, Medicare, Medicaid, EmblemHealth, GHI, NYCE PPO, No-Fault, Workers' Comp","nan | ""Verification Required"" replaced with standard NYC PT insurance panel (estimated)"
"VP Physical Therapy, PLLC",No,Benson Hurst,"2064 Cropsey Ave #1G, Brooklyn, NY 11214",4.8,26.0,,Independent,Closed - Closed,,9:00 AM - 7:00 PM,19:00,Closed - Closed,,9:00 AM - 7:00 PM,19:00,Closed - Closed,,9:00 AM - 4:00 PM,16:00,Closed - Closed,,20.0,7.0,27.0,"Mon: Closed - Closed, Tue: 9:00 AM - 7:00 PM, Wed: Closed - Closed, Thu: 9:00 AM - 7:00 PM, Fri: Closed - Closed, Sat: 9:00 AM - 4:00 PM, Sun: Closed - Closed","Orthopedic PT, manual therapy",,NO WEBSITE,,(718) 200-9030,"Only 3 days/week — Tue, Thu, Sat. Boutique/part-time practice. Very limited threat.",https://www.google.com/maps/search/?api=1&query=VP%20Physical%20Therapy%2C%20PLLC%202064%20Cropsey%20Ave%20%231G%2C%20Brooklyn%2C%20NY%2011214,0.3,Independent Local Ownership,1,No,"English, Spanish (Standard NYC)",,,,Standard Outpatient Ortho Equipment,No,,,"Google: https://www.google.com/search?q=VP%20Physical%20Therapy%2C%20PLLC%20NYC%20physical%20therapy
Yelp: https://www.yelp.com/search?find_desc=VP%20Physical%20Therapy%2C%20PLLC",Standard outpatient physical therapy services.,Requires monitoring if review count increases or hours expand.,~11 patients/day,Normal,Yes (Sat),40.599128761522,-74.001381430517,11214.0,6.870546067963139,Bensonhurst,0.18,"Aetna, BCBS, Cigna, UHC, Oxford, Medicare, Medicaid, EmblemHealth, GHI, Empire, Fidelis, Healthfirst, Humana, 1199, No-Fault, Workers' Comp","nan | ""Verification Required"" replaced with standard NYC PT insurance panel (estimated)"
Fit Club Astoria PT,No,Astoria,"21-03 31st Ave Ste 1204, Astoria, NY 11106",4.9,147.0,2014,Independent,8:00 AM - 9:00 PM,21:00,8:00 AM - 9:00 PM,21:00,8:00 AM - 9:00 PM,21:00,8:00 AM - 9:00 PM,21:00,8:00 AM - 9:00 PM,21:00,9:00 AM - 2:00 PM,14:00,Closed - Closed,,65.0,5.0,70.0,"Mon: 8:00 AM - 9:00 PM, Tue: 8:00 AM - 9:00 PM, Wed: 8:00 AM - 9:00 PM, Thu: 8:00 AM - 9:00 PM, Fri: 8:00 AM - 9:00 PM, Sat: 9:00 AM - 2:00 PM, Sun: Closed - Closed","Orthopedic PT, Sports Rehab, Aquatic Therapy, Personal Training, Sports Massage, Acupuncture",fitclubny.com,LIVE,https://fitclubny.com,(646) 875-8348,"LATEST HOURS — open until 9PM every weekday; walk-ins welcome; PT+fitness hybrid (DPT + personal training + aquatic therapy + sports massage + acupuncture). Out-of-network for most commercial plans; Medicare in-network. 3 NYC locations (Astoria, Chelsea, Williamsburg).",https://www.google.com/maps/search/?api=1&query=Fit%20Club%20Astoria%20PT%2021-03%2031st%20Ave%20Ste%201204%2C%20Astoria%2C%20NY%2011106,,DPT-only staff model (2014),3 locations,No,English,5.0,40.0,IG: @fitclubny,"Aquatic therapy, sports massage, acupuncture",No,4.0,Fit Club Astoria — 147 reviews; 4.9★; DPT-only staff; LATEST HOURS in Astoria (open until 9PM weekdays); PT + personal training + aquatic therapy.,"Official Website: fitclubny.com
Google: https://www.google.com/search?q=Fit%20Club%20Astoria%20PT%20NYC%20physical%20therapy
Yelp: https://www.yelp.com/search?find_desc=Fit%20Club%20Astoria%20PT","High patient volume, extended operating hours, strong community integration.","Primary threat due to matching or exceeding operating hours and high review scores.
[ROUND 3 UPDATE - Retention Strategy]: Bridges the gap between rehab and fitness by selling personal training packages post-rehab. Extremely strong retention strategy keeping patients in their ecosystem after discharge.",,High Threat 🚨,Yes (Sat),40.767334902275,-73.929726971498,11106.0,10.634282405435291,Astoria,0.13,Out-of-Network Only / Self-Pay,
Crescent Physical Therapy,No,Astoria,"21-24 30th Ave Ste C1, Astoria, NY 11102",4.8,293.0,2005 (founder Khurram Khan),Independent,8:30 AM - 7:30 PM,19:30,8:30 AM - 5:30 PM,17:30,8:30 AM - 7:30 PM,19:30,8:30 AM - 5:30 PM,17:30,8:30 AM - 7:30 PM,19:30,8:30 AM - 1:30 PM,13:30,Closed - Closed,,51.0,5.0,56.0,"Mon: 8:30 AM - 7:30 PM, Tue: 8:30 AM - 5:30 PM, Wed: 8:30 AM - 7:30 PM, Thu: 8:30 AM - 5:30 PM, Fri: 8:30 AM - 7:30 PM, Sat: 8:30 AM - 1:30 PM, Sun: Closed - Closed","Manual Therapy, Therapeutic Exercises, Electric Stimulation, Ultrasound, Cold Laser, Spinal Decompression, Kinesio Taping, Balance/Coordination",crescentphysicaltherapy.com,LIVE,https://crescentphysicaltherapy.com,(718) 545-0999,"Established 2005 — longest-operating independent in area; 293 reviews. Multi-lingual staff (Spanish, Bengali, Urdu, Hindi, Punjabi, Arabic, Albanian, Italian, Tibetan, Filipino). Shorter Tue/Thu hours. Home care PT offered (cash, $150/session). 2nd location in Jackson Heights.",https://www.google.com/maps/search/?api=1&query=Crescent%20Physical%20Therapy%2021-24%2030th%20Ave%20Ste%20C1%2C%20Astoria%2C%20NY%2011102,0.4,Khurram Khan (founder; 2005),2 locations,No,"English, Spanish, Bengali, Urdu, Hindi, Punjabi, Arabic, Albanian, Italian, Tibetan, Filipino",4.5,50.0,Limited/Inactive Profiles,"Cold laser, spinal decompression, estim, ultrasound",Yes,4.0,Crescent PT Astoria — 293 reviews; MOST MULTILINGUAL in NYC (10+ languages); cold laser + spinal decompression; home care offered ($150/session). Multilingual is key differentiator for diverse Queens community.,"Official Website: crescentphysicaltherapy.com
Google: https://www.google.com/search?q=Crescent%20Physical%20Therapy%20NYC%20physical%20therapy
Yelp: https://www.yelp.com/search?find_desc=Crescent%20Physical%20Therapy",Independent local physical therapy provider.,Primary threat due to matching or exceeding operating hours and high review scores. cash 150session,~22 patients/day,High Threat 🚨,Yes (Sat),40.769676524392,-73.927486929727,11102.0,11.848067185978357,Astoria,0.33,"Aetna, Medicare, Medicaid, Workers' Comp",
NISMAT — Nicholas Institute,No,Lenox Hill,"210 E 64th St, NY 10065",4.4,14.0,1973,Independent,7:00 AM - 8:00 PM,20:00,7:00 AM - 8:00 PM,20:00,7:00 AM - 8:00 PM,20:00,7:00 AM - 8:00 PM,20:00,7:00 AM - 5:00 PM,17:00,Closed - Closed,,Closed - Closed,,62.0,,62.0,"Mon: 7:00 AM - 8:00 PM, Tue: 7:00 AM - 8:00 PM, Wed: 7:00 AM - 8:00 PM, Thu: 7:00 AM - 8:00 PM, Fri: 7:00 AM - 5:00 PM, Sat: Closed - Closed, Sun: Closed - Closed","Sports Medicine, Athletic Trauma, Clinical Research, Orthopedic Rehabilitation",nismat.org,LIVE,https://nismat.org,(212) 434-2700,Hospital-affiliated sports medicine; lowest rating; no Saturday,https://www.google.com/maps/search/?api=1&query=NISMAT%20%E2%80%94%20Nicholas%20Institute%20210%20E%2064th%20St%2C%20NY%2010065,,Independent Local Ownership,1,No,"English, Spanish (Standard NYC)",,,Limited/Inactive Profiles,Standard Outpatient Ortho Equipment,No,,,"Official Website: nismat.org
Google: https://www.google.com/search?q=NISMAT%20%E2%80%94%20Nicholas%20Institute%20NYC%20physical%20therapy
Yelp: https://www.yelp.com/search?find_desc=NISMAT%20%E2%80%94%20Nicholas%20Institute",Standard outpatient physical therapy services.,Requires monitoring if review count increases or hours expand.,,Normal,No,40.76451304033,-73.964054662859,10065.0,5.174801539844999,Lenox Hill,0.66,"Northwell Health standard network (Aetna, BCBS, Cigna, UHC, Medicare, Medicaid)",Parsed from Insurances Accepted
JAG PT — Ocean Ave,No,Midtown,"2148 Ocean Ave #301, Brooklyn, NY 11219",4.8,325.0,1990,JAG Physical Therapy,7:00 AM - 7:00 PM,19:00,7:00 AM - 7:00 PM,19:00,7:00 AM - 7:00 PM,19:00,7:00 AM - 7:00 PM,19:00,7:00 AM - 7:00 PM,19:00,Closed - Closed,,Closed - Closed,,60.0,,60.0,"Mon: 7:00 AM - 7:00 PM, Tue: 7:00 AM - 7:00 PM, Wed: 7:00 AM - 7:00 PM, Thu: 7:00 AM - 7:00 PM, Fri: 7:00 AM - 7:00 PM, Sat: Closed - Closed, Sun: Closed - Closed","Orthopedic PT, Sports Medicine, Occupational Therapy, Hand Therapy (CHT), Women's Health Services, Pelvic Floor PT, Industrial Rehabilitation, Athletic Training",jagpt.com,LIVE,https://jagpt.com,(718) 336-3900,Earliest opening (7 AM). Strong brand (100+ locations). Multi-specialty PT/OT/Workers Comp.,https://www.google.com/maps/search/?api=1&query=JAG%20PT%20%E2%80%94%20Ocean%20Ave%202148%20Ocean%20Ave%20%23301%2C%20Brooklyn%2C%20NY%2011219,,"John A. Gallucci Jr., PT, DPT, ATC (CEO)",170+ locations,Yes,English; varies by location,4.0,22.0,FB: JAGPhysicalTherapy | IG: @jagphysicaltherapy,AlterG anti-gravity treadmill,No,4.0,JAG Ocean Ave Midwood — 170+ location national chain; opens 7AM; AlterG treadmill; full PT/OT/Medicare/Workers Comp. Multi-specialty chain advantage.,"Official Website: jagpt.com
Google: https://www.google.com/search?q=JAG%20PT%20%E2%80%94%20Ocean%20Ave%20NYC%20physical%20therapy
Yelp: https://www.yelp.com/search?find_desc=JAG%20PT%20%E2%80%94%20Ocean%20Ave","Massive scale (170+ locations), official sports partnerships (NJ Devils, Princeton), highly corporatized care model.","Backed by Pamlico Capital. Aggressive expansion strategy via acquisitions. Deep pockets for marketing. [DEEP SEARCH 2026 UPDATE]: Extremely aggressive expansion into biotech hubs (e.g., Onyx Equities). Heavy administrative focus on Workers' Comp and Auto claim submissions.
[ROUND 5 - ATC Strategy]: Deploys Athletic Trainers (ATCs) to local NYC/NJ high schools and colleges for free or at cost. When athletes get injured, the ATCs immediately funnel them to JAG clinics. Extremely smart pipeline.",,High Threat 🚨,No,40.609742741343,-73.953445634432,11219.0,12.063444480326108,Midtown,0.64,"Aetna, Horizon BCBS, Empire Plan, Cigna, Emblem Health / GHI / CBP, Qualcare, Medicare, Railroad Medicare, Oxford, Barnabas Healthcare, United Healthcare, No Fault (PIP), Workers' Compensation, School Insurance",Existing specific data retained (jag pt)
Tribeca Physical Therapy,No,Tribeca,"225 Broadway Ste 2735, New York, NY 10007",5.0,157.0,~2015 (est.),Independent,8:00 AM - 7:00 PM,19:00,8:00 AM - 7:00 PM,19:00,8:00 AM - 7:00 PM,19:00,8:00 AM - 7:00 PM,19:00,8:00 AM - 7:00 PM,19:00,3:00 PM - 6:00 PM,18:00,Closed - Closed,,55.0,3.0,58.0,"Mon: 8:00 AM - 7:00 PM, Tue: 8:00 AM - 7:00 PM, Wed: 8:00 AM - 7:00 PM, Thu: 8:00 AM - 7:00 PM, Fri: 8:00 AM - 7:00 PM, Sat: 3:00 PM - 6:00 PM, Sun: Closed - Closed","Pelvic Floor PT, Women's Health (Prenatal/Postpartum), Orthopedic & Sports Rehab, Clinical Pilates, Shockwave Therapy, Medical Massage",tribecaphysicaltherapy.com,LIVE,https://tribecaphysicaltherapy.com,(212) 406-8080,CLOSEST COMPETITOR — Perfect 5.0 rating; 157 reviews; open Saturday 3–6PM; 1-on-1 DPT sessions; pelvic floor + women's health specialty; out-of-network boutique model. Founded by Dr. Kristian Marcial & Dr. Monica Saliu.,https://www.google.com/maps/search/?api=1&query=Tribeca%20Physical%20Therapy%20225%20Broadway%20Ste%202735%2C%20New%20York%2C%20NY%2010007,0.7,Independent Local Ownership,1,No,"English, Spanish (Standard NYC)",,,Limited/Inactive Profiles,Standard Outpatient Ortho Equipment,No,,,"Official Website: tribecaphysicaltherapy.com
Google: https://www.google.com/search?q=Tribeca%20Physical%20Therapy%20NYC%20physical%20therapy
Yelp: https://www.yelp.com/search?find_desc=Tribeca%20Physical%20Therapy",Specialized in Pelvic Floor & Women's Health.,Captures a niche market with less local competition.,~23 patients/day,Normal,Yes (Sat),40.71182590232,-74.008330993334,10007.0,10.993285434772114,Tribeca,0.38,Out-of-Network Only / Self-Pay,
Elite Physical Therapy — Astoria,No,Astoria,"23-09 31st St Lower Level, Astoria, NY 11105",4.6,31.0,~Early 2000s,Independent,9:00 AM - 8:00 PM,20:00,8:00 AM - 2:00 PM,14:00,9:00 AM - 8:00 PM,20:00,8:00 AM - 8:00 PM,20:00,9:00 AM - 8:00 PM,20:00,Closed - Closed,,Closed - Closed,,51.0,,51.0,"Mon: 9:00 AM - 8:00 PM, Tue: 8:00 AM - 2:00 PM, Wed: 9:00 AM - 8:00 PM, Thu: 8:00 AM - 8:00 PM, Fri: 9:00 AM - 8:00 PM, Sat: Closed - Closed, Sun: Closed - Closed","General Outpatient Orthopedic PT, Gait & Balance Treatment, Post-Surgical Rehab, Sports Medicine",eliteptny.com,LIVE,https://eliteptny.com,(718) 956-1500,"Very limited Tuesday hours (8AM–2PM only); no weekends; fewest reviews (31) — low competitive threat. 3-location chain (Astoria, Bayside, Fresh Meadows). 20+ years in operation. Currently not accepting new patients per some directories.",https://www.google.com/maps/search/?api=1&query=Elite%20Physical%20Therapy%20%E2%80%94%20Astoria%2023-09%2031st%20St%20Lower%20Level%2C%20Astoria%2C%20NY%2011105,,Independent Local Ownership,1,No,"English, Spanish (Standard NYC)",,,Limited/Inactive Profiles,Standard Outpatient Ortho Equipment,No,,,"Official Website: eliteptny.com
Google: https://www.google.com/search?q=Elite%20Physical%20Therapy%20%E2%80%94%20Astoria%20NYC%20physical%20therapy
Yelp: https://www.yelp.com/search?find_desc=Elite%20Physical%20Therapy%20%E2%80%94%20Astoria",Standard outpatient physical therapy services.,Requires monitoring if review count increases or hours expand.,,Normal,No,40.774081618064,-73.913093029354,11105.0,6.923689900271567,Astoria,0.78,"Aetna, BCBS, Cigna, UHC, Oxford, Medicare, Medicaid, EmblemHealth, GHI, Empire, Fidelis, Healthfirst, Humana, 1199, No-Fault, Workers' Comp","Verified via Directory | nan | Expanded ""Most Major Plans"" within combo value"
MOTION Sports Medicine — Astoria,No,Astoria,"23-22 30th Ave Fl 2, Astoria, NY 11102",4.6,143.0,2015 (MOTION PT Group),MOTION PT Group,6:30 AM - 7:00 PM,19:00,8:00 AM - 7:00 PM,19:00,6:30 AM - 7:00 PM,19:00,8:00 AM - 7:00 PM,19:00,8:30 AM - 6:00 PM,18:00,Closed - Closed,,Closed - Closed,,56.5,,56.5,"Mon: 6:30 AM - 7:00 PM, Tue: 8:00 AM - 7:00 PM, Wed: 6:30 AM - 7:00 PM, Thu: 8:00 AM - 7:00 PM, Fri: 8:30 AM - 6:00 PM, Sat: Closed - Closed, Sun: Closed - Closed","Orthopedic PT, Sports Rehab, Occupational Therapy, Hand Therapy, Neurologic Therapy",motionptg.com,LIVE,https://motionptg.com,(718) 545-0700,Montefiore Health System partner — in-network for Montefiore patients. EARLIEST OPEN at 6:30AM Mon/Wed. No weekends. Lowest rating in area (4.6⭐); 30+ NYC/NY state locations. Note: Hands-On PT 32-44 31st St also now under MOTION/Montefiore umbrella.,https://www.google.com/maps/search/?api=1&query=MOTION%20Sports%20Medicine%20%E2%80%94%20Astoria%2023-22%2030th%20Ave%20Fl%202%2C%20Astoria%2C%20NY%2011102,,MOTION PT Group (Montefiore partner),30+ NY/NJ locations,Yes,"English, Spanish, Greek",4.0,18.0,IG: @motionptgroup,"MSKUS, ART, IASTM/Graston, cupping",No,4.0,MOTION Astoria — Montefiore partner; now includes former Hands-On PT; 143 reviews; EARLIEST OPEN 6:30AM Mon/Wed; lowest Google rating in area (4.6★).,"Official Website: motionptg.com
Google: https://www.google.com/search?q=MOTION%20Sports%20Medicine%20%E2%80%94%20Astoria%20NYC%20physical%20therapy
Yelp: https://www.yelp.com/search?find_desc=MOTION%20Sports%20Medicine%20%E2%80%94%20Astoria","Direct hospital integration (Montefiore), advanced diagnostics (MSKUS, EMG).","Strong physician referral network due to hospital ties. 'Hands-On' recently merged into MOTION.
[ROUND 5 - Referrals]: Direct EMR integration with Montefiore. Doctors can send PT referrals internally through Epic, making them highly dominant in the Bronx and Queens hospital systems.",,High Threat 🚨,No,40.769058912973,-73.926162461831,11102.0,9.928467463638148,Astoria,0.32,"Aetna, BCBS, Cigna, UHC, Oxford, Medicare, Medicaid, EmblemHealth, GHI, NYCE PPO, No-Fault, Workers' Comp",Existing specific data retained (motion sports medicine)
PT of The City — Chelsea,Yes,Chelsea,"231 W 19th St, NY 10011",4.7,55.0,2005 (est.),PT of The City,8:00 AM - 5:00 PM,17:00,10:00 AM - 7:00 PM,19:00,8:00 AM - 5:00 PM,17:00,10:00 AM - 7:00 PM,19:00,8:00 AM - 5:00 PM,17:00,Closed - Closed,,Closed - Closed,,45.0,,45.0,"Mon: 8:00 AM - 5:00 PM, Tue: 10:00 AM - 7:00 PM, Wed: 8:00 AM - 5:00 PM, Thu: 10:00 AM - 7:00 PM, Fri: 8:00 AM - 5:00 PM, Sat: Closed - Closed, Sun: Closed - Closed","General orthopedic PT, post-surgical, sports rehab",ptofthecity.com,LIVE,https://ptofthecity.com,(855) 955-3899,YOUR CLINIC | Closes 5PM Mon/Wed/Fri; opens 10AM Tue/Thu — hours gap vs competitors,https://www.google.com/maps/search/?api=1&query=PT%20of%20The%20City%20%E2%80%94%20Chelsea%20231%20W%2019th%20St%2C%20NY%2010011,,Dr. Mahmoud Shalaby (Co-founder/CEO),20+ locations across NYC,No,English; varies by location,,,Limited/Inactive Profiles,Standard Outpatient Ortho Equipment,Yes,4.0,,"Official Website: ptofthecity.com
Google: https://www.google.com/search?q=PT%20of%20The%20City%20%E2%80%94%20Chelsea%20NYC%20physical%20therapy
Yelp: https://www.yelp.com/search?find_desc=PT%20of%20The%20City%20%E2%80%94%20Chelsea","YOUR CLINIC: Core focus on community access, strong availability, bilingual staff, and high patient ratings.",Maintain strong SEO and reviews. Target extended hours where competitors are currently winning. PT of The City  Home Care,,High Threat 🚨,No,40.742068672894,-73.998294386527,10011.0,8.216483726929143,Self,0.0,"Aetna, BCBS, Cigna, UHC, Oxford, Medicare, Medicaid, EmblemHealth, GHI, Empire, Fidelis, Healthfirst, Humana, 1199, No-Fault, Workers' Comp","Verified via Directory | Existing specific data retained (pt of the city) | Expanded ""Most Major Plans"" to standard NYC PT insurance panel"
Upper Manhattan Physical Therapy PC,No,Lenox Hill,"232 E 66th St, New York, NY 10065",5.0,23.0,~2010s,Independent,9:30 AM - 7:30 PM,19:30,9:30 AM - 7:30 PM,19:30,Closed - Closed,,9:30 AM - 7:30 PM,19:30,9:30 AM - 7:30 PM,19:30,2:00 PM - 6:00 PM,18:00,Closed - Closed,,40.0,4.0,44.0,"Mon: 9:30 AM - 7:30 PM, Tue: 9:30 AM - 7:30 PM, Wed: Closed - Closed, Thu: 9:30 AM - 7:30 PM, Fri: 9:30 AM - 7:30 PM, Sat: 2:00 PM - 6:00 PM, Sun: Closed - Closed","General orthopedic PT, back & neck pain, scoliosis, sports injury, wrist conditions",manhattanptpc.com,LIVE,https://manhattanptpc.com,(917) 267-7470,"Closed Wednesday; fewest reviews (23) — low competitive threat. Open Saturday 2–6PM. Solo practitioner (owner Virgil Pasion PT, 20+ yrs experience, formerly PBA athletic trainer in Philippines). Opens late at 9:30AM on weekdays.",https://www.google.com/maps/search/?api=1&query=Upper%20Manhattan%20Physical%20Therapy%20PC%20232%20E%2066th%20St%2C%20New%20York%2C%20NY%2010065,,,1,No,"English, Spanish (Standard NYC)",,,Limited/Inactive Profiles,Standard Outpatient Ortho Equipment,No,,,"Official Website: manhattanptpc.com
Google: https://www.google.com/search?q=Upper%20Manhattan%20Physical%20Therapy%20PC%20NYC%20physical%20therapy
Yelp: https://www.yelp.com/search?find_desc=Upper%20Manhattan%20Physical%20Therapy%20PC",Standard outpatient physical therapy services.,Requires monitoring if review count increases or hours expand.,,Normal,Yes (Sat),40.765446017832,-73.962419673826,10065.0,6.90105620855803,Lenox Hill,0.57,"Aetna, BCBS, Cigna, EmblemHealth, UHC, Oxford, Medicare, No-Fault, Workers' Comp",
Park North Physical Therapy,No,Central Harlem,"233 Malcolm X Blvd (Lenox Ave), New York, NY 10027",4.7,26.0,2008,Independent,8:00 AM - 7:00 PM,19:00,8:00 AM - 8:00 PM,20:00,9:00 AM - 8:00 PM,20:00,8:00 AM - 7:00 PM,19:00,8:00 AM - 8:00 PM,20:00,9:00 AM - 4:00 PM,16:00,Closed - Closed,,57.0,7.0,64.0,"Mon: 8:00 AM - 7:00 PM, Tue: 8:00 AM - 8:00 PM, Wed: 9:00 AM - 8:00 PM, Thu: 8:00 AM - 7:00 PM, Fri: 8:00 AM - 8:00 PM, Sat: 9:00 AM - 4:00 PM, Sun: Closed - Closed","Sports orthopedics, ART-certified, running/cycling analysis, NEUBIE therapy, Pilates rehab",parknorthpt.com,LIVE,https://parknorthpt.com,(212) 222-3831,"Saturday hours, high-tech facilities",https://www.google.com/maps/search/?api=1&query=Park%20North%20Physical%20Therapy%20233%20Malcolm%20X%20Blvd%20%28Lenox%20Ave%29%2C%20New%20York%2C%20NY%2010027,0.5,,1–2 locations,No,English,4.5,12.0,IG: @parknorthpt,"NEUBIE therapy, ART certified, Pilates",No,4.0,Park North PT Harlem — high-tech facilities with NEUBIE therapy + Pilates-based rehab; ART-certified; 26 reviews; Saturday hours. NEUBIE is unique local differentiator.,"Official Website: parknorthpt.com
Google: https://www.google.com/search?q=Park%20North%20Physical%20Therapy%20NYC%20physical%20therapy
Yelp: https://www.yelp.com/search?find_desc=Park%20North%20Physical%20Therapy","High patient volume, extended operating hours, strong community integration.",Primary threat due to matching or exceeding operating hours and high review scores.,~24 patients/day,High Threat 🚨,Yes (Sat),40.8056391732,-73.94712965017,10027.0,6.7274096915472406,Central Harlem,0.24,"Aetna, BCBS, Cigna, UHC, Oxford, Medicare, Medicaid, EmblemHealth, GHI, Empire, Fidelis, Healthfirst, Humana, 1199, No-Fault, Workers' Comp","nan | Expanded ""Most Major Plans"" to standard NYC PT insurance panel | Verified via Directory"
Sheepshead Bay Chiro & PT,No,Sheepshead Bay,"2409 Avenue Z, Brooklyn, NY 11235",4.8,198.0,~2015,Independent,8:00 AM - 9:00 PM,21:00,8:00 AM - 9:00 PM,21:00,8:00 AM - 9:00 PM,21:00,8:00 AM - 9:00 PM,21:00,8:00 AM - 8:00 PM,20:00,8:00 AM - 7:00 PM,19:00,8:00 AM - 7:00 PM,19:00,64.0,22.0,86.0,"Mon: 8:00 AM - 9:00 PM, Tue: 8:00 AM - 9:00 PM, Wed: 8:00 AM - 9:00 PM, Thu: 8:00 AM - 9:00 PM, Fri: 8:00 AM - 8:00 PM, Sat: 8:00 AM - 7:00 PM, Sun: 8:00 AM - 7:00 PM","PT + chiropractic combined — orthopedic rehab, spine care, sports injuries",,NO WEBSITE,,(718) 769-0200,Open 7 DAYS. Latest closing (9 PM weekdays). Multi-specialty with chiro. Major hours advantage.,https://www.google.com/maps/search/?api=1&query=Sheepshead%20Bay%20Chiro%20%26%20PT%202409%20Avenue%20Z%2C%20Brooklyn%2C%20NY%2011235,,,1,No,"English, Spanish (Standard NYC)",,,Limited/Inactive Profiles,Standard Outpatient Ortho Equipment,No,,,"Google: https://www.google.com/search?q=Sheepshead%20Bay%20Chiro%20%26%20PT%20NYC%20physical%20therapy
Yelp: https://www.yelp.com/search?find_desc=Sheepshead%20Bay%20Chiro%20%26%20PT",Standard outpatient physical therapy services.,Requires monitoring if review count increases or hours expand.,,Normal,Yes (Sat & Sun),40.5890022672,-73.945403035622,11235.0,11.034494766766592,Sheepshead Bay,0.5,"Aetna, BCBS, Cigna, UHC, Oxford, Medicare, Medicaid, EmblemHealth, GHI, Empire, Fidelis, Healthfirst, Humana, 1199, No-Fault, Workers' Comp","nan | ""Verification Required"" replaced with standard NYC PT insurance panel (estimated)"
Spear Physical Therapy — UES,No,Lenox Hill,"245 E 84th St, NY 10028",4.9,398.0,1999,Spear Physical Therapy,7:00 AM - 8:00 PM,20:00,7:00 AM - 8:00 PM,20:00,7:00 AM - 8:00 PM,20:00,7:00 AM - 8:00 PM,20:00,7:00 AM - 8:00 PM,20:00,9:00 AM - 1:00 PM,13:00,Closed - Closed,,65.0,4.0,69.0,"Mon: 7:00 AM - 8:00 PM, Tue: 7:00 AM - 8:00 PM, Wed: 7:00 AM - 8:00 PM, Thu: 7:00 AM - 8:00 PM, Fri: 7:00 AM - 8:00 PM, Sat: 9:00 AM - 1:00 PM, Sun: Closed - Closed","Orthopedic, sports injury, pelvic floor PT, OT",spearcenter.com,LIVE,https://spearcenter.com,(646) 518-5555,Highest reviews in area; 5 blocks away; strong brand; open Saturday,https://www.google.com/maps/search/?api=1&query=Spear%20Physical%20Therapy%20%E2%80%94%20UES%20245%20E%2084th%20St%2C%20NY%2010028,,Dan Rootenberg & David Endres,80+ NYC locations,No,"English, Spanish (Standard NYC)",,,Limited/Inactive Profiles,Standard Outpatient Ortho Equipment,No,,,"Official Website: spearcenter.com
Google: https://www.google.com/search?q=Spear%20Physical%20Therapy%20%E2%80%94%20UES%20NYC%20physical%20therapy
Yelp: https://www.yelp.com/search?find_desc=Spear%20Physical%20Therapy%20%E2%80%94%20UES","Premium brand perception, telehealth 'Spear Live', extensive specialized therapies (golf, TMJ, pelvic floor).","Inc. Top 5000 company. Targets higher-income demographics, typically does not accept Medicaid. [DEEP SEARCH 2026 UPDATE]: Recently expanded into the East Village (14th St) in a former dispensary space. Tri-state presence exceeds 60+ locations.
[ROUND 3 UPDATE - Marketing Strategy]: Heavy presence on TikTok and Instagram Reels for marketing, targeting Millennials and Gen Z with posture, 'desk-job' ergonomics, and lifestyle tips.
[ROUND 5 - Recruiting]: Voted best place to work in healthcare multiple times. They attract top-tier new DPT grads because of their vibrant, young corporate culture and heavy social media presence.",,Normal,Yes (Sat),40.777129656388,-73.953897344725,10028.0,12.744767188865069,Lenox Hill,0.36,"Aetna, BCBS, Cigna, UHC, Oxford, Medicare, No-Fault, Workers' Comp",Existing specific data retained (spear physical therapy)
Theradynamics — Mott Haven,No,Mott Haven,"255 E 138th St, Bronx, NY 10451",5.0,223.0,2005 (Theradynamics chain),Theradynamics,8:00 AM - 8:00 PM,20:00,8:00 AM - 7:00 PM,19:00,8:00 AM - 8:00 PM,20:00,8:00 AM - 7:00 PM,19:00,8:00 AM - 8:00 PM,20:00,9:00 AM - 4:30 PM,16:30,Closed - Closed,,58.0,7.5,65.5,"Mon: 8:00 AM - 8:00 PM, Tue: 8:00 AM - 7:00 PM, Wed: 8:00 AM - 8:00 PM, Thu: 8:00 AM - 7:00 PM, Fri: 8:00 AM - 8:00 PM, Sat: 9:00 AM - 4:30 PM, Sun: Closed - Closed","PT & OT, Sports Rehab",theradynamics.com,LIVE,https://theradynamics.com,(212) 928-7800,"Perfect rating - Latest hours (8PM), Saturdays",https://www.google.com/maps/search/?api=1&query=Theradynamics%20PT%20%26%20OT%20255%20E%20138th%20St%2C%20Bronx%2C%20NY%2010451,,Michael Opatowski,14+ locations,Yes,"English, Spanish",4.0,15.0,IG: @theradynamics,"Infrared sauna, isokinetic testing, NEUBIE therapy",No,4.0,Theradynamics Inwood/General — 14+ location chain; open Saturdays; PT+OT; in-network all major plans; tech-enhanced facilities.,"Official Website: theradynamics.com
Google: https://www.google.com/search?q=Theradynamics%20PT%20%26%20OT%20NYC%20physical%20therapy
Yelp: https://www.yelp.com/search?find_desc=Theradynamics%20PT%20%26%20OT","Tech-infused therapy (Infrared sauna, NEUBIE, IV therapy) combined with standard PT/OT.",Heavy investment in recovery technology. Unusually broad insurance acceptance.,,High Threat 🚨,Yes (Sat),40.811346322597,-73.927532698992,10451.0,11.751240091670814,Central Harlem,0.86,"Aetna, BCBS, Cigna, UHC, Oxford, Medicare, Medicaid, EmblemHealth, GHI, Empire, Fidelis, Healthfirst, Humana, 1199, No-Fault, Workers' Comp","Existing specific data retained (theradynamics) | Expanded ""Most Major Plans"" within combo value | Verified via Directory"
JAG Physical Therapy — E 17th St (Sheepshead Bay),No,Sheepshead Bay,"2565 E 17th St, Brooklyn, NY 11235",4.9,350.0,1990,JAG Physical Therapy,7:00 AM - 7:00 PM,19:00,7:00 AM - 7:00 PM,19:00,7:00 AM - 7:00 PM,19:00,7:00 AM - 7:00 PM,19:00,7:00 AM - 5:00 PM,17:00,Closed - Closed,,Closed - Closed,,58.0,,58.0,"Mon: 7:00 AM - 7:00 PM, Tue: 7:00 AM - 7:00 PM, Wed: 7:00 AM - 7:00 PM, Thu: 7:00 AM - 7:00 PM, Fri: 7:00 AM - 5:00 PM, Sat: Closed - Closed, Sun: Closed - Closed","Orthopedic PT, Sports Medicine, Occupational Therapy, Hand Therapy (CHT), Women's Health Services, Pelvic Floor PT, Industrial Rehabilitation, Athletic Training",jagpt.com,LIVE,https://jagpt.com,(718) 869-4288,High review count (350). Earliest 7 AM opening. Strong brand presence — 2nd JAG in area.,https://www.google.com/maps/search/?api=1&query=JAG%20Physical%20Therapy%20%E2%80%94%20E%2017th%20St%202565%20E%2017th%20St%2C%20Brooklyn%2C%20NY%2011235,,"John A. Gallucci Jr., PT, DPT, ATC (CEO)","170+ locations (NJ, NY, PA)",Yes,English; varies by location,4.5,25.0,FB: JAGPhysicalTherapy | IG: @jagphysicaltherapy,"AlterG anti-gravity treadmill, isokinetic testing",No,4.0,Second JAG location on same street. 170+ location national chain. CEO John A. Gallucci Jr. Earliest open 7AM. AlterG treadmill. Full insurance coverage incl. Medicare/Workers Comp.,"Official Website: jagpt.com
Google: https://www.google.com/search?q=JAG%20Physical%20Therapy%20%E2%80%94%20E%2017th%20St%20NYC%20physical%20therapy
Yelp: https://www.yelp.com/search?find_desc=JAG%20Physical%20Therapy%20%E2%80%94%20E%2017th%20St","Massive scale (170+ locations), official sports partnerships (NJ Devils, Princeton), highly corporatized care model.","Backed by Pamlico Capital. Aggressive expansion strategy via acquisitions. Deep pockets for marketing. [DEEP SEARCH 2026 UPDATE]: Extremely aggressive expansion into biotech hubs (e.g., Onyx Equities). Heavy administrative focus on Workers' Comp and Auto claim submissions.
[ROUND 5 - ATC Strategy]: Deploys Athletic Trainers (ATCs) to local NYC/NJ high schools and colleges for free or at cost. When athletes get injured, the ATCs immediately funnel them to JAG clinics. Extremely smart pipeline.",,High Threat 🚨,No,40.588933143352,-73.952523244771,11235.0,12.472004870682538,Sheepshead Bay,0.23,"Aetna, Horizon BCBS, Empire Plan, Cigna, Emblem Health / GHI / CBP, Qualcare, Medicare, Railroad Medicare, Oxford, Barnabas Healthcare, United Healthcare, No Fault (PIP), Workers' Compensation, School Insurance",Existing specific data retained (jag physical therapy)
Forward Physical Therapy,No,Midwood,"2577 Nostrand Ave, Brooklyn, NY 11210",5.0,174.0,,Independent,9:00 AM - 7:00 PM,19:00,9:00 AM - 7:00 PM,19:00,9:00 AM - 7:00 PM,19:00,9:00 AM - 7:00 PM,19:00,9:00 AM - 1:00 PM,13:00,Closed - Closed,,Closed - Closed,,44.0,,44.0,"Mon: 9:00 AM - 7:00 PM, Tue: 9:00 AM - 7:00 PM, Wed: 9:00 AM - 7:00 PM, Thu: 9:00 AM - 7:00 PM, Fri: 9:00 AM - 1:00 PM, Sat: Closed - Closed, Sun: Closed - Closed","General orthopedic PT, sports rehab, post-surgical",forwardptny.com,LIVE,https://forwardptny.com,(718) 338-5111,Perfect rating. Strong competitor. Closes 1 PM Friday — shorter Friday window.,https://www.google.com/maps/search/?api=1&query=Forward%20Physical%20Therapy%202577%20Nostrand%20Ave%2C%20Brooklyn%2C%20NY%2011210,0.4,Independent Local Ownership,1,No,"English, Spanish (Standard NYC)",,,Limited/Inactive Profiles,Standard Outpatient Ortho Equipment,No,,,"Google: https://www.google.com/search?q=Forward%20Physical%20Therapy%20NYC%20physical%20therapy
Yelp: https://www.yelp.com/search?find_desc=Forward%20Physical%20Therapy",Standard outpatient physical therapy services.,Requires monitoring if review count increases or hours expand.,~18 patients/day,Normal,No,40.6219472213,-73.945884095338,11210.0,11.215190243431472,Midwood,0.17,"Aetna, BCBS, Cigna, UHC, Oxford, Medicare, Medicaid, EmblemHealth, GHI, Empire, Fidelis, Healthfirst, Humana, 1199, No-Fault, Workers' Comp","nan | ""Verification Required"" replaced with standard NYC PT insurance panel (estimated)"
NY Therapy & Wellness,No,Sheepshead Bay,"2579 Ocean Ave (3rd Fl), Brooklyn, NY 11229",5.0,828.0,,Independent,8:30 AM - 6:00 PM,18:00,8:30 AM - 6:30 PM,18:30,8:30 AM - 6:00 PM,18:00,8:30 AM - 6:30 PM,18:30,8:30 AM - 4:00 PM,16:00,Closed - Closed,,Closed - Closed,,46.5,,46.5,"Mon: 8:30 AM - 6:00 PM, Tue: 8:30 AM - 6:30 PM, Wed: 8:30 AM - 6:00 PM, Thu: 8:30 AM - 6:30 PM, Fri: 8:30 AM - 4:00 PM, Sat: Closed - Closed, Sun: Closed - Closed","PT, OT, wellness, multi-specialty rehabilitation",nytherapyandwellness.com,LIVE,https://nytherapyandwellness.com,(646) 780-0926,HIGHEST REVIEWS in area (828). Perfect 5.0 rating. Multi-specialty model. Major threat.,https://www.google.com/maps/search/?api=1&query=NY%20Therapy%20%26%20Wellness%202579%20Ocean%20Ave%20%283rd%20Fl%29%2C%20Brooklyn%2C%20NY%2011229,,Margo & Dan Rusinowitz (founded 2016),1–2 locations,Yes,"English, Russian",5.0,35.0,Limited/Inactive Profiles,Multi-specialty rehab equipment,Yes,5.0,HIGHEST REVIEWS in Sheepshead Bay area (828 reviews); perfect 5.0★; PT+OT+wellness whole-body approach; in-clinic + home visits + telehealth. Primary competitive threat.,"Google: https://www.google.com/search?q=NY%20Therapy%20%26%20Wellness%20NYC%20physical%20therapy
Yelp: https://www.yelp.com/search?find_desc=NY%20Therapy%20%26%20Wellness","High patient volume, extended operating hours, strong community integration.",Primary threat due to matching or exceeding operating hours and high review scores.,,High Threat 🚨,No,40.598688190982,-73.951198571128,11229.0,14.592772652751368,Sheepshead Bay,0.91,"Aetna, BCBS, Cigna, UHC, Oxford, Medicare, Medicaid, EmblemHealth, GHI, Empire, Fidelis, Healthfirst, Humana, 1199, No-Fault, Workers' Comp","nan | ""Verification Required"" replaced with standard NYC PT insurance panel (estimated)"
New York Therapy & Wellness,No,Sheepshead Bay,"2579 Ocean Ave 3rd Fl, Brooklyn, NY 11229",5.0,828.0,,Independent,8:30 AM - 6:00 PM,18:00,8:30 AM - 6:30 PM,18:30,8:30 AM - 6:00 PM,18:00,8:30 AM - 6:30 PM,18:30,8:30 AM - 4:00 PM,16:00,Closed - Closed,,Closed - Closed,,46.5,,46.5,"Mon: 8:30 AM - 6:00 PM, Tue: 8:30 AM - 6:30 PM, Wed: 8:30 AM - 6:00 PM, Thu: 8:30 AM - 6:30 PM, Fri: 8:30 AM - 4:00 PM, Sat: Closed - Closed, Sun: Closed - Closed","PT, OT, wellness, multi-specialty rehabilitation",nytherapyandwellness.com,LIVE,https://nytherapyandwellness.com,(646) 780-0926,HIGHEST REVIEW COUNT in region (828). Perfect 5.0 rating. Major brand threat.,https://www.google.com/maps/search/?api=1&query=New%20York%20Therapy%20%26%20Wellness%202579%20Ocean%20Ave%203rd%20Fl%2C%20Brooklyn%2C%20NY%2011229,,Margo & Dan Rusinowitz (founded 2016),1–2 locations,Yes,"English, Russian",5.0,35.0,Limited/Inactive Profiles,Multi-specialty PT+OT equipment,Yes,5.0,Same as NY Therapy & Wellness — 828 reviews; perfect 5.0★; multi-specialty PT+OT+wellness; home visits + telehealth available.,"Google: https://www.google.com/search?q=New%20York%20Therapy%20%26%20Wellness%20NYC%20physical%20therapy
Yelp: https://www.yelp.com/search?find_desc=New%20York%20Therapy%20%26%20Wellness","High patient volume, extended operating hours, strong community integration.",Primary threat due to matching or exceeding operating hours and high review scores.,,High Threat 🚨,No,40.598688190982,-73.951198571128,11229.0,14.592772652751368,Sheepshead Bay,0.91,"Aetna, BCBS, Cigna, UHC, Oxford, Medicare, Medicaid, EmblemHealth, GHI, Empire, Fidelis, Healthfirst, Humana, 1199, No-Fault, Workers' Comp","nan | ""Verification Required"" replaced with standard NYC PT insurance panel (estimated)"
Spear Physical Therapy,No,Cobbel Hill,"258 Court St, Brooklyn, NY 11231",4.8,120.0,1999,Spear Physical Therapy,8:00 AM - 8:00 PM,20:00,8:00 AM - 8:00 PM,20:00,8:00 AM - 8:00 PM,20:00,8:00 AM - 8:00 PM,20:00,8:00 AM - 7:00 PM,20:00,Closed,12:00,Closed,,65.0,4.0,69.0,"Mon: 7:00 AM - 8:00 PM, Tue: 7:00 AM - 8:00 PM, Wed: 7:00 AM - 8:00 PM, Thu: 7:00 AM - 8:00 PM, Fri: 7:00 AM - 8:00 PM, Sat: 8:00 AM - 12:00 PM, Sun: Closed - Closed","Orthopedic PT, Sports Rehab, Occupational Therapy, Pelvic Floor, Pediatrics",spearcenter.com,LIVE,https://spearcenter.com,646-518-5560,"Highest reviews (408), Sat hours, late 8PM close | Opens earlier, closes later, Sat hours",https://www.google.com/maps/search/?api=1&query=Spear%20Physical%20Therapy%20258%20Court%20St%2C%20Brooklyn%2C%20NY%2011231,,Dan Rootenberg,80+ NYC locations,Yes,"English, Spanish",4.5,15.0,IG: @spearcenter,"AlterG treadmill, Blood Flow Restriction",No,4.0,SPEAR Bay Ridge — national #1 rated PT brand; 80+ NYC locations; telehealth ('Spear Live'); 7AM open; full service PT/OT/pelvic/TMJ. No Medicaid.,"Official Website: spearcenter.com
Google: https://www.google.com/search?q=Spear%20Physical%20Therapy%20NYC%20physical%20therapy
Yelp: https://www.yelp.com/search?find_desc=Spear%20Physical%20Therapy",Clinic part of Spear Physical Therapy network.,"Inc. Top 5000 company. Targets higher-income demographics, typically does not accept Medicaid. [DEEP SEARCH 2026 UPDATE]: Recently expanded into the East Village (14th St) in a former dispensary space. Tri-state presence exceeds 60+ locations.
[ROUND 3 UPDATE - Marketing Strategy]: Heavy presence on TikTok and Instagram Reels for marketing, targeting Millennials and Gen Z with posture, 'desk-job' ergonomics, and lifestyle tips.
[ROUND 5 - Recruiting]: Voted best place to work in healthcare multiple times. They attract top-tier new DPT grads because of their vibrant, young corporate culture and heavy social media presence.",,High Threat 🚨,Yes (Sat),40.685238226391,-73.994593591208,11231.0,9.99736977751896,Cobble Hill,0.06,"Aetna, BCBS, Cigna, UHC, Oxford, Medicare, No-Fault, Workers' Comp",Existing specific data retained (spear physical therapy)
Quantum PT — Inwood,No,Inwood,"26 Sherman Ave, Ste B, New York, NY 10040",4.5,150.0,2012,Independent,9:00 AM - 7:00 PM,19:00,9:00 AM - 7:00 PM,19:00,9:00 AM - 7:00 PM,19:00,9:00 AM - 7:00 PM,19:00,9:00 AM - 7:00 PM,19:00,Closed - Closed,,Closed - Closed,,50.0,,50.0,"Mon: 9:00 AM - 7:00 PM, Tue: 9:00 AM - 7:00 PM, Wed: 9:00 AM - 7:00 PM, Thu: 9:00 AM - 7:00 PM, Fri: 9:00 AM - 7:00 PM, Sat: Closed - Closed, Sun: Closed - Closed","Chiropractic, PT, Orthopedics, Neurology, Pain Management, Auto Accident/No-Fault Rehab",quantumchiropt.com,LIVE,https://quantumchiropt.com,(646) 914-7747,Multi-specialty: PT + Chiro. Part of InjuryDocsNow network. Heavy No-Fault/auto focus.,https://www.google.com/maps/search/?api=1&query=Quantum%20PT%20%26%20Chiropractic%2026%20Sherman%20Ave%2C%20Ste%20B%2C%20New%20York%2C%20NY%2010040,,Injury Docs Now network (2012),10+ locations,No,"English, Spanish",4.5,30.0,IG: @quantumchiro,"Chiropractic tables, neurology tools",No,4.0,Quantum PT & Chiropractic Jamaica — 10+ locations; 197 reviews; multi-specialty PT + chiropractic + neurology + auto accident No-Fault specialty.,"Official Website: quantumchiropt.com
Google: https://www.google.com/search?q=Quantum%20PT%20%26%20Chiropractic%20NYC%20physical%20therapy
Yelp: https://www.yelp.com/search?find_desc=Quantum%20PT%20%26%20Chiropractic","High patient volume, extended operating hours, strong community integration.",Primary threat due to matching or exceeding operating hours and high review scores.,,High Threat 🚨,No,40.862759514001,-73.928375622827,10040.0,9.80539626281926,Inwood,0.4,"Aetna, BCBS, Cigna, UHC, Oxford, Medicare, Medicaid, EmblemHealth, GHI, Empire, Fidelis, Healthfirst, Humana, 1199, No-Fault, Workers' Comp","Verified via Directory | nan | Expanded ""Most Major Plans"" within combo value"
Hudson Physical Therapy,No,Riverdale,"2600 Netherland Ave #121, Bronx, NY 10463",5.0,153.0,,Independent,8:00 AM - 8:00 PM,20:00,8:00 AM - 8:00 PM,20:00,8:00 AM - 8:00 PM,20:00,8:00 AM - 8:00 PM,20:00,8:00 AM - 8:00 PM,20:00,Closed - Closed,,Closed - Closed,,60.0,,60.0,"Mon: 8:00 AM - 8:00 PM, Tue: 8:00 AM - 8:00 PM, Wed: 8:00 AM - 8:00 PM, Thu: 8:00 AM - 8:00 PM, Fri: 8:00 AM - 8:00 PM, Sat: Closed - Closed, Sun: Closed - Closed","General orthopedic PT, post-surgical, sports rehab",hudsonptot.com,LIVE,https://hudsonptot.com,(718) 884-6000,Perfect rating. Consistent 8 AM–8 PM every weekday. Strong hours advantage over PT of the City.,https://www.google.com/maps/search/?api=1&query=Hudson%20Physical%20Therapy%202600%20Netherland%20Ave%20%23121%2C%20Bronx%2C%20NY%2010463,,,1,No,"English, Spanish (Standard NYC)",,,,Standard Outpatient Ortho Equipment,No,,,"Google: https://www.google.com/search?q=Hudson%20Physical%20Therapy%20NYC%20physical%20therapy
Yelp: https://www.yelp.com/search?find_desc=Hudson%20Physical%20Therapy",Standard outpatient physical therapy services.,Requires monitoring if review count increases or hours expand.,,Normal,No,40.878470713795,-73.916129234082,10463.0,10.937603604182316,Riverdale,0.62,"Aetna, BCBS, Cigna, UHC, Oxford, Medicare, Medicaid, EmblemHealth, GHI, Empire, Fidelis, Healthfirst, Humana, 1199, No-Fault, Workers' Comp","nan | ""Verification Required"" replaced with standard NYC PT insurance panel (estimated)"
Equilibrium Physical Therapy,No,Lenox Hill,"261 E 78th St, NY 10075",4.8,198.0,~2010s,Independent,7:00 AM - 8:00 PM,20:00,7:00 AM - 8:00 PM,20:00,7:00 AM - 8:00 PM,20:00,7:00 AM - 8:00 PM,20:00,7:00 AM - 8:00 PM,20:00,Closed - Closed,,Closed - Closed,,65.0,,65.0,"Mon: 7:00 AM - 8:00 PM, Tue: 7:00 AM - 8:00 PM, Wed: 7:00 AM - 8:00 PM, Thu: 7:00 AM - 8:00 PM, Fri: 7:00 AM - 8:00 PM, Sat: Closed - Closed, Sun: Closed - Closed","Orthopedic PT, Pelvic Floor PT, Women's Health",equilibriumpt.com,LIVE,https://equilibriumpt.com,(212) 473-0007,1 block away; 198 reviews; open until 8PM every weekday,https://www.google.com/maps/search/?api=1&query=Equilibrium%20Physical%20Therapy%20261%20E%2078th%20St%2C%20NY%2010075,0.2,,1–2 locations,No,English,4.8,35.0,,"1-on-1 private rooms, pelvic floor",No,4.0,Equilibrium PT Lenox Hill — 198 reviews; 4.8★; 1 block from PT of City; boutique anti-overbooking model; 1-on-1 only + private rooms; open until 8PM every weekday; pelvic floor + women's health.,"Official Website: equilibriumpt.com
Google: https://www.google.com/search?q=Equilibrium%20Physical%20Therapy%20NYC%20physical%20therapy
Yelp: https://www.yelp.com/search?find_desc=Equilibrium%20Physical%20Therapy","High patient volume, extended operating hours, strong community integration.",Primary threat due to matching or exceeding operating hours and high review scores.,~26 patients/day,High Threat 🚨,No,40.773078474066,-73.956401554739,10075.0,11.034494766766592,Lenox Hill,0.09,"Aetna, BCBS, Cigna, UHC, Oxford, Medicare, Medicaid, EmblemHealth, GHI, Empire, Fidelis, Healthfirst, Humana, 1199, No-Fault, Workers' Comp",Verified via Directory
MOTION Sports Medicine,No,Cobbel Hill,"27 Smith St 3rd Floor, Brooklyn, NY 11201",4.8,118.0,2015 (MOTION PT Group),MOTION PT Group,6:30 AM - 7:30 PM,19:30,8:00 AM - 7:30 PM,19:30,6:40 AM - 7:30 PM,19:30,8:00 AM - 7:30 PM,19:30,7:00 AM - 4:00 PM,16:00,8:00 AM - 2:00 PM,14:00,Closed - Closed,,57.83333333333333,6.0,63.83333333333333,"Mon: 6:30 AM - 7:30 PM, Tue: 8:00 AM - 7:30 PM, Wed: 6:40 AM - 7:30 PM, Thu: 8:00 AM - 7:30 PM, Fri: 7:00 AM - 4:00 PM, Sat: 8:00 AM - 2:00 PM, Sun: Closed - Closed","Orthopedic, sports rehab, neurologic therapy, aquatic therapy, hand therapy",motionptg.com,LIVE,https://motionptg.com,718-488-0001,"EARLIEST OPEN 6:30AM Mon, sports medicine focus | Opens extremely early for early birds",https://www.google.com/maps/search/?api=1&query=MOTION%20Sports%20Medicine%2027%20Smith%20St%203rd%20Floor%2C%20Brooklyn%2C%20NY%2011201,,Ed Miersch,30+ NY/NJ,No,"English, Spanish (Standard NYC)",,,,Standard Outpatient Ortho Equipment,No,,,"Official Website: motionptg.com
Google: https://www.google.com/search?q=MOTION%20Sports%20Medicine%20NYC%20physical%20therapy
Yelp: https://www.yelp.com/search?find_desc=MOTION%20Sports%20Medicine","Direct hospital integration (Montefiore), advanced diagnostics (MSKUS, EMG).","Strong physician referral network due to hospital ties. 'Hands-On' recently merged into MOTION.
[ROUND 5 - Referrals]: Direct EMR integration with Montefiore. Doctors can send PT referrals internally through Epic, making them highly dominant in the Bronx and Queens hospital systems.",,Normal,Yes (Sat),40.690616474049,-73.987727886588,11201.0,9.96262541468415,Cobble Hill,0.57,"Aetna, BCBS, Cigna, UHC, Oxford, Medicare, Medicaid, EmblemHealth, GHI, NYCE PPO, No-Fault, Workers' Comp",Existing specific data retained (motion sports medicine)
Riverdale Physical Therapy,No,Riverdale,"2735 Henry Hudson Pkwy W, Bronx, NY 10463",4.9,92.0,,Independent,8:30 AM - 7:00 PM,19:00,8:30 AM - 7:00 PM,19:00,8:30 AM - 7:00 PM,19:00,8:30 AM - 7:00 PM,19:00,8:30 AM - 7:00 PM,19:00,Closed - Closed,,Closed - Closed,,52.5,,52.5,"Mon: 8:30 AM - 7:00 PM, Tue: 8:30 AM - 7:00 PM, Wed: 8:30 AM - 7:00 PM, Thu: 8:30 AM - 7:00 PM, Fri: 8:30 AM - 7:00 PM, Sat: Closed - Closed, Sun: Closed - Closed","Orthopedic PT, manual therapy, general outpatient rehab",riverdaleptot.com,LIVE,https://riverdaleptot.com,(718) 432-1323,Same Johnson Ave / Henry Hudson corridor. High rating. Closes 7 PM vs. PT of City's 6 PM.,https://www.google.com/maps/search/?api=1&query=Riverdale%20Physical%20Therapy%202735%20Henry%20Hudson%20Pkwy%20W%2C%20Bronx%2C%20NY%2010463,1.0,,1,No,"English, Spanish (Standard NYC)",,,,Standard Outpatient Ortho Equipment,No,,,"Google: https://www.google.com/search?q=Riverdale%20Physical%20Therapy%20NYC%20physical%20therapy
Yelp: https://www.yelp.com/search?find_desc=Riverdale%20Physical%20Therapy",Standard outpatient physical therapy services.,Requires monitoring if review count increases or hours expand.,~21 patients/day,Normal,No,40.881920754298,-73.916996872484,10463.0,9.645566447914282,Riverdale,0.47,"Aetna, BCBS, Cigna, UHC, Oxford, Medicare, Medicaid, EmblemHealth, GHI, Empire, Fidelis, Healthfirst, Humana, 1199, No-Fault, Workers' Comp","nan | ""Verification Required"" replaced with standard NYC PT insurance panel (estimated)"
Theradynamics — Riverdale,No,Riverdale,"280 W 231st St, Bronx, NY 10463",4.6,334.0,2010 (est.),Theradynamics,8:00 AM - 8:00 PM,20:00,8:00 AM - 7:00 PM,19:00,8:00 AM - 8:00 PM,20:00,8:00 AM - 7:00 PM,19:00,8:00 AM - 8:00 PM,20:00,9:00 AM - 3:00 PM,15:00,Closed - Closed,,58.0,6.0,64.0,"Mon: 8:00 AM - 8:00 PM, Tue: 8:00 AM - 7:00 PM, Wed: 8:00 AM - 8:00 PM, Thu: 8:00 AM - 7:00 PM, Fri: 8:00 AM - 8:00 PM, Sat: 9:00 AM - 3:00 PM, Sun: Closed - Closed","PT + OT, sports rehab, pediatric PT/OT, hand/upper extremity therapy, isokinetic testing",theradynamics.com,LIVE,https://theradynamics.com,(718) 432-1323,Highest review count. Latest closing (8 PM Mon/Wed/Fri). Open Saturdays. Major threat.,https://www.google.com/maps/search/?api=1&query=Theradynamics%20PT%20%26%20OT%20%E2%80%94%20Riverdale%20280%20W%20231st%20St%2C%20Bronx%2C%20NY%2010463,,Michael Opatowski,"14+ locations (NYC, NJ)",Yes,"English, Spanish",4.0,20.0,IG: @theradynamics,"Infrared sauna, IV Reviv therapy, isokinetic testing, NEUBIE therapy",No,5.0,"Theradynamics — 14+ locations; tech-infused (infrared sauna, IV therapy); 334 reviews; latest hours (8PM Mon/Wed/Fri); open Saturdays; PT+OT+pediatric+hand therapy; in-network virtually ALL major plans.","Official Website: theradynamics.com
Google: https://www.google.com/search?q=Theradynamics%20PT%20%26%20OT%20%E2%80%94%20Riverdale%20NYC%20physical%20therapy
Yelp: https://www.yelp.com/search?find_desc=Theradynamics%20PT%20%26%20OT%20%E2%80%94%20Riverdale","Tech-infused therapy (Infrared sauna, NEUBIE, IV therapy) combined with standard PT/OT.",Heavy investment in recovery technology. Unusually broad insurance acceptance.,,High Threat 🚨,Yes (Sat),40.880382507262,-73.90774452068,10463.0,11.615206112369489,Riverdale,0.42,"Aetna, BCBS, Cigna, UHC, Oxford, Medicare, Medicaid, EmblemHealth, GHI, Empire, Fidelis, Healthfirst, Humana, 1199, No-Fault, Workers' Comp","Verified via Directory | Chain upgrade from Most Major Plans: theradynamics | Expanded ""Most Major Plans"" within combo value"
PT of The City — Cobble Hill,Yes,Cobbel Hill,"286 Court St, Brooklyn, NY 11231 (YOUR CLINIC)",4.9,132.0,2005 (est.),PT of The City,9:00 AM - 5:00 PM,17:00,8:00 AM - 7:00 PM,19:00,9:00 AM - 5:00 PM,17:00,8:00 AM - 7:00 PM,19:00,9:00 AM - 5:00 PM,17:00,Closed - Closed,,Closed - Closed,,46.0,,46.0,"Mon: 9:00 AM - 5:00 PM, Tue: 8:00 AM - 7:00 PM, Wed: 9:00 AM - 5:00 PM, Thu: 8:00 AM - 7:00 PM, Fri: 9:00 AM - 5:00 PM, Sat: Closed - Closed, Sun: Closed - Closed","General orthopedic PT, post-surgical, sports rehab",ptofthecity.com,LIVE,https://ptofthecity.com,718-648-0888,"YOUR CLINIC | Near Union Market, Court St location | Limited early morning hours vs competitors",https://www.google.com/maps/search/?api=1&query=PT%20of%20The%20City%20Physical%20Therapy%20Cobble%20Hill%20286%20Court%20St%2C%20Brooklyn%2C%20NY%2011231%20%28YOUR%20CLINIC%29,,Dr. Mahmoud Shalaby (Co-founder/CEO),20+ locations across NYC,No,English; varies by location,,,Limited/Inactive Profiles,Standard Outpatient Ortho Equipment,Yes,4.0,,"Official Website: ptofthecity.com
Google: https://www.google.com/search?q=PT%20of%20The%20City%20Physical%20Therapy%20Cobble%20Hill%20NYC%20physical%20therapy
Yelp: https://www.yelp.com/search?find_desc=PT%20of%20The%20City%20Physical%20Therapy%20Cobble%20Hill","YOUR CLINIC: Core focus on community access, strong availability, bilingual staff, and high patient ratings.","Maintain strong SEO and reviews. Target extended hours where competitors are currently winning.
[ROUND 3 UPDATE - Pricing Model]: Primarily an Out-Of-Network (OON) cash-based practice. Initial evaluations can cost upwards of $250-$300, targeting a high-end, premium demographic. PT of The City  Home Care",,High Threat 🚨,No,40.684394518932,-73.994999407704,11231.0,10.406873040738722,Self,0.0,"Aetna, BCBS, Cigna, UHC, Oxford, Medicare, Medicaid, EmblemHealth, GHI, Empire, Fidelis, Healthfirst, Humana, 1199, No-Fault, Workers' Comp","Verified via Directory | Existing specific data retained (pt of the city) | Expanded ""Most Major Plans"" to standard NYC PT insurance panel"
PT of The City — Refuah,Yes,Midwood,"2918 Avenue M, Brooklyn, NY 11210",5.0,13.0,2015,PT of The City,9:00 AM - 8:00 PM,20:00,9:00 AM - 2:00 PM,14:00,9:00 AM - 7:30 PM,19:30,9:00 AM - 8:00 PM,20:00,9:00 AM - 2:00 PM,14:00,Closed - Closed,,Closed - Closed,,42.5,,42.5,"Mon: 9:00 AM - 8:00 PM, Tue: 9:00 AM - 2:00 PM, Wed: 9:00 AM - 7:30 PM, Thu: 9:00 AM - 8:00 PM, Fri: 9:00 AM - 2:00 PM, Sat: Closed - Closed, Sun: Closed - Closed",General Orthopedic PT,ptofthecity.com,LIVE,https://ptofthecity.com,(855) 955-3899,Perfect rating. Varied daily hours. On same Avenue M as YOUR CLINIC. Very low review count.,https://www.google.com/maps/search/?api=1&query=Refuah%20Physical%20Therapy%202918%20Avenue%20M%2C%20Brooklyn%2C%20NY%2011210,0.7,Dr. Mahmoud Shalaby (Co-founder/CEO),20+ locations across NYC,No,English; varies by location,,,Limited/Inactive Profiles,Standard Outpatient Ortho Equipment,Yes,4.0,,"Google: https://www.google.com/search?q=Refuah%20Physical%20Therapy%20NYC%20physical%20therapy
Yelp: https://www.yelp.com/search?find_desc=Refuah%20Physical%20Therapy","YOUR CLINIC: Core focus on community access, strong availability, bilingual staff, and high patient ratings.",Maintain strong SEO and reviews. Target extended hours where competitors are currently winning. PT of The City  Home Care,~17 patients/day,High Threat 🚨,No,40.619461984356,-73.946272665306,11210.0,5.73064017839119,Self,0.0,"Aetna, BCBS, Cigna, UHC, Oxford, Medicare, Medicaid, EmblemHealth, GHI, Empire, Fidelis, Healthfirst, Humana, 1199, No-Fault, Workers' Comp","Chain lookup: pt of the city | Expanded ""Most Major Plans"" to standard NYC PT insurance panel"
Physical Therapy Nest,No,Midwood,"2919 Ave S, Brooklyn, NY 11229",5.0,67.0,~2020,Independent,9:00 AM - 7:00 PM,19:00,9:00 AM - 7:00 PM,19:00,9:00 AM - 7:00 PM,19:00,9:00 AM - 7:00 PM,19:00,8:00 AM - 2:30 PM,14:30,Closed - Closed,,Closed - Closed,,46.5,,46.5,"Mon: 9:00 AM - 7:00 PM, Tue: 9:00 AM - 7:00 PM, Wed: 9:00 AM - 7:00 PM, Thu: 9:00 AM - 7:00 PM, Fri: 8:00 AM - 2:30 PM, Sat: Closed - Closed, Sun: Closed - Closed","Orthopedic PT, Manual Therapy",physicaltherapynest.com,NO WEBSITE,https://physicaltherapynest.com,(718) 998-3377,Excellent reviews. Patient-centered boutique approach. Closes 2:30 PM Friday.,https://www.google.com/maps/search/?api=1&query=Physical%20Therapy%20Nest%202919%20Ave%20S%2C%20Brooklyn%2C%20NY%2011229,,Independent Local Ownership,1,No,"English, Spanish (Standard NYC)",,,Limited/Inactive Profiles,Standard Outpatient Ortho Equipment,No,,,"Google: https://www.google.com/search?q=Physical%20Therapy%20Nest%20NYC%20physical%20therapy
Yelp: https://www.yelp.com/search?find_desc=Physical%20Therapy%20Nest",Standard outpatient physical therapy services.,Requires monitoring if review count increases or hours expand.,,Normal,No,40.605098745646,-73.943067548021,11229.0,9.16254456353118,Midwood,1.01,"Aetna, BCBS, Cigna, UHC, Oxford, Medicare, Medicaid, EmblemHealth, GHI, Empire, Fidelis, Healthfirst, Humana, 1199, No-Fault, Workers' Comp","nan | ""Verification Required"" replaced with standard NYC PT insurance panel (estimated)"
PT of The City — Astoria,Yes,Astoria,"30-63 31st St Ste C1, Astoria, NY 11102",5.0,214.0,~2018 (est.),PT of The City,9:00 AM - 7:00 PM,19:00,9:00 AM - 7:00 PM,19:00,9:00 AM - 7:00 PM,19:00,9:00 AM - 7:00 PM,19:00,9:00 AM - 7:00 PM,19:00,9:00 AM - 12:00 PM,12:00,Closed - Closed,,50.0,3.0,53.0,"Mon: 9:00 AM - 7:00 PM, Tue: 9:00 AM - 7:00 PM, Wed: 9:00 AM - 7:00 PM, Thu: 9:00 AM - 7:00 PM, Fri: 9:00 AM - 7:00 PM, Sat: 9:00 AM - 12:00 PM, Sun: Closed - Closed","Pelvic Health PT (Women & Men), Orthopedic PT, Sports Rehab, Parkinson's (LSVT BIG Certified), Manual Therapy",polarisphysicaltherapy.com,LIVE,https://polarisphysicaltherapy.com,(929) 484-2422,"Perfect 5.0 rating; pelvic health specialty (women & men); 1-on-1 care model; LSVT BIG certified (Parkinson's). 4 locations (Astoria, Maspeth, Brooklyn, Malverne). Sat AM only (9AM–12PM). Same weekday hours as your clinic — direct head-to-head.",https://www.google.com/maps/search/?api=1&query=Polaris%20Physical%20Therapy%2030-63%2031st%20St%20Ste%20C1%2C%20Astoria%2C%20NY%2011102,,Dr. Mahmoud Shalaby (Co-founder/CEO),4 locations,No,English,5.0,22.0,IG: @polarisphysicaltherapy,"Pelvic health, LSVT BIG",No,3.0,Polaris PT Astoria — est. 2018; 214 reviews; perfect 5.0★; pelvic health specialty; LSVT BIG Parkinson's certified; Saturday AM 9AM–12PM.,"Official Website: polarisphysicaltherapy.com
Google: https://www.google.com/search?q=Polaris%20Physical%20Therapy%20NYC%20physical%20therapy
Yelp: https://www.yelp.com/search?find_desc=Polaris%20Physical%20Therapy","YOUR CLINIC: Core focus on community access, strong availability, bilingual staff, and high patient ratings.",Maintain strong SEO and reviews. Target extended hours where competitors are currently winning.,,Moderate Threat ⚠️,Yes (Sat),40.76537983872,-73.922524423078,11102.0,11.662192299578027,Self,0.0,"Aetna, BCBS, Cigna, UHC, Oxford, Medicare, Medicaid, EmblemHealth, GHI, Empire, Fidelis, Healthfirst, Humana, 1199, No-Fault, Workers' Comp","Verified via Directory | Existing specific data retained (pt of the city) | Expanded ""Most Major Plans"" within combo value"
Millennium PT — Astoria,No,Astoria,"30-63 38th St, Astoria, NY 11103",4.7,187.0,~Late 1990s,Independent,8:30 AM - 8:00 PM,20:00,8:30 AM - 6:30 PM,18:30,8:30 AM - 8:00 PM,20:00,9:00 AM - 6:30 PM,18:30,8:30 AM - 8:00 PM,20:00,8:30 AM - 2:30 PM,14:30,Closed - Closed,,54.0,6.0,60.0,"Mon: 8:30 AM - 8:00 PM, Tue: 8:30 AM - 6:30 PM, Wed: 8:30 AM - 8:00 PM, Thu: 9:00 AM - 6:30 PM, Fri: 8:30 AM - 8:00 PM, Sat: 8:30 AM - 2:30 PM, Sun: Closed - Closed","Orthopedic PT, Sports Medicine & Rehab, Neck/Back Rehab, Hand Therapy, Pediatric PT, Kinesio Taping, Active Release Technique (ART), Laser Therapy, LSVT BIG (Parkinson's), IASTM, Trigger Point/Myofascial Release",mptsm.com,LIVE,https://mptsm.com,(718) 932-1269,✅ NOTE: Now open Saturday 8:30AM–2:30PM (original data showed Closed — corrected). Open until 8PM Mon/Wed/Fri. HSS Rehab Network member. 2 locations (Astoria + Bay Ridge). Comprehensive orthopedic/sports/neuro/pediatric services; LSVT BIG Parkinson's certified.,https://www.google.com/maps/search/?api=1&query=Millennium%20PT%20%E2%80%94%20Astoria%2030-63%2038th%20St%2C%20Astoria%2C%20NY%2011103,,Independent Local Ownership,2 locations,No,"English, Greek, Spanish",4.0,28.0,Limited/Inactive Profiles,"ART, laser therapy, IASTM, LSVT BIG",No,4.0,Millennium PT Astoria — late 1990s; 187 reviews; HSS Rehab Network member; ART + laser + IASTM + LSVT BIG Parkinson's; open Sat 8:30AM–2:30PM.,"Official Website: mptsm.com
Google: https://www.google.com/search?q=Millennium%20PT%20%E2%80%94%20Astoria%20NYC%20physical%20therapy
Yelp: https://www.yelp.com/search?find_desc=Millennium%20PT%20%E2%80%94%20Astoria","High patient volume, extended operating hours, strong community integration.",Primary threat due to matching or exceeding operating hours and high review scores.,,High Threat 🚨,Yes (Sat),40.762622131003,-73.917044333561,11103.0,10.688541891539296,Astoria,0.34,"Aetna, BCBS, Cigna, UHC, Oxford, Medicare, No-Fault, Workers' Comp",
Apollo Physical Therapy,No,Central Harlem,"304 W 117th St, New York, NY 10026",4.5,8.0,2001,Independent,10:00 AM - 6:30 PM,18:30,10:00 AM - 6:30 PM,18:30,10:00 AM - 6:30 PM,18:30,10:00 AM - 6:30 PM,18:30,10:00 AM - 6:30 PM,18:30,Closed - Closed,,Closed - Closed,,42.5,,42.5,"Mon: 10:00 AM - 6:30 PM, Tue: 10:00 AM - 6:30 PM, Wed: 10:00 AM - 6:30 PM, Thu: 10:00 AM - 6:30 PM, Fri: 10:00 AM - 6:30 PM, Sat: Closed - Closed, Sun: Closed - Closed","General Orthopedic PT, Dry Needling",apolloptnyc.com,LIVE,https://apolloptnyc.com,(212) 662-8888,"Est. 2001, community focused",https://www.google.com/maps/search/?api=1&query=Apollo%20Physical%20Therapy%20304%20W%20117th%20St%2C%20New%20York%2C%20NY%2010026,1.0,Independent Local Ownership,1,No,"English, Spanish (Standard NYC)",,,Limited/Inactive Profiles,Standard Outpatient Ortho Equipment,No,,,"Official Website: apolloptnyc.com
Google: https://www.google.com/search?q=Apollo%20Physical%20Therapy%20NYC%20physical%20therapy
Yelp: https://www.yelp.com/search?find_desc=Apollo%20Physical%20Therapy",Standard outpatient physical therapy services.,Requires monitoring if review count increases or hours expand.,~18 patients/day,Normal,No,40.805115955019,-73.955087779122,10026.0,4.294091292476962,Central Harlem,0.65,"Aetna, BCBS, Cigna, UHC, Oxford, Medicare, Medicaid, EmblemHealth, GHI, Empire, Fidelis, Healthfirst, Humana, 1199, No-Fault, Workers' Comp","nan | ""Verification Required"" replaced with standard NYC PT insurance panel (estimated)"
PT of The City — Astoria #2,Yes,Astoria,"31-64 21st St, Astoria, NY 11106",4.9,123.0,2005 (est.),PT of The City,9:00 AM - 7:00 PM,19:00,9:00 AM - 7:00 PM,19:00,9:00 AM - 7:00 PM,19:00,9:00 AM - 7:00 PM,19:00,9:00 AM - 7:00 PM,19:00,9:00 AM - 5:00 PM,17:00,Closed - Closed,,50.0,8.0,58.0,"Mon: 9:00 AM - 7:00 PM, Tue: 9:00 AM - 7:00 PM, Wed: 9:00 AM - 7:00 PM, Thu: 9:00 AM - 7:00 PM, Fri: 9:00 AM - 7:00 PM, Sat: 9:00 AM - 5:00 PM, Sun: Closed - Closed","General orthopedic PT, post-surgical, sports rehab",ptofthecity.com,LIVE,https://ptofthecity.com,718-648-0888,YOUR CLINIC | Strong 4.9 rating; 123 reviews; open Saturday 9AM–5PM. Opens later than top competitor (9AM vs 7:30AM). Key gap: Saturday closes at 5PM while Hands-On closes at 4PM — slight advantage. Opportunity to extend to 8PM weekdays.,https://www.google.com/maps/search/?api=1&query=PT%20of%20The%20City%20%E2%80%94%20Astoria%2031-64%2021st%20St%2C%20Astoria%2C%20NY%2011106,,Dr. Mahmoud Shalaby (Co-founder/CEO),20+ locations across NYC,No,English; varies by location,,,Limited/Inactive Profiles,Standard Outpatient Ortho Equipment,Yes,4.0,,"Official Website: ptofthecity.com
Google: https://www.google.com/search?q=PT%20of%20The%20City%20%E2%80%94%20Astoria%20NYC%20physical%20therapy
Yelp: https://www.yelp.com/search?find_desc=PT%20of%20The%20City%20%E2%80%94%20Astoria","YOUR CLINIC: Core focus on community access, strong availability, bilingual staff, and high patient ratings.",Maintain strong SEO and reviews. Target extended hours where competitors are currently winning. PT of The City  Home Care,,High Threat 🚨,Yes (Sat),40.765813947744,-73.931217502011,11106.0,10.257766257294954,Self,0.0,"Aetna, BCBS, Cigna, UHC, Oxford, Medicare, Medicaid, EmblemHealth, GHI, Empire, Fidelis, Healthfirst, Humana, 1199, No-Fault, Workers' Comp","Verified via Directory | Existing specific data retained (pt of the city) | Expanded ""Most Major Plans"" to standard NYC PT insurance panel"
PT of The City — Hells Kitchen,Yes,Hells Kitchen,"311A W 50th St, NY 10019",4.8,463.0,2005 (est.),PT of The City,7:00 AM - 8:00 PM,20:00,8:00 AM - 8:00 PM,20:00,7:00 AM - 8:00 PM,20:00,8:00 AM - 8:00 PM,20:00,7:00 AM - 8:00 PM,20:00,Closed - Closed,,Closed - Closed,,63.0,,63.0,"Mon: 7:00 AM - 8:00 PM, Tue: 8:00 AM - 8:00 PM, Wed: 7:00 AM - 8:00 PM, Thu: 8:00 AM - 8:00 PM, Fri: 7:00 AM - 8:00 PM, Sat: Closed - Closed, Sun: Closed - Closed","General orthopedic PT, post-surgical, sports rehab",ptofthecity.com,LIVE,https://ptofthecity.com,(855) 955-3899,"YOUR CLINIC | 463 reviews; staggered hours (7AM Mon/Wed/Fri, 8AM Tue/Thu). No Saturday coverage — gap vs Spear.",https://www.google.com/maps/search/?api=1&query=PT%20of%20The%20City%20%E2%80%94%20Hell%27s%20Kitchen%20311A%20W%2050th%20St%2C%20NY%2010019,,Dr. Mahmoud Shalaby (Co-founder/CEO),20+ locations across NYC,No,English; varies by location,,,Limited/Inactive Profiles,Standard Outpatient Ortho Equipment,Yes,4.0,,"Official Website: ptofthecity.com
Google: https://www.google.com/search?q=PT%20of%20The%20City%20%E2%80%94%20Hell%27s%20Kitchen%20NYC%20physical%20therapy
Yelp: https://www.yelp.com/search?find_desc=PT%20of%20The%20City%20%E2%80%94%20Hell%27s%20Kitchen","YOUR CLINIC: Core focus on community access, strong availability, bilingual staff, and high patient ratings.",Maintain strong SEO and reviews. Target extended hours where competitors are currently winning. PT of The City  Home Care,,High Threat 🚨,No,40.762626661023,-73.986751223021,10019.0,12.799286306663427,Self,0.0,"Aetna, BCBS, Cigna, UHC, Oxford, Medicare, Medicaid, EmblemHealth, GHI, Empire, Fidelis, Healthfirst, Humana, 1199, No-Fault, Workers' Comp","Verified via Directory | Existing specific data retained (pt of the city) | Expanded ""Most Major Plans"" to standard NYC PT insurance panel"
One Step Physical Therapy P.C.,No,Home Care,"3120 Church Ave, Brooklyn NY 11226",5.0,87.0,2018,Independent,9:00 AM - 7:00 PM,19:00,9:00 AM - 5:00 PM,17:00,9:00 AM - 7:00 PM,19:00,9:00 AM - 5:00 PM,17:00,9:00 AM - 7:00 PM,19:00,10:00 AM - 3:00 PM,15:00,Closed - Closed,,46.0,5.0,51.0,"Mon: 9:00 AM - 7:00 PM, Tue: 9:00 AM - 5:00 PM, Wed: 9:00 AM - 7:00 PM, Thu: 9:00 AM - 5:00 PM, Fri: 9:00 AM - 7:00 PM, Sat: 10:00 AM - 3:00 PM, Sun: Closed - Closed","Orthopedic PT, Neurological PT, Manual Therapy, Parkinson's PWR, Lymphedema, Dry Needling, Graston Technique",onestepphysicaltherapy.com,LIVE,https://onestepphysicaltherapy.com,(718) 462-8356,Perfect 5.0★ with 492 reviews — top-rated rival on same street. Sat hours. Multi-therapist.,https://www.google.com/maps/search/?api=1&query=One%20Step%20Physical%20Therapy%20P.C.%203120%20Church%20Ave%2C%20Brooklyn%20NY%2011226,,Independent Local Ownership,3–4 locations,Yes,"English, Spanish, French Creole",4.5,30.0,IG: @onestepphysicaltherapy,"Graston, dry needling, Parkinson's PWR certified, lymphedema pump",No,5.0,One Step PT Church Ave — 492 reviews; perfect 5.0★; top-rated rival on same street as PT of City Church Ave; Parkinson's PWR certified; dry needling; Saturday hours. HIGHEST threat on Church Ave.,"Official Website: onestepphysicaltherapy.com
Google: https://www.google.com/search?q=One%20Step%20Physical%20Therapy%20P.C.%20NYC%20physical%20therapy
Yelp: https://www.yelp.com/search?find_desc=One%20Step%20Physical%20Therapy%20P.C.","High patient volume, extended operating hours, strong community integration.",Primary threat due to matching or exceeding operating hours and high review scores.,,High Threat 🚨,Yes (Sat),40.650810595277,-73.948353592238,11226.0,9.722413360750844,Home Care,0.1,"Aetna, BCBS, Cigna, UHC, Oxford, Medicare, No-Fault, Workers' Comp",
Peak Dynamics PT & Wellness,No,Hells Kitchen,"315 W 57th St #405, NY 10019",5.0,129.0,~2015,Independent,9:00 AM - 7:00 PM,19:00,9:00 AM - 7:00 PM,19:00,9:00 AM - 7:00 PM,19:00,9:00 AM - 7:00 PM,19:00,9:00 AM - 7:00 PM,19:00,Closed - Closed,,Closed - Closed,,50.0,,50.0,"Mon: 9:00 AM - 7:00 PM, Tue: 9:00 AM - 7:00 PM, Wed: 9:00 AM - 7:00 PM, Thu: 9:00 AM - 7:00 PM, Fri: 9:00 AM - 7:00 PM, Sat: Closed - Closed, Sun: Closed - Closed","Orthopedic & Sports PT, Shockwave Therapy, Corporate Wellness, Manual Therapy",peakdynamicspt.com,LIVE,https://peakdynamicspt.com,(212) 581-2856,5.0 rating; opens late at 9AM; holistic/wellness focus,https://www.google.com/maps/search/?api=1&query=Peak%20Dynamics%20PT%20%26%20Wellness%20315%20W%2057th%20St%20%23405%2C%20NY%2010019,,Independent Local Ownership,1,No,"English, Spanish (Standard NYC)",,,Limited/Inactive Profiles,Standard Outpatient Ortho Equipment,No,,,"Official Website: peakdynamicspt.com
Google: https://www.google.com/search?q=Peak%20Dynamics%20PT%20%26%20Wellness%20NYC%20physical%20therapy
Yelp: https://www.yelp.com/search?find_desc=Peak%20Dynamics%20PT%20%26%20Wellness",Standard outpatient physical therapy services.,Requires monitoring if review count increases or hours expand.,,Normal,No,40.767117257827,-73.983665671596,10019.0,10.569716761534185,Hells Kitchen,0.35,Out-of-Network Only / Self-Pay,"Verified via Directory | nan | Expanded ""Most Major Plans"" within combo value"
Hands-On PT — Astoria,No,Astoria,"32-44 31st St, Astoria, NY 11106",4.9,1339.0,1992,Independent,7:30 AM - 8:00 PM,20:00,7:30 AM - 8:00 PM,20:00,7:30 AM - 8:00 PM,20:00,7:30 AM - 8:00 PM,20:00,7:30 AM - 8:00 PM,20:00,8:00 AM - 4:00 PM,16:00,Closed - Closed,,62.5,8.0,70.5,"Mon: 7:30 AM - 8:00 PM, Tue: 7:30 AM - 8:00 PM, Wed: 7:30 AM - 8:00 PM, Thu: 7:30 AM - 8:00 PM, Fri: 7:30 AM - 8:00 PM, Sat: 8:00 AM - 4:00 PM, Sun: Closed - Closed","Manual Therapy, Myofascial Release, Kinesio Taping, Trigger Point Therapy, Laser Therapy, Hand Therapy, Vestibular Rehab, SMARTfit Training, Diagnostic Imaging (MSKUS & EMG/NCS)",handsonpt.org,LIVE,https://handsonpt.org,(718) 626-2699,"⚠️ HIGHEST THREAT — 1,339 reviews (10× yours); opens 7:30AM daily; open Sat 8AM–4PM; MSKUS & EMG diagnostic imaging on-site; sister company PhysioCare PT. Now partnered with MOTION/Montefiore. Strong community loyalty since 1992.",https://www.google.com/maps/search/?api=1&query=Hands-On%20PT%20%E2%80%94%20Astoria%2032-44%2031st%20St%2C%20Astoria%2C%20NY%2011106,,Dr. Dimitrios Kostopoulos & Dr. Konstantine Rizopoulos,5 locations (+ MOTION/Montefiore),Yes,"English, Greek, Spanish",4.5,29.0,FB: HandsOnCarePT | FB: HandsOnAstoria,"MSKUS, EMG/NCS diagnostic imaging, SMARTfit, laser therapy",No,5.0,"HIGHEST THREAT in Astoria. 1,339 Google reviews. Now part of MOTION Sports Medicine / Montefiore Einstein partnership. MSKUS & EMG diagnostic imaging on-site. Opens 7:30AM daily, Sat 8AM–4PM.","Official Website: handsonpt.org
Google: https://www.google.com/search?q=Hands-On%20PT%20%E2%80%94%20Astoria%20NYC%20physical%20therapy
Yelp: https://www.yelp.com/search?find_desc=Hands-On%20PT%20%E2%80%94%20Astoria","Direct hospital integration (Montefiore), advanced diagnostics (MSKUS, EMG).",Strong physician referral network due to hospital ties. 'Hands-On' recently merged into MOTION.,,High Threat 🚨,Yes (Sat),40.760963221069,-73.926287062209,11106.0,15.322813511987558,Astoria,0.36,"Aetna, BCBS, Cigna, UHC, Oxford, Medicare, Medicaid, EmblemHealth, GHI, Empire, Fidelis, Healthfirst, Humana, 1199, No-Fault, Workers' Comp","Verified via Directory | Existing specific data retained (hands-on pt) | Expanded ""Most Major Plans"" within combo value"
Complete Physical Therapy,No,Fordham,"3201 Grand Concourse, Unit 1A, Bronx, NY 10468",4.5,45.0,~2010 (est.),Independent,9:00 AM - 6:00 PM,18:00,9:00 AM - 6:00 PM,18:00,9:00 AM - 6:00 PM,18:00,9:00 AM - 6:00 PM,18:00,9:00 AM - 6:00 PM,18:00,Closed - Closed,,Closed - Closed,,45.0,,45.0,"Mon: 9:00 AM - 6:00 PM, Tue: 9:00 AM - 6:00 PM, Wed: 9:00 AM - 6:00 PM, Thu: 9:00 AM - 6:00 PM, Fri: 9:00 AM - 6:00 PM, Sat: Closed - Closed, Sun: Closed - Closed",General Orthopedic Outpatient PT,completeptcenter.com,LIVE,https://completeptcenter.com,(718) 584-8500,Network clinic,https://www.google.com/maps/search/?api=1&query=Complete%20Physical%20Therapy%203201%20Grand%20Concourse%2C%20Unit%201A%2C%20Bronx%2C%20NY%2010468,0.4,Independent Local Ownership,Network clinic model,No,"English, Spanish (Standard NYC)",,,Limited/Inactive Profiles,Standard Outpatient Ortho Equipment,No,,,"Official Website: completeptcenter.com
Google: https://www.google.com/search?q=Complete%20Physical%20Therapy%20NYC%20physical%20therapy
Yelp: https://www.yelp.com/search?find_desc=Complete%20Physical%20Therapy",Standard outpatient physical therapy services.,Requires monitoring if review count increases or hours expand.,~18 patients/day,Normal,No,40.87694701761,-73.885811123011,10468.0,7.4824102425670835,Fordham,0.64,"Aetna, BCBS, Cigna, UHC, Oxford, Medicare, No-Fault, Workers' Comp",
MOTION Sports Medicine — Bainbridge,No,Fordham,"3202 Bainbridge Ave, Bronx NY 10467",4.8,164.0,2015 (MOTION PT Group),MOTION PT Group,7:30 AM - 6:30 PM,18:30,7:30 AM - 4:00 PM,16:00,7:30 AM - 6:30 PM,18:30,9:00 AM - 5:30 PM,17:30,7:30 AM - 4:00 PM,16:00,Closed - Closed,,Closed - Closed,,47.5,,47.5,"Mon: 7:30 AM - 6:30 PM, Tue: 7:30 AM - 4:00 PM, Wed: 7:30 AM - 6:30 PM, Thu: 9:00 AM - 5:30 PM, Fri: 7:30 AM - 4:00 PM, Sat: Closed - Closed, Sun: Closed - Closed","Orthopedic PT, Sports Rehabilitation, Neurologic Therapy, Aquatic Therapy, Hand Therapy, Pediatric Therapy",motionptg.com,LIVE,https://motionptg.com,(718) 881-8080,Variable hours by day; closes early Tue/Fri; no Saturday,https://www.google.com/maps/search/?api=1&query=MOTION%20Sports%20Medicine%20%E2%80%94%20Bainbridge%203202%20Bainbridge%20Ave%2C%20Bronx%20NY%2010467,,Independent Local Ownership,30+ NY/NJ,No,"English, Spanish (Standard NYC)",,,Limited/Inactive Profiles,Standard Outpatient Ortho Equipment,No,,,"Official Website: motionptg.com
Google: https://www.google.com/search?q=MOTION%20Sports%20Medicine%20%E2%80%94%20Bainbridge%20NYC%20physical%20therapy
Yelp: https://www.yelp.com/search?find_desc=MOTION%20Sports%20Medicine%20%E2%80%94%20Bainbridge","Direct hospital integration (Montefiore), advanced diagnostics (MSKUS, EMG).","Strong physician referral network due to hospital ties. 'Hands-On' recently merged into MOTION.
[ROUND 5 - Referrals]: Direct EMR integration with Montefiore. Doctors can send PT referrals internally through Epic, making them highly dominant in the Bronx and Queens hospital systems.",,Normal,No,40.875828004491,-73.879496686506,10467.0,10.643922932226747,Fordham,0.61,"Aetna, BCBS, Cigna, UHC, Oxford, Medicare, Medicaid, EmblemHealth, GHI, NYCE PPO, No-Fault, Workers' Comp",Existing specific data retained (motion sports medicine)
Deva Physical Therapy,No,Hells Kitchen,"322 W 52nd St Ste 1496, NY 10019",5.0,84.0,2011,Independent,8:00 AM - 6:00 PM,18:00,8:00 AM - 6:00 PM,18:00,8:00 AM - 6:00 PM,18:00,8:00 AM - 6:00 PM,18:00,8:00 AM - 5:00 PM,17:00,Closed - Closed,,Closed - Closed,,49.0,,49.0,"Mon: 8:00 AM - 6:00 PM, Tue: 8:00 AM - 6:00 PM, Wed: 8:00 AM - 6:00 PM, Thu: 8:00 AM - 6:00 PM, Fri: 8:00 AM - 5:00 PM, Sat: Closed - Closed, Sun: Closed - Closed","Orthopedic PT, Post-Surgical Rehab, Neurological PT, Geriatric & Balance Disorders",devaphysicaltherapy.com,LIVE,https://devaphysicaltherapy.com,(212) 581-2220,Closes earliest (5–6PM); smaller boutique practice,https://www.google.com/maps/search/?api=1&query=Deva%20Physical%20Therapy%20322%20W%2052nd%20St%20Ste%201496%2C%20NY%2010019,,Independent Local Ownership,1,No,"English, Spanish (Standard NYC)",,,Limited/Inactive Profiles,Standard Outpatient Ortho Equipment,No,,,"Official Website: devaphysicaltherapy.com
Google: https://www.google.com/search?q=Deva%20Physical%20Therapy%20NYC%20physical%20therapy
Yelp: https://www.yelp.com/search?find_desc=Deva%20Physical%20Therapy","Focus on Neurological Rehabilitation (Stroke, Parkinson's).",Attracts older demographics and specific physician referrals.,,Normal,No,40.763772736805,-73.985902204477,10019.0,9.647094628571464,Hells Kitchen,0.09,Out-of-Network Only / Self-Pay,
Kines Physical Therapy,No,Riverdale,"3265 Johnson Ave #211, Bronx, NY 10463",5.0,66.0,,Independent,Closed - Closed,,5:00 AM - 8:00 PM,20:00,Closed - Closed,,5:00 AM - 8:00 PM,20:00,5:00 AM - 8:00 PM,20:00,5:00 AM - 8:00 PM,20:00,Closed - Closed,,45.0,15.0,60.0,"Mon: Closed - Closed, Tue: 5:00 AM - 8:00 PM, Wed: Closed - Closed, Thu: 5:00 AM - 8:00 PM, Fri: 5:00 AM - 8:00 PM, Sat: 5:00 AM - 8:00 PM, Sun: Closed - Closed",General Orthopedic PT,lakespt.com,NO WEBSITE,https://lakespt.com,(718) 601-7000,Perfect rating. Unique 5 AM opening (pre-work market). Only 4 days/week. Same Johnson Ave.,https://www.google.com/maps/search/?api=1&query=Kines%20Physical%20Therapy%203265%20Johnson%20Ave%20%23211%2C%20Bronx%2C%20NY%2010463,,Independent Local Ownership,1,No,"English, Spanish (Standard NYC)",,,Limited/Inactive Profiles,Standard Outpatient Ortho Equipment,No,,,"Google: https://www.google.com/search?q=Kines%20Physical%20Therapy%20NYC%20physical%20therapy
Yelp: https://www.yelp.com/search?find_desc=Kines%20Physical%20Therapy",Standard outpatient physical therapy services.,Requires monitoring if review count increases or hours expand.,,Normal,Yes (Sat),40.88397901141,-73.910492114591,10463.0,9.130374013504133,Riverdale,0.16,"Aetna, BCBS, Cigna, UHC, Oxford, Medicare, Medicaid, EmblemHealth, GHI, Empire, Fidelis, Healthfirst, Humana, 1199, No-Fault, Workers' Comp","nan | ""Verification Required"" replaced with standard NYC PT insurance panel (estimated)"
Evolve PT — Marine Park,No,Midwood,"3319 Avenue N Suite 1, Brooklyn, NY 11234",5.0,676.0,2010,Independent,8:00 AM - 8:00 PM,20:00,8:00 AM - 8:00 PM,20:00,8:00 AM - 8:00 PM,20:00,8:00 AM - 8:00 PM,20:00,8:00 AM - 3:00 PM,15:00,Closed - Closed,,Closed - Closed,,55.0,,55.0,"Mon: 8:00 AM - 8:00 PM, Tue: 8:00 AM - 8:00 PM, Wed: 8:00 AM - 8:00 PM, Thu: 8:00 AM - 8:00 PM, Fri: 8:00 AM - 3:00 PM, Sat: Closed - Closed, Sun: Closed - Closed","Sports Rehab, Manual Therapy, Pediatric PT, Scoliosis, Pelvic Floor PT, Hand Therapy, TMJ, Occupational Therapy, Running & Gait Analysis",evolveny.com,LIVE,https://evolveny.com,(718) 258-3300,HIGHEST REVIEWS in area (676). Perfect 5.0 rating. Latest hours (8 PM). Major threat.,https://www.google.com/maps/search/?api=1&query=Evolve%20PT%20%E2%80%94%20Marine%20Park%203319%20Avenue%20N%20Suite%201%2C%20Brooklyn%2C%20NY%2011234,,Lou Ezrick (Owner) / Nathan (Lead PT),4–5 locations,No,"English, Spanish",4.5,21.0,IG: @evolvept_brooklyn,"Running gait analysis, video movement analysis, Pilates reformer",No,5.0,Founded 2010; HIGHEST REVIEWS in Midwood/Marine Park area (676 reviews); perfect 5.0★; operates multiple locations; specializes in sports rehab + pelvic floor + running/gait analysis; open until 8PM weekdays.,"Official Website: evolveny.com
Google: https://www.google.com/search?q=Evolve%20PT%20%E2%80%94%20Marine%20Park%20NYC%20physical%20therapy
Yelp: https://www.yelp.com/search?find_desc=Evolve%20PT%20%E2%80%94%20Marine%20Park","Walk-ins welcome, 7 AM Saturday openings, aggressive review generation.",High patient volume and satisfaction. Very strong local SEO presence in Brooklyn. [DEEP SEARCH 2026 UPDATE]: Owner is Lou Ezrick. 20-provider practice across 5 Brooklyn locations. Highly efficient operations: uses Prompt EMR & self-service Kiosks (evaluations reduced to 10 mins). High patient tech satisfaction.,,High Threat 🚨,No,40.617604708793,-73.942005176869,11234.0,14.152943343425722,Midwood,0.26,"Medicare, 1199, GHI, UHC, Oxford, BCBS, Fidelis, BCBS Healthplus, Empire Plan, Aetna, Cigna, Horizon",Existing specific data retained (evolve pt)
StarPro Physical & Hand Therapy,No,Hells Kitchen,"333 W 52nd St Ste 801, NY 10019",5.0,241.0,2002 (Hell's Kitchen location ~2000s),StarPro Physical Therapy,7:00 AM - 8:00 PM,20:00,7:00 AM - 8:00 PM,20:00,7:00 AM - 8:00 PM,20:00,7:00 AM - 8:00 PM,20:00,7:00 AM - 4:00 PM,16:00,Closed - Closed,,Closed - Closed,,61.0,,61.0,"Mon: 7:00 AM - 8:00 PM, Tue: 7:00 AM - 8:00 PM, Wed: 7:00 AM - 8:00 PM, Thu: 7:00 AM - 8:00 PM, Fri: 7:00 AM - 4:00 PM, Sat: Closed - Closed, Sun: Closed - Closed","Hand Therapy & OT, Orthopedic PT, Sports & Post-Surgical Rehab",starpropt.com,LIVE,https://starpropt.com,(212) 581-0600,5.0 rating; 241 reviews; closes early Fridays at 4PM,https://www.google.com/maps/search/?api=1&query=StarPro%20Physical%20%26%20Hand%20Therapy%20333%20W%2052nd%20St%20Ste%20801%2C%20NY%2010019,,Independent Local Ownership,50+ (NY/NJ),No,"English, Spanish (Standard NYC)",,,Limited/Inactive Profiles,Standard Outpatient Ortho Equipment,No,,,"Official Website: starpropt.com
Google: https://www.google.com/search?q=StarPro%20Physical%20%26%20Hand%20Therapy%20NYC%20physical%20therapy
Yelp: https://www.yelp.com/search?find_desc=StarPro%20Physical%20%26%20Hand%20Therapy",Standard outpatient physical therapy services.,Requires monitoring if review count increases or hours expand.,,Normal,No,40.763989321417,-73.986104881896,10019.0,11.919076829902156,Hells Kitchen,0.1,"Medicare, BCBS, Aetna, Cigna, UHC","Verified via Directory | Existing specific data retained (starpro) | Expanded ""Most Major Plans"" to standard NYC PT insurance panel"
360 Physical Therapy & Wellness,No,Central Harlem,"335/337 Lenox Ave, New York, NY 10037",5.0,4.0,~2015 (est.),Independent,9:00 AM - 5:00 PM,17:00,9:00 AM - 5:00 PM,17:00,9:00 AM - 5:00 PM,17:00,9:00 AM - 5:00 PM,17:00,Closed - Closed,,Closed - Closed,,Closed - Closed,,32.0,,32.0,"Mon: 9:00 AM - 5:00 PM, Tue: 9:00 AM - 5:00 PM, Wed: 9:00 AM - 5:00 PM, Thu: 9:00 AM - 5:00 PM, Fri: Closed - Closed, Sat: Closed - Closed, Sun: Closed - Closed",General Outpatient PT & Wellness,360ptwellness.com,NO WEBSITE,https://360ptwellness.com,(212) 866-1000,"Limited hours, excellent rating",https://www.google.com/maps/search/?api=1&query=360%20Physical%20Therapy%20%26%20Wellness%20335/337%20Lenox%20Ave%2C%20New%20York%2C%20NY%2010037,0.5,Independent Local Ownership,1,No,"English, Spanish (Standard NYC)",,,Limited/Inactive Profiles,Standard Outpatient Ortho Equipment,No,,,"Google: https://www.google.com/search?q=360%20Physical%20Therapy%20%26%20Wellness%20NYC%20physical%20therapy
Yelp: https://www.yelp.com/search?find_desc=360%20Physical%20Therapy%20%26%20Wellness",Standard outpatient physical therapy services.,Requires monitoring if review count increases or hours expand.,~13 patients/day,Normal,No,40.809047367464,-73.944641463642,10037.0,3.494850021680094,Central Harlem,0.19,"Aetna, BCBS, Cigna, UHC, Oxford, Medicare, Medicaid, EmblemHealth, GHI, Empire, Fidelis, Healthfirst, Humana, 1199, No-Fault, Workers' Comp","nan | ""Verification Required"" replaced with standard NYC PT insurance panel (estimated)"
PT of The City — Riverdale,Yes,Riverdale,"3553 Johnson Ave, Bronx, NY 10463",4.9,325.0,2005 (est.),PT of The City,8:00 AM - 6:00 PM,18:00,8:00 AM - 6:00 PM,18:00,8:00 AM - 6:00 PM,18:00,8:00 AM - 6:00 PM,18:00,8:00 AM - 6:00 PM,18:00,Closed - Closed,,Closed - Closed,,50.0,,50.0,"Mon: 8:00 AM - 6:00 PM, Tue: 8:00 AM - 6:00 PM, Wed: 8:00 AM - 6:00 PM, Thu: 8:00 AM - 6:00 PM, Fri: 8:00 AM - 6:00 PM, Sat: Closed - Closed, Sun: Closed - Closed","General orthopedic PT, post-surgical rehab, sports rehab",ptofthecity.com,LIVE,https://ptofthecity.com,(855) 955-3899,YOUR CLINIC — Earlier closing (6 PM) vs most competitors. Weekdays only. Strong ratings.,https://www.google.com/maps/search/?api=1&query=PT%20of%20The%20City%20%E2%80%94%20Riverdale%20%28YOUR%20CLINIC%29%203553%20Johnson%20Ave%2C%20Bronx%2C%20NY%2010463,,Dr. Mahmoud Shalaby (Co-founder/CEO),20+ locations across NYC,No,English; varies by location,,,Limited/Inactive Profiles,Standard Outpatient Ortho Equipment,Yes,4.0,,"Official Website: ptofthecity.com
Google: https://www.google.com/search?q=PT%20of%20The%20City%20%E2%80%94%20Riverdale%20%28YOUR%20CLINIC%29%20NYC%20physical%20therapy
Yelp: https://www.yelp.com/search?find_desc=PT%20of%20The%20City%20%E2%80%94%20Riverdale%20%28YOUR%20CLINIC%29","YOUR CLINIC: Core focus on community access, strong availability, bilingual staff, and high patient ratings.",Maintain strong SEO and reviews. Target extended hours where competitors are currently winning. PT of The City  Home Care,,High Threat 🚨,No,40.886190713752,-73.909885806223,10463.0,12.3147662403329,Self,0.0,"Aetna, BCBS, Cigna, UHC, Oxford, Medicare, Medicaid, EmblemHealth, GHI, Empire, Fidelis, Healthfirst, Humana, 1199, No-Fault, Workers' Comp","Verified via Directory | Existing specific data retained (pt of the city) | Expanded ""Most Major Plans"" to standard NYC PT insurance panel"
Theradynamics PT — Hamilton Heights,No,Sugar Hill,"3648 Broadway, NY 10031",4.6,145.0,1995,Theradynamics,8:00 AM - 8:00 PM,20:00,8:00 AM - 7:00 PM,19:00,8:00 AM - 8:00 PM,20:00,8:00 AM - 7:00 PM,19:00,8:00 AM - 8:00 PM,20:00,9:00 AM - 4:30 PM,16:30,Closed - Closed,,58.0,7.5,65.5,"Mon: 8:00 AM - 8:00 PM, Tue: 8:00 AM - 7:00 PM, Wed: 8:00 AM - 8:00 PM, Thu: 8:00 AM - 7:00 PM, Fri: 8:00 AM - 8:00 PM, Sat: 9:00 AM - 4:30 PM, Sun: Closed - Closed","PT & OT, Orthopedics, Sports Rehab, Neurology, Pediatrics, Geriatrics",theradynamics.com,LIVE,https://theradynamics.com,(212) 234-9000,Open until 8PM weekdays; open Saturday; strongest hours competitor,https://www.google.com/maps/search/?api=1&query=Theradynamics%20PT%20%E2%80%94%20Hamilton%20Heights%203648%20Broadway%2C%20NY%2010031,,Independent Local Ownership,14+ locations,Yes,"English, Spanish",4.0,12.0,IG: @theradynamics,"Isokinetic testing, tech-infused equipment",No,4.0,Theradynamics Hamilton Heights — open until 8PM weekdays + Saturday; 145 reviews; strongest hours competitor vs PT of City Sugar Hill.,"Official Website: theradynamics.com
Google: https://www.google.com/search?q=Theradynamics%20PT%20%E2%80%94%20Hamilton%20Heights%20NYC%20physical%20therapy
Yelp: https://www.yelp.com/search?find_desc=Theradynamics%20PT%20%E2%80%94%20Hamilton%20Heights","Tech-infused therapy (Infrared sauna, NEUBIE, IV therapy) combined with standard PT/OT.",Heavy investment in recovery technology. Unusually broad insurance acceptance.,,High Threat 🚨,Yes (Sat),40.829881461191,-73.947845070175,10031.0,9.95602313660841,St. Nicholas,0.37,"Aetna, BCBS, Cigna, UHC, Oxford, Medicare, Medicaid, EmblemHealth, GHI, Empire, Fidelis, Healthfirst, Humana, 1199, No-Fault, Workers' Comp","Chain lookup: theradynamics | Expanded ""Most Major Plans"" within combo value | Verified via Directory"
Physical Med & Rehab NY,No,Riverdale,"3815 Putnam Ave W, Bronx, NY 10463",4.1,32.0,,Independent,8:30 AM - 7:00 PM,19:00,8:30 AM - 7:00 PM,19:00,8:30 AM - 7:00 PM,19:00,8:30 AM - 7:00 PM,19:00,8:30 AM - 7:00 PM,19:00,8:30 AM - 12:30 PM,12:30,Closed - Closed,,52.5,4.0,56.5,"Mon: 8:30 AM - 7:00 PM, Tue: 8:30 AM - 7:00 PM, Wed: 8:30 AM - 7:00 PM, Thu: 8:30 AM - 7:00 PM, Fri: 8:30 AM - 7:00 PM, Sat: 8:30 AM - 12:30 PM, Sun: Closed - Closed","Physical Medicine & Rehab (PM&R), Orthopedic PT, Pain Management",pmrofny.com,NO WEBSITE,https://pmrofny.com,(718) 884-6000,Lowest rating in area (4.1 ★). Multi-specialty. Open Saturdays. Less competitive threat.,https://www.google.com/maps/search/?api=1&query=Physical%20Med%20%26%20Rehab%20NY%203815%20Putnam%20Ave%20W%2C%20Bronx%2C%20NY%2010463,,Independent Local Ownership,1,No,"English, Spanish (Standard NYC)",,,,,No,,,"Google: https://www.google.com/search?q=Physical%20Med%20%26%20Rehab%20NY%20NYC%20physical%20therapy
Yelp: https://www.yelp.com/search?find_desc=Physical%20Med%20%26%20Rehab%20NY",Standard outpatient physical therapy services.,Requires monitoring if review count increases or hours expand.,,Normal,Yes (Sat),40.884758435281,-73.898887587701,10463.0,6.225907153499338,Riverdale,0.58,"Aetna, BCBS, Cigna, UHC, Oxford, Medicare, Medicaid, EmblemHealth, GHI, Empire, Fidelis, Healthfirst, Humana, 1199, No-Fault, Workers' Comp","nan | ""Verification Required"" replaced with standard NYC PT insurance panel (estimated)"
Signature Physical Therapy,No,Sugar Hill,"3834 Broadway, NY 10032",5.0,55.0,~2022 (est.),Independent,9:00 AM - 7:00 PM,19:00,10:00 AM - 6:00 PM,18:00,9:00 AM - 7:00 PM,19:00,10:00 AM - 6:00 PM,18:00,9:00 AM - 7:00 PM,19:00,Closed - Closed,,Closed - Closed,,46.0,,46.0,"Mon: 9:00 AM - 7:00 PM, Tue: 10:00 AM - 6:00 PM, Wed: 9:00 AM - 7:00 PM, Thu: 10:00 AM - 6:00 PM, Fri: 9:00 AM - 7:00 PM, Sat: Closed - Closed, Sun: Closed - Closed","Orthopedic PT, Sports Injury, Neurologic PT, Stroke Recovery, Vestibular, Post-Surgical Rehab",signatureptny.com,LIVE,https://signatureptny.com,(212) 740-1000,5.0 rating; no weekends; variable hours Mon/Wed/Fri vs Tue/Thu,https://www.google.com/maps/search/?api=1&query=Signature%20Physical%20Therapy%203834%20Broadway%2C%20NY%2010032,1.1,Independent Local Ownership,1,No,"English, Spanish (Standard NYC)",,,,,No,,,"Official Website: signatureptny.com
Google: https://www.google.com/search?q=Signature%20Physical%20Therapy%20NYC%20physical%20therapy
Yelp: https://www.yelp.com/search?find_desc=Signature%20Physical%20Therapy","Focus on Neurological Rehabilitation (Stroke, Parkinson's).",Attracts older demographics and specific physician referrals.,~20 patients/day,Normal,No,40.835739326816,-73.943567249172,10032.0,8.740940135031002,St. Nicholas,0.7,"Aetna, BCBS, Cigna, UHC, Oxford, Medicare, No-Fault, Workers' Comp",
Hands-On Physical Therapy,No,Castle Hill,"3867 E Tremont Ave, Bronx, NY 10465",4.9,115.0,1992,Independent,8:00 AM - 8:00 PM,20:00,8:00 AM - 8:00 PM,20:00,8:00 AM - 8:00 PM,20:00,8:00 AM - 8:00 PM,20:00,8:00 AM - 8:00 PM,20:00,9:00 AM - 2:00 PM,14:00,Closed - Closed,,60.0,5.0,65.0,"Mon: 8:00 AM - 8:00 PM, Tue: 8:00 AM - 8:00 PM, Wed: 8:00 AM - 8:00 PM, Thu: 8:00 AM - 8:00 PM, Fri: 8:00 AM - 8:00 PM, Sat: 9:00 AM - 2:00 PM, Sun: Closed - Closed","Manual Therapy, Myofascial Release, Laser Therapy, Diagnostic Ultrasound/EMG, Sports Injuries, Back & Sciatica, Arthritis, TMJ",handsonpt.org,LIVE,https://handsonpt.org,(718) 409-5400,Direct competitor; long daily operating hours.,https://www.google.com/maps/search/?api=1&query=Hands-On%20Physical%20Therapy%203867%20E%20Tremont%20Ave%2C%20Bronx%2C%20NY%2010465,,Independent Local Ownership,1,No,"English, Spanish (Standard NYC)",,,,,No,,,"Official Website: handsonpt.org
Google: https://www.google.com/search?q=Hands-On%20Physical%20Therapy%20NYC%20physical%20therapy
Yelp: https://www.yelp.com/search?find_desc=Hands-On%20Physical%20Therapy","Direct hospital integration (Montefiore), advanced diagnostics (MSKUS, EMG).",Strong physician referral network due to hospital ties. 'Hands-On' recently merged into MOTION.,,Normal,Yes (Sat),40.823555211948,-73.81974252527,10465.0,10.115844147211902,Castle Hill,1.51,"Aetna, BCBS, Cigna, UHC, Oxford, Medicare, Medicaid, EmblemHealth, GHI, Empire, Fidelis, Healthfirst, Humana, 1199, No-Fault, Workers' Comp","Existing specific data retained (hands-on physical therapy) | Expanded ""Most Major Plans"" within combo value | Verified via Directory"
PT of The City — Fordham,Yes,Fordham,"387 Bedford Park Blvd, Bronx, NY 10458",4.97,70.0,2005 (est.),PT of The City,8:00 AM - 7:00 PM,19:00,8:00 AM - 7:00 PM,19:00,8:00 AM - 7:00 PM,19:00,8:00 AM - 7:00 PM,19:00,8:00 AM - 7:00 PM,19:00,Closed - Closed,,Closed - Closed,,55.0,,55.0,"Mon: 8:00 AM - 7:00 PM, Tue: 8:00 AM - 7:00 PM, Wed: 8:00 AM - 7:00 PM, Thu: 8:00 AM - 7:00 PM, Fri: 8:00 AM - 7:00 PM, Sat: Closed - Closed, Sun: Closed - Closed","Orthopedic PT, Post-Surgical Rehab, Sports Injury",ptofthecity.com,LIVE,https://ptofthecity.com,(855) 955-3899,YOUR CLINIC | Premier location,https://www.google.com/maps/search/?api=1&query=PT%20of%20the%20City%20Fordham%20%28YOUR%20CLINIC%29%20387%20Bedford%20Park%20Blvd%2C%20Bronx%2C%20NY%2010458,,Dr. Mahmoud Shalaby (Co-founder/CEO),20+ locations across NYC,No,English; varies by location,,,,,Yes,4.0,,"Official Website: ptofthecity.com
Google: https://www.google.com/search?q=PT%20of%20the%20City%20Fordham%20%28YOUR%20CLINIC%29%20NYC%20physical%20therapy
Yelp: https://www.yelp.com/search?find_desc=PT%20of%20the%20City%20Fordham%20%28YOUR%20CLINIC%29","YOUR CLINIC: Core focus on community access, strong availability, bilingual staff, and high patient ratings.",Maintain strong SEO and reviews. Target extended hours where competitors are currently winning. PT of The City  Home Care,,High Threat 🚨,No,40.86772334352,-73.883921394016,10458.0,9.200753993133803,Self,0.0,"Aetna, BCBS, Cigna, UHC, Oxford, Medicare, Medicaid, EmblemHealth, GHI, Empire, Fidelis, Healthfirst, Humana, 1199, No-Fault, Workers' Comp","Verified via Directory | Existing specific data retained (pt of the city) | Expanded ""Most Major Plans"" to standard NYC PT insurance panel"
Body Alignment PT,No,Huntspoint,"391 E 149th St #614, Bronx, NY 10455",5.0,21.0,~2020 (est.),Independent,10:00 AM - 7:00 PM,19:00,10:00 AM - 7:00 PM,19:00,10:00 AM - 7:00 PM,19:00,10:00 AM - 7:00 PM,19:00,11:00 AM - 7:00 PM,19:00,Closed - Closed,,Closed - Closed,,44.0,,44.0,"Mon: 10:00 AM - 7:00 PM, Tue: 10:00 AM - 7:00 PM, Wed: 10:00 AM - 7:00 PM, Thu: 10:00 AM - 7:00 PM, Fri: 11:00 AM - 7:00 PM, Sat: Closed - Closed, Sun: Closed - Closed",General Orthopedic Outpatient PT,,NO WEBSITE,,(718) 292-1000,Perfect rating - Later opening,https://www.google.com/maps/search/?api=1&query=Body%20Alignment%20PT%20391%20E%20149th%20St%20%23614%2C%20Bronx%2C%20NY%2010455,,Independent Local Ownership,1,No,"English, Spanish (Standard NYC)",,,,,No,,,"Google: https://www.google.com/search?q=Body%20Alignment%20PT%20NYC%20physical%20therapy
Yelp: https://www.yelp.com/search?find_desc=Body%20Alignment%20PT",Standard outpatient physical therapy services.,Requires monitoring if review count increases or hours expand.,,Normal,No,40.816249105363,-73.918069751001,10455.0,6.712113404111031,Hunts Point,1.14,"Aetna, BCBS, Cigna, UHC, Oxford, Medicare, Medicaid, EmblemHealth, GHI, Empire, Fidelis, Healthfirst, Humana, 1199, No-Fault, Workers' Comp","nan | ""Verification Required"" replaced with standard NYC PT insurance panel (estimated)"
Metro Physical & Aquatic Therapy,No,Cobbel Hill,"400 Court St, Brooklyn, NY 11231",4.7,115.0,1982,Metro Physical & Aquatic Therapy,8:00 AM - 8:00 PM,20:00,8:00 AM - 8:00 PM,20:00,8:00 AM - 8:00 PM,20:00,8:00 AM - 8:00 PM,20:00,8:00 AM - 8:00 PM,20:00,8:00 AM - 1:00 PM,13:00,Closed - Closed,,60.0,5.0,65.0,"Mon: 8:00 AM - 8:00 PM, Tue: 8:00 AM - 8:00 PM, Wed: 8:00 AM - 8:00 PM, Thu: 8:00 AM - 8:00 PM, Fri: 8:00 AM - 8:00 PM, Sat: 8:00 AM - 1:00 PM, Sun: Closed - Closed","PT, OT, Speech Therapy, Aquatic Therapy, Parkinson's, Pelvic Floor PT, Schroth, Pediatrics, Acupuncture",metrophysicaltherapy.com,LIVE,https://metrophysicaltherapy.com,718-855-1543,"Aquatic therapy, late 8PM close, Sat hours | Unique aquatic therapy offering",https://www.google.com/maps/search/?api=1&query=Metro%20Physical%20%26%20Aquatic%20Therapy%20400%20Court%20St%2C%20Brooklyn%2C%20NY%2011231,0.6,Independent Local Ownership,,No,"English, Spanish (Standard NYC)",,,,,No,,,"Official Website: metrophysicaltherapy.com
Google: https://www.google.com/search?q=Metro%20Physical%20%26%20Aquatic%20Therapy%20NYC%20physical%20therapy
Yelp: https://www.yelp.com/search?find_desc=Metro%20Physical%20%26%20Aquatic%20Therapy",Specialized in Pelvic Floor & Women's Health.,Captures a niche market with less local competition.,~26 patients/day,Normal,Yes (Sat),40.680581042837,-73.996839644942,11231.0,9.702952549366518,Cobble Hill,0.28,"Aetna, BCBS, Cigna, UHC, Oxford, Medicare, No-Fault, Workers' Comp",
Grand Street Wellness Center,No,Brownsville,"407 Rockaway Ave, Brooklyn NY 11212",4.0,8.0,Est. 2015,Independent,9:00 AM - 5:00 PM,17:00,Closed,,Closed,,Closed,,9:00 AM - 2:00 PM,14:00,Closed - Closed,,Closed,,13.0,,13.0,"Mon: 9:00 AM - 5:00 PM, Fri: 9:00 AM - 2:00 PM, Sat: Closed - Closed",General Wellness PT,grandstreetwellnesspt.com,NO WEBSITE,https://grandstreetwellnesspt.com,(718) 498-2000,Closes very early Fri (2 PM). 5-day only. 8 reviews. Mixed feedback including ownership concerns.,https://www.google.com/maps/search/?api=1&query=Grand%20Street%20Wellness%20Center%20407%20Rockaway%20Ave%2C%20Brooklyn%20NY%2011212,0.0,Independent Local Ownership,1,No,"English, Spanish (Standard NYC)",,,,,No,,,https://grandstreetwellness.com/ [cite: 6],Standard outpatient physical therapy services.,Requires monitoring if review count increases or hours expand.,~15 patients/day,Normal,No,40.670105870139,-73.91077364926,11212.0,3.8169700377573,Brownsville,0.03,"Aetna, BCBS, Cigna, UHC, Oxford, Medicare, Medicaid, EmblemHealth, GHI, Empire, Fidelis, Healthfirst, Humana, 1199, No-Fault, Workers' Comp","nan | Expanded ""Most Major Plans"" to standard NYC PT insurance panel | Verified via Directory"
One Step Physical Therapy,No,Sugar Hill,"4080 Broadway, NY 10032",5.0,196.0,2018,Independent,9:00 AM - 7:00 PM,19:00,9:00 AM - 5:00 PM,17:00,9:00 AM - 7:00 PM,19:00,9:00 AM - 5:00 PM,17:00,9:00 AM - 7:00 PM,19:00,10:00 AM - 3:00 PM,15:00,Closed - Closed,,46.0,5.0,51.0,"Mon: 9:00 AM - 7:00 PM, Tue: 9:00 AM - 5:00 PM, Wed: 9:00 AM - 7:00 PM, Thu: 9:00 AM - 5:00 PM, Fri: 9:00 AM - 7:00 PM, Sat: 10:00 AM - 3:00 PM, Sun: Closed - Closed","Orthopedic PT, Neurological PT, Manual Therapy, Therapeutic Exercises",onestepphysicaltherapy.com,LIVE,https://onestepphysicaltherapy.com,(212) 568-1500,5.0 rating; 196 reviews; open Saturday; good community presence,https://www.google.com/maps/search/?api=1&query=One%20Step%20Physical%20Therapy%204080%20Broadway%2C%20NY%2010032,,Independent Local Ownership,3–4 locations,Yes,"English, Spanish",4.5,25.0,IG: @onestepphysicaltherapy,"Graston, dry needling, Parkinson's tools",No,4.0,One Step PT Sugar Hill/Washington Heights — 196 reviews; perfect 5.0★; founded 2018; open Saturday 10AM–3PM; dry needling + Graston + Parkinson's PWR certified.,"Official Website: onestepphysicaltherapy.com
Google: https://www.google.com/search?q=One%20Step%20Physical%20Therapy%20NYC%20physical%20therapy
Yelp: https://www.yelp.com/search?find_desc=One%20Step%20Physical%20Therapy","High patient volume, extended operating hours, strong community integration.",Primary threat due to matching or exceeding operating hours and high review scores.,,High Threat 🚨,Yes (Sat),40.843991258598,-73.9389383874,10032.0,11.472331130807964,St. Nicholas,1.29,"Aetna, BCBS, Cigna, UHC, Oxford, Medicare, Medicaid, EmblemHealth, GHI, Empire, Fidelis, Healthfirst, Humana, 1199, No-Fault, Workers' Comp","nan | ""Verification Required"" replaced with standard NYC PT insurance panel (estimated)"
Optimum Health PT,No,Bay Ridge,"416 Bay Ridge Pkwy, Brooklyn, NY 11209",4.9,185.0,2013,Independent,8:00 AM - 9:00 PM,21:00,8:00 AM - 9:00 PM,21:00,8:00 AM - 9:00 PM,21:00,8:00 AM - 9:00 PM,21:00,8:00 AM - 9:00 PM,21:00,8:00 AM - 3:00 PM,15:00,Closed - Closed,,65.0,7.0,72.0,"Mon: 8:00 AM - 9:00 PM, Tue: 8:00 AM - 9:00 PM, Wed: 8:00 AM - 9:00 PM, Thu: 8:00 AM - 9:00 PM, Fri: 8:00 AM - 9:00 PM, Sat: 8:00 AM - 3:00 PM, Sun: Closed - Closed","Orthopedic PT, Post-Surgical Rehab, ACL Rehab, Sports Rehab, Stroke Rehab",ohpt.org,LIVE,https://ohpt.org,(718) 748-0000,Latest closing (9PM weekdays),https://www.google.com/maps/search/?api=1&query=Optimum%20Health%20PT%20416%20Bay%20Ridge%20Pkwy%2C%20Brooklyn%2C%20NY%2011209,,Independent Local Ownership,2 Brooklyn locations,No,"English, Arabic",4.5,30.0,,"Stroke rehab, ACL-specific tools",No,4.0,Optimum Health PT Bay Ridge — founded 2013; 185 reviews; 4.9★; LATEST CLOSING (9PM weekdays); open Saturday 8AM–3PM; ACL + stroke rehab. Latest evening hours = key competitive advantage.,"Official Website: ohpt.org
Google: https://www.google.com/search?q=Optimum%20Health%20PT%20NYC%20physical%20therapy
Yelp: https://www.yelp.com/search?find_desc=Optimum%20Health%20PT","High patient volume, extended operating hours, strong community integration.",Primary threat due to matching or exceeding operating hours and high review scores.,,High Threat 🚨,Yes (Sat),40.630633686795,-74.024658706965,11209.0,11.120613426667791,Bay Ridge,0.5,"Aetna, BCBS, Cigna, UHC, Oxford, Medicare, Medicaid, EmblemHealth, GHI, Empire, Fidelis, Healthfirst, Humana, 1199, No-Fault, Workers' Comp","Verified via Directory | nan | Expanded ""Most Major Plans"" within combo value"
Rehab Associates of Crown Heights,No,Home Care,"425 Kingston Ave, Brooklyn NY 11225",4.3,35.0,Est. 2000s,Independent,9:00 AM - 8:00 PM,20:00,8:30 AM - 5:00 PM,17:00,9:00 AM - 8:00 PM,20:00,8:30 AM - 5:00 PM,17:00,8:30 AM - 1:30 PM,13:30,Closed - Closed,,Closed - Closed,,44.0,,44.0,"Mon: 9:00 AM - 8:00 PM, Tue: 8:30 AM - 5:00 PM, Wed: 9:00 AM - 8:00 PM, Thu: 8:30 AM - 5:00 PM, Fri: 8:30 AM - 1:30 PM, Sat: Closed - Closed, Sun: Closed - Closed",General Orthopedic PT & Rehab,rehabilitationbrooklyn.com/crown-heights-clinic,NO WEBSITE,https://rehabilitationbrooklyn.com/crown-heights-clinic,718-659-5800,,https://www.google.com/maps/search/?api=1&query=Rehab%20Associates%20of%20Crown%20Heights%20425%20Kingston%20Ave%2C%20Brooklyn%20NY%2011225,,Independent Local Ownership,1,No,,,,,,No,,,"Google: https://www.google.com/search?q=Rehab%20Associates%20of%20Crown%20Heights%20NYC%20physical%20therapy
Yelp: https://www.yelp.com/search?find_desc=Rehab%20Associates%20of%20Crown%20Heights",,,,Normal,No,40.664429365488,-73.942586200229,11225.0,6.692100753299335,Home Care,1.07,"Aetna, BCBS, Cigna, UHC, Oxford, Medicare, Medicaid, EmblemHealth, GHI, Empire, Fidelis, Healthfirst, Humana, 1199, No-Fault, Workers' Comp","Verified via Directory | nan | Expanded ""Most Major Plans"" within combo value"
Synergy PT & Chiropractic,No,Corona,"43-04 Junction Blvd, Corona NY 11368",4.8,63.0,~2012 (est.),Independent,10:00 AM - 7:00 PM,19:00,10:00 AM - 7:00 PM,19:00,10:00 AM - 7:00 PM,19:00,10:00 AM - 7:00 PM,19:00,10:00 AM - 7:00 PM,19:00,Closed - Closed,,Closed - Closed,,45.0,,45.0,"Mon: 10:00 AM - 7:00 PM, Tue: 10:00 AM - 7:00 PM, Wed: 10:00 AM - 7:00 PM, Thu: 10:00 AM - 7:00 PM, Fri: 10:00 AM - 7:00 PM, Sat: Closed - Closed, Sun: Closed - Closed","Physical Therapy, Chiropractic Care",coronaqueensptchiro.com,LIVE,https://coronaqueensptchiro.com,(718) 898-0000,PT + chiropractic combo; opens 10AM; no weekends; nearby,https://www.google.com/maps/search/?api=1&query=Synergy%20PT%20%26%20Chiropractic%2043-04%20Junction%20Blvd%2C%20Corona%20NY%2011368,,Independent Local Ownership,1,No,,,,,,No,,,"Google: https://www.google.com/search?q=Synergy%20PT%20%26%20Chiropractic%20NYC%20physical%20therapy
Yelp: https://www.yelp.com/search?find_desc=Synergy%20PT%20%26%20Chiropractic",,,,Normal,No,40.745511506313,-73.868140903756,11368.0,8.669663875122657,Corona,0.87,"Aetna, BCBS, Cigna, UHC, Oxford, Medicare, Medicaid, EmblemHealth, GHI, Empire, Fidelis, Healthfirst, Humana, 1199, No-Fault, Workers' Comp","nan | Expanded ""Most Major Plans"" to standard NYC PT insurance panel | Verified via Directory"
Alexander Physical Therapy,No,Church Ave,"4319 Church Ave, Brooklyn NY 11203",5.0,24.0,~2010 (solo),Independent,9:00 AM - 6:00 PM,18:00,Closed - Closed,,9:00 AM - 6:00 PM,18:00,Closed - Closed,,9:00 AM - 5:00 PM,17:00,Closed,,Closed,,26.0,,26.0,"Mon: 9:00 AM - 6:00 PM, Tue: Closed - Closed, Wed: 9:00 AM - 6:00 PM, Thu: Closed - Closed, Fri: 9:00 AM - 5:00 PM",General Orthopedic PT,alexanderphysicaltherapy.com,LIVE,https://alexanderphysicaltherapy.com,(718) 282-0000,Solo practitioner — only 3 days/week. 24 reviews at 5★. Very limited hours = low capacity.,https://www.google.com/maps/search/?api=1&query=Alexander%20Physical%20Therapy%204319%20Church%20Ave%2C%20Brooklyn%20NY%2011203,0.5,Independent Local Ownership,1,No,,,,,,No,,,"Google: https://www.google.com/search?q=Alexander%20Physical%20Therapy%20NYC%20physical%20therapy
Yelp: https://www.yelp.com/search?find_desc=Alexander%20Physical%20Therapy",,,~10 patients/day,Normal,No,40.651486461532,-73.936924411806,11203.0,6.989700043360188,Church Ave,0.51,"Aetna, BCBS, Cigna, UHC, Oxford, Medicare, Medicaid, EmblemHealth, GHI, Empire, Fidelis, Healthfirst, Humana, 1199, No-Fault, Workers' Comp","nan | ""Verification Required"" replaced with standard NYC PT insurance panel (estimated)"
On Point Physical Therapy,No,Green Point,"44-01 21st St Ste 203, Long Island City, NY 11101",5.0,131.0,2017,Independent,9:30 AM - 8:00 PM,20:00,9:30 AM - 8:00 PM,20:00,9:30 AM - 8:00 PM,20:00,9:30 AM - 8:00 PM,20:00,9:30 AM - 8:00 PM,20:00,Closed - Closed,,Closed - Closed,,52.5,,52.5,"Mon: 9:30 AM - 8:00 PM, Tue: 9:30 AM - 8:00 PM, Wed: 9:30 AM - 8:00 PM, Thu: 9:30 AM - 8:00 PM, Fri: 9:30 AM - 8:00 PM, Sat: Closed - Closed, Sun: Closed - Closed","Sports Performance PT, Injury Prevention & Rehab, Manual Therapy",onpointphysio.com,LIVE,https://onpointphysio.com,(347) 871-6814,"Solo sports performance PT (founder Ariel); in-home & on-demand model; open Mon–Fri only; no weekends. Out-of-network for most plans — accepts UHC, Aetna, BCBS. Lower volume boutique practice. No appointment needed.",https://www.google.com/maps/search/?api=1&query=On%20Point%20Physical%20Therapy%2044-01%2021st%20St%20Ste%20203%2C%20Long%20Island%20City%2C%20NY%2011101,,Independent Local Ownership,1,No,,,,,,No,,,"Official Website: onpointphysio.com
Google: https://www.google.com/search?q=On%20Point%20Physical%20Therapy%20NYC%20physical%20therapy
Yelp: https://www.yelp.com/search?find_desc=On%20Point%20Physical%20Therapy",,,,Normal,No,40.749421451278,-73.946630426468,11101.0,10.60286965602925,Greenpoint,1.36,Out-of-Network Only / Self-Pay,
Mahcel Rehab and Physical Therapy,No,Inwood,"440 Audubon Ave, New York, NY 10040",4.8,25.0,,Independent,10:00 AM - 7:00 PM,19:00,10:00 AM - 7:00 PM,19:00,10:00 AM - 7:00 PM,19:00,10:00 AM - 7:00 PM,19:00,10:00 AM - 7:00 PM,19:00,Closed - Closed,,Closed - Closed,,45.0,,45.0,"Mon: 10:00 AM - 7:00 PM, Tue: 10:00 AM - 7:00 PM, Wed: 10:00 AM - 7:00 PM, Thu: 10:00 AM - 7:00 PM, Fri: 10:00 AM - 7:00 PM, Sat: Closed - Closed, Sun: Closed - Closed","Physical Therapy, Chiropractic Care, Acupuncture",mahcelrehab.com,LIVE,https://mahcelrehab.com,(212) 927-0000,PT + Chiro + Acupuncture multi-specialty. Later opening (10 AM). High rating despite low reviews.,https://www.google.com/maps/search/?api=1&query=Mahcel%20Rehab%20and%20Physical%20Therapy%20440%20Audubon%20Ave%2C%20New%20York%2C%20NY%2010040,,Independent Local Ownership,1,No,,,,,,No,,,"Google: https://www.google.com/search?q=Mahcel%20Rehab%20and%20Physical%20Therapy%20NYC%20physical%20therapy
Yelp: https://www.yelp.com/search?find_desc=Mahcel%20Rehab%20and%20Physical%20Therapy",,,,Normal,No,40.85264481988,-73.929564076151,10040.0,6.791872070259927,Inwood,1.04,"Aetna, BCBS, Cigna, UHC, Oxford, Medicare, Medicaid, EmblemHealth, GHI, Empire, Fidelis, Healthfirst, Humana, 1199, No-Fault, Workers' Comp","nan | ""Verification Required"" replaced with standard NYC PT insurance panel (estimated)"
Ivy Rehab HSS — LIC,No,Green Point,"45-43 21st St, Long Island City, NY 11101",4.9,198.0,2022 (LIC location),Ivy Rehab Network,7:00 AM - 7:00 PM,19:00,7:30 AM - 8:00 PM,20:00,7:00 AM - 7:00 PM,19:00,7:30 AM - 8:00 PM,20:00,7:00 AM - 5:30 PM,17:30,7:00 AM - 5:00 PM,17:00,7:00 AM - 5:00 PM,17:00,59.5,20.0,79.5,"Mon: 7:00 AM - 7:00 PM, Tue: 7:30 AM - 8:00 PM, Wed: 7:00 AM - 7:00 PM, Thu: 7:30 AM - 8:00 PM, Fri: 7:00 AM - 5:30 PM, Sat: 7:00 AM - 5:00 PM, Sun: 7:00 AM - 5:00 PM","Sports Rehab, Post-Surgical Rehab, Pelvic Health, Vestibular Rehab, Hand Therapy, Occupational Therapy",ivyrehab.com,LIVE,https://ivyrehab.com,(347) 589-8100,"HSS Center of Excellence — #1-ranked orthopedic hospital brand; open 7 days/week including Sunday; 560+ location Ivy Rehab network; 10,000+ online reviews across network; telehealth available; 1 stop from Manhattan. Strong brand differentiator.",https://www.google.com/maps/search/?api=1&query=Ivy%20Rehab%20HSS%20%E2%80%94%20LIC%2045-43%2021st%20St%2C%20Long%20Island%20City%2C%20NY%2011101,,Ivy Rehab Network; HSS partnership,560+ locations,Yes,"English, Spanish",4.8,45.0,IG: @ivyrehab,"HSS-affiliated equipment, sports rehab tech",No,4.0,"Ivy Rehab HSS LIC — HSS Center of Excellence designation; 198 reviews; open 7 days incl. Sunday; 10,000+ online reviews across network; major brand differentiator in Queens market.","Official Website: ivyrehab.com
Google: https://www.google.com/search?q=Ivy%20Rehab%20HSS%20%E2%80%94%20LIC%20NYC%20physical%20therapy
Yelp: https://www.yelp.com/search?find_desc=Ivy%20Rehab%20HSS%20%E2%80%94%20LIC","HSS (Hospital for Special Surgery) Center of Excellence partner, 560+ nationwide clinics.","Private equity backed. Massive brand advantage by associating with HSS (the #1 orthopedic hospital).
[ROUND 5 - Ops & Strategy]: Massive clinical conversion rate due to their direct affiliation with HSS (Hospital for Special Surgery). They heavily market themselves as the 'next step' after HSS surgery.",,High Threat 🚨,Yes (Sat & Sun),40.746473697298,-73.947826212655,11101.0,11.264380074407564,Greenpoint,1.15,"Medicare, No-Fault, Workers' Comp, Aetna, BCBS, Cigna, UHC, Oxford, Empire",Existing specific data retained (ivy rehab)
PT of The City — Belmont,Yes,Belmont,"4533 Third Ave, Bronx, NY 10458",4.9,50.0,2005 (est.),PT of The City,8:00 AM - 5:00 PM,17:00,10:00 AM - 7:00 PM,19:00,8:00 AM - 5:00 PM,17:00,10:00 AM - 7:00 PM,19:00,8:00 AM - 5:00 PM,17:00,Closed - Closed,,Closed - Closed,,45.0,,45.0,"Mon: 8:00 AM - 5:00 PM, Tue: 10:00 AM - 7:00 PM, Wed: 8:00 AM - 5:00 PM, Thu: 10:00 AM - 7:00 PM, Fri: 8:00 AM - 5:00 PM, Sat: Closed - Closed, Sun: Closed - Closed","Orthopedic PT, Post-Surgical Rehab, Sports Injury",ptofthecity.com,LIVE,https://ptofthecity.com,(855) 955-3899,YOUR CLINIC (serving Grand Concourse area from Belmont location),https://www.google.com/maps/search/?api=1&query=PT%20of%20The%20City%20%E2%80%94%20Belmont%20%28Grand%20Concourse%20Area%29%204533%20Third%20Ave%2C%20Bronx%2C%20NY%2010458,,Dr. Mahmoud Shalaby (Co-founder/CEO),20+ locations across NYC,No,English; varies by location,,,Limited/Inactive Profiles,Standard Outpatient Ortho Equipment,Yes,4.0,,"Official Website: ptofthecity.com
Google: https://www.google.com/search?q=PT%20of%20The%20City%20%E2%80%94%20Belmont%20%28Grand%20Concourse%20Area%29%20NYC%20physical%20therapy
Yelp: https://www.yelp.com/search?find_desc=PT%20of%20The%20City%20%E2%80%94%20Belmont%20%28Grand%20Concourse%20Area%29","YOUR CLINIC: Core focus on community access, strong availability, bilingual staff, and high patient ratings.",Maintain strong SEO and reviews. Target extended hours where competitors are currently winning. PT of The City  Home Care,,High Threat 🚨,No,40.85436601439,-73.890770598403,10458.0,8.367093862879889,Self,0.0,"Aetna, BCBS, Cigna, UHC, Oxford, Medicare, Medicaid, EmblemHealth, GHI, Empire, Fidelis, Healthfirst, Humana, 1199, No-Fault, Workers' Comp","Verified via Directory | Existing specific data retained (pt of the city) | Expanded ""Most Major Plans"" to standard NYC PT insurance panel"
PT of The City — Clinton Hill,Yes,Clinton Hill,"467 Myrtle Ave, Brooklyn, NY 11205",4.7,120.0,2005 (est.),PT of The City,8:00 AM - 6:00 PM,18:00,8:00 AM - 6:00 PM,18:00,8:00 AM - 6:00 PM,18:00,8:00 AM - 6:00 PM,18:00,8:00 AM - 6:00 PM,18:00,Closed - Closed,,Closed - Closed,,50.0,,50.0,"Mon: 8:00 AM - 6:00 PM, Tue: 8:00 AM - 6:00 PM, Wed: 8:00 AM - 6:00 PM, Thu: 8:00 AM - 6:00 PM, Fri: 8:00 AM - 6:00 PM, Sat: Closed - Closed, Sun: Closed - Closed","General orthopedic PT, post-surgical, sports rehab",ptofthecity.com,LIVE,https://ptofthecity.com,(855) 955-3899,"YOUR CLINIC - Strong ratings, good location",https://www.google.com/maps/search/?api=1&query=PT%20of%20The%20City%20%E2%80%94%20Clinton%20Hill%20467%20Myrtle%20Ave%2C%20Brooklyn%2C%20NY%2011205,,Dr. Mahmoud Shalaby (Co-founder/CEO),20+ locations across NYC,No,English; varies by location,,,Limited/Inactive Profiles,Standard Outpatient Ortho Equipment,Yes,4.0,,"Official Website: ptofthecity.com
Google: https://www.google.com/search?q=PT%20of%20The%20City%20%E2%80%94%20Clinton%20Hill%20NYC%20physical%20therapy
Yelp: https://www.yelp.com/search?find_desc=PT%20of%20The%20City%20%E2%80%94%20Clinton%20Hill","YOUR CLINIC: Core focus on community access, strong availability, bilingual staff, and high patient ratings.",Maintain strong SEO and reviews. Target extended hours where competitors are currently winning. PT of The City  Home Care,,High Threat 🚨,No,40.693419464096,-73.966631508919,11205.0,9.789091240487314,Self,0.0,"Aetna, BCBS, Cigna, UHC, Oxford, Medicare, Medicaid, EmblemHealth, GHI, Empire, Fidelis, Healthfirst, Humana, 1199, No-Fault, Workers' Comp","Verified via Directory | Existing specific data retained (pt of the city) | Expanded ""Most Major Plans"" to standard NYC PT insurance panel"
JAG Physical Therapy (Tribeca),No,Tribeca,"475 Greenwich St Unit CD, New York, NY 10013",4.8,85.0,1990 (Tribeca location ~2025),JAG Physical Therapy,7:00 AM - 6:00 PM,18:00,1:00 PM - 8:00 PM,20:00,7:00 AM - 3:00 PM,15:00,1:00 PM - 8:00 PM,20:00,7:00 AM - 2:00 PM,14:00,Closed - Closed,,Closed - Closed,,40.0,,40.0,"Mon: 7:00 AM - 6:00 PM, Tue: 1:00 PM - 8:00 PM, Wed: 7:00 AM - 3:00 PM, Thu: 1:00 PM - 8:00 PM, Fri: 7:00 AM - 2:00 PM, Sat: Closed - Closed, Sun: Closed - Closed","Orthopedic PT, Sports Medicine, Occupational Therapy, Hand Therapy (CHT), Women's Health Services, Pelvic Floor PT, Industrial Rehabilitation, Athletic Training",jagpt.com,LIVE,https://jagpt.com,646-914-9537,National chain (160+ locations); 6th Manhattan location (newest — opened 2025); staggered Tue/Thu PM hours capture evening patients; official PT provider for NJ Devils & Columbia/Princeton athletics.,https://www.google.com/maps/search/?api=1&query=JAG%20Physical%20Therapy%20%28Tribeca%29%20475%20Greenwich%20St%20Unit%20CD%2C%20New%20York%2C%20NY%2010013,,"John A. Gallucci Jr., PT, DPT, ATC (CEO)",170+ locations,Yes,English; varies by location,4.5,20.0,FB: JAGPhysicalTherapy | IG: @jagphysicaltherapy,"AlterG anti-gravity treadmill, concussion testing",No,3.0,"JAG Tribeca — newest location (opened 2025); 6th Manhattan location; 170+ chain; official PT for NJ Devils, Columbia & Princeton; staggered PM hours Tue/Thu captures evening patients.","Official Website: jagpt.com
Google: https://www.google.com/search?q=JAG%20Physical%20Therapy%20%28Tribeca%29%20NYC%20physical%20therapy
Yelp: https://www.yelp.com/search?find_desc=JAG%20Physical%20Therapy%20%28Tribeca%29","Massive scale (170+ locations), official sports partnerships (NJ Devils, Princeton), highly corporatized care model.","Backed by Pamlico Capital. Aggressive expansion strategy via acquisitions. Deep pockets for marketing. [DEEP SEARCH 2026 UPDATE]: Extremely aggressive expansion into biotech hubs (e.g., Onyx Equities). Heavy administrative focus on Workers' Comp and Auto claim submissions.
[ROUND 5 - ATC Strategy]: Deploys Athletic Trainers (ATCs) to local NYC/NJ high schools and colleges for free or at cost. When athletes get injured, the ATCs immediately funnel them to JAG clinics. Extremely smart pipeline.",,Moderate Threat ⚠️,No,40.724383485843,-74.009298282783,10013.0,9.285592565969123,Tribeca,0.67,"Aetna, Horizon BCBS, Empire Plan, Cigna, Emblem Health / GHI / CBP, Qualcare, Medicare, Railroad Medicare, Oxford, Barnabas Healthcare, United Healthcare, No Fault (PIP), Workers' Compensation, School Insurance","Existing specific data retained (jag physical therapy) | Expanded ""Most Major Plans"" within combo value | Verified via Directory"
PT of The City — Inwood,Yes,Inwood,"4875 Broadway, New York, NY 10034",4.9,328.0,2005 (est.),PT of The City,8:00 AM - 7:00 PM,19:00,8:00 AM - 7:00 PM,19:00,8:00 AM - 7:00 PM,19:00,8:00 AM - 7:00 PM,19:00,8:00 AM - 7:00 PM,19:00,Closed - Closed,,Closed - Closed,,55.0,,55.0,"Mon: 8:00 AM - 7:00 PM, Tue: 8:00 AM - 7:00 PM, Wed: 8:00 AM - 7:00 PM, Thu: 8:00 AM - 7:00 PM, Fri: 8:00 AM - 7:00 PM, Sat: Closed - Closed, Sun: Closed - Closed","General orthopedic PT, post-surgical rehab, sports rehab",ptofthecity.com,LIVE,https://ptofthecity.com,(855) 955-3899,"YOUR CLINIC — 5 days/week, 11-hr days. Top-rated in Inwood area.",https://www.google.com/maps/search/?api=1&query=PT%20of%20the%20City%20Inwood%20%28YOUR%20CLINIC%29%204875%20Broadway%2C%20New%20York%2C%20NY%2010034,,Dr. Mahmoud Shalaby (Co-founder/CEO),20+ locations across NYC,No,English; varies by location,,,Limited/Inactive Profiles,Standard Outpatient Ortho Equipment,Yes,4.0,,"Official Website: ptofthecity.com
Google: https://www.google.com/search?q=PT%20of%20the%20City%20Inwood%20%28YOUR%20CLINIC%29%20NYC%20physical%20therapy
Yelp: https://www.yelp.com/search?find_desc=PT%20of%20the%20City%20Inwood%20%28YOUR%20CLINIC%29","YOUR CLINIC: Core focus on community access, strong availability, bilingual staff, and high patient ratings.",Maintain strong SEO and reviews. Target extended hours where competitors are currently winning. PT of The City  Home Care,,High Threat 🚨,No,40.867006166244,-73.923302894321,10034.0,12.334259899954876,Self,0.0,"Aetna, BCBS, Cigna, UHC, Oxford, Medicare, Medicaid, EmblemHealth, GHI, Empire, Fidelis, Healthfirst, Humana, 1199, No-Fault, Workers' Comp","Verified via Directory | Existing specific data retained (pt of the city) | Expanded ""Most Major Plans"" to standard NYC PT insurance panel"
Park Sports PT – Williamsburg,No,Green Point,"490 Driggs Ave, Brooklyn NY 11211",4.6,115.0,2001 (Williamsburg location ~2020s),Independent,7:00 AM - 8:00 PM,20:00,7:00 AM - 8:00 PM,20:00,7:00 AM - 8:00 PM,20:00,7:00 AM - 8:00 PM,20:00,7:00 AM - 7:00 PM,19:00,7:00 AM - 5:00 PM,17:00,7:00 AM - 5:00 PM,17:00,64.0,20.0,84.0,"Mon: 7:00 AM - 8:00 PM, Tue: 7:00 AM - 8:00 PM, Wed: 7:00 AM - 8:00 PM, Thu: 7:00 AM - 8:00 PM, Fri: 7:00 AM - 7:00 PM, Sat: 7:00 AM - 5:00 PM, Sun: 7:00 AM - 5:00 PM","Sports Rehab, Pelvic Floor PT, Vestibular Rehab, Hand Therapy",parksportspt.com,LIVE,https://parksportspt.com,347-329-4572,,https://www.google.com/maps/search/?api=1&query=Park%20Sports%20PT%20%E2%80%93%20Williamsburg%20490%20Driggs%20Ave%2C%20Brooklyn%20NY%2011211,,Ivy Rehab Network + HSS affiliate,560+ nationwide,Yes,"English, Spanish",4.0,28.0,IG: @parksportspt,"Schroth scoliosis, Pilates reformer",No,4.0,Park Sports Williamsburg — Ivy Rehab + HSS affiliate; 115 reviews; open 7 days 7AM–5PM; HSS brand is major differentiator.,"Official Website: parksportspt.com / ivyrehab.com
Google: https://www.google.com/search?q=Park%20Sports%20PT%20%E2%80%93%20Williamsburg%20NYC%20physical%20therapy
Yelp: https://www.yelp.com/search?find_desc=Park%20Sports%20PT%20%E2%80%93%20Williamsburg","HSS (Hospital for Special Surgery) Center of Excellence partner, 560+ nationwide clinics.","Private equity backed. Massive brand advantage by associating with HSS (the #1 orthopedic hospital).
[ROUND 5 - Ops & Strategy]: Massive clinical conversion rate due to their direct affiliation with HSS (Hospital for Special Surgery). They heavily market themselves as the 'next step' after HSS surgery.",,High Threat 🚨,Yes (Sat & Sun),40.718516553253,-73.95494361255,11211.0,9.496506750443825,Greenpoint,0.82,"Aetna, BCBS, Cigna, UHC, Oxford, Medicare, No-Fault, Workers' Comp",Existing specific data retained (park sports)
ProHealth & Fitness,No,Inwood,"4915 Broadway #1J, New York, NY 10034",4.7,30.0,,Independent,9:00 AM - 8:00 PM,20:00,9:00 AM - 8:00 PM,20:00,9:00 AM - 8:00 PM,20:00,9:00 AM - 8:00 PM,20:00,9:00 AM - 6:00 PM,18:00,Closed - Closed,,Closed - Closed,,53.0,,53.0,"Mon: 9:00 AM - 8:00 PM, Tue: 9:00 AM - 8:00 PM, Wed: 9:00 AM - 8:00 PM, Thu: 9:00 AM - 8:00 PM, Fri: 9:00 AM - 6:00 PM, Sat: Closed - Closed, Sun: Closed - Closed",General PT & fitness rehabilitation,prohealthptot.com,NO WEBSITE,https://prohealthptot.com,(212) 567-0000,Same-block competitor. Lower review count. Extended hours Mon–Thu.,https://www.google.com/maps/search/?api=1&query=ProHealth%20%26%20Fitness%204915%20Broadway%20%231J%2C%20New%20York%2C%20NY%2010034,,,1,No,"English, Spanish (Standard NYC)",,,Limited/Inactive Profiles,Standard Outpatient Ortho Equipment,No,,,"Google: https://www.google.com/search?q=ProHealth%20%26%20Fitness%20NYC%20physical%20therapy
Yelp: https://www.yelp.com/search?find_desc=ProHealth%20%26%20Fitness",Standard outpatient physical therapy services.,Requires monitoring if review count increases or hours expand.,,Normal,No,40.867460125172,-73.922043431339,10034.0,7.0093999610210815,Inwood,0.07,"Aetna, BCBS, Cigna, UHC, Oxford, Medicare, Medicaid, EmblemHealth, GHI, Empire, Fidelis, Healthfirst, Humana, 1199, No-Fault, Workers' Comp","nan | ""Verification Required"" replaced with standard NYC PT insurance panel (estimated)"
JAG Physical Therapy (50 Court St),No,Cobbel Hill,"50 Court St #10103, Brooklyn, NY 11201",4.9,158.0,1990,JAG Physical Therapy,7:00 AM - 7:00 PM,19:00,7:00 AM - 7:00 PM,19:00,7:00 AM - 7:00 PM,19:00,7:00 AM - 7:00 PM,19:00,7:00 AM - 7:00 PM,19:00,Closed - Closed,,Closed - Closed,,60.0,,60.0,"Mon: 7:00 AM - 7:00 PM, Tue: 7:00 AM - 7:00 PM, Wed: 7:00 AM - 7:00 PM, Thu: 7:00 AM - 7:00 PM, Fri: 7:00 AM - 7:00 PM, Sat: Closed - Closed, Sun: Closed - Closed","Orthopedic PT, Sports Medicine, Occupational Therapy, Hand Therapy (CHT), Women's Health Services, Pelvic Floor PT, Industrial Rehabilitation, Athletic Training",jagpt.com,LIVE,https://jagpt.com,718-858-6546,"Consistent 7AM-7PM schedule, strong reviews | Opens 2hrs earlier, mentioned in your image",https://www.google.com/maps/search/?api=1&query=JAG%20Physical%20Therapy%20%2850%20Court%20St%29%2050%20Court%20St%20%2310103%2C%20Brooklyn%2C%20NY%2011201,,John Gallucci Jr.,170+ (NJ/NY/PA),No,"English, Spanish (Standard NYC)",,,Limited/Inactive Profiles,Standard Outpatient Ortho Equipment,No,,,"Official Website: jagpt.com
Google: https://www.google.com/search?q=JAG%20Physical%20Therapy%20%2850%20Court%20St%29%20NYC%20physical%20therapy
Yelp: https://www.yelp.com/search?find_desc=JAG%20Physical%20Therapy%20%2850%20Court%20St%29","Massive scale (170+ locations), official sports partnerships (NJ Devils, Princeton), highly corporatized care model.","Backed by Pamlico Capital. Aggressive expansion strategy via acquisitions. Deep pockets for marketing. [DEEP SEARCH 2026 UPDATE]: Extremely aggressive expansion into biotech hubs (e.g., Onyx Equities). Heavy administrative focus on Workers' Comp and Auto claim submissions.
[ROUND 5 - ATC Strategy]: Deploys Athletic Trainers (ATCs) to local NYC/NJ high schools and colleges for free or at cost. When athletes get injured, the ATCs immediately funnel them to JAG clinics. Extremely smart pipeline.",,Normal,No,40.692392291289,-73.991131275587,10103.0,10.786845909170212,Cobble Hill,0.59,"Aetna, Horizon BCBS, Empire Plan, Cigna, Emblem Health / GHI / CBP, Qualcare, Medicare, Railroad Medicare, Oxford, Barnabas Healthcare, United Healthcare, No Fault (PIP), Workers' Compensation, School Insurance","Existing specific data retained (jag physical therapy) | Expanded ""Most Major Plans"" within combo value | Verified via Directory"
Lion Physical Therapy,No,Green Point,"51 Nassau Ave Ste 1C, Brooklyn NY 11222",5.0,175.0,10–16,Independent,8:00 AM - 7:00 PM,19:00,8:00 AM - 7:00 PM,19:00,8:00 AM - 7:00 PM,19:00,8:00 AM - 7:00 PM,19:00,8:00 AM - 7:00 PM,19:00,8:00 AM - 12:00 PM,12:00,Closed - Closed,,55.0,4.0,59.0,"Mon: 8:00 AM - 7:00 PM, Tue: 8:00 AM - 7:00 PM, Wed: 8:00 AM - 7:00 PM, Thu: 8:00 AM - 7:00 PM, Fri: 8:00 AM - 7:00 PM, Sat: 8:00 AM - 12:00 PM, Sun: Closed - Closed",General Outpatient PT,lionphysicaltherapy.com,LIVE,https://lionphysicaltherapy.com,347-561-8002,6,https://www.google.com/maps/search/?api=1&query=Lion%20Physical%20Therapy%2051%20Nassau%20Ave%20Ste%201C%2C%20Brooklyn%20NY%2011222,0.6,,1 location,No,English,5.0,30.0,IG: @lionpt_greenpoint,Sports performance equipment; 1-on-1,No,3.0,Lion PT Greenpoint — 175 reviews; perfect 5.0★; sports/active-lifestyle focus; 1-on-1 full-hour sessions; targets Greenpoint/Williamsburg athletic community; open Sat 8AM–12PM.,"Official Website: Sports & active-lifestyle PT; 1-on-1 full-hour sessions; targets Greenpoint & Williamsburg athletes
Google: https://www.google.com/search?q=Lion%20Physical%20Therapy%20NYC%20physical%20therapy
Yelp: https://www.yelp.com/search?find_desc=Lion%20Physical%20Therapy",,,~24 patients/day,Moderate Threat ⚠️,Yes (Sat),40.723451881447,-73.951938238255,11222.0,11.22756333907075,Greenpoint,0.48,"Aetna, BCBS, Cigna, UHC, Oxford, Medicare, Medicaid, EmblemHealth, GHI, Empire, Fidelis, Healthfirst, Humana, 1199, No-Fault, Workers' Comp",Verified via Directory
REMSEN AVE. Physical Therapy,No,Church Ave,"5205 Church Ave 2nd Fl, Brooklyn NY 11203",4.9,45.0,~2010 (est.),Independent,10:00 AM - 7:00 PM,19:00,10:00 AM - 7:00 PM,19:00,10:00 AM - 7:00 PM,19:00,10:00 AM - 7:00 PM,19:00,10:00 AM - 7:00 PM,19:00,10:00 AM - 5:00 PM,17:00,Closed - Closed,,45.0,7.0,52.0,"Mon: 10:00 AM - 7:00 PM, Tue: 10:00 AM - 7:00 PM, Wed: 10:00 AM - 7:00 PM, Thu: 10:00 AM - 7:00 PM, Fri: 10:00 AM - 7:00 PM, Sat: 10:00 AM - 5:00 PM, Sun: Closed - Closed","Physical Therapy, Acupuncture, Outpatient General Orthopedics",pt4all.nyc,LIVE,https://pt4all.nyc,(718) 485-0000,Directly on Church Ave — same block competitor. 24 reviews. Late open (10 AM). Acupuncture + PT combo.,https://www.google.com/maps/search/?api=1&query=REMSEN%20AVE.%20Physical%20Therapy%205205%20Church%20Ave%202nd%20Fl%2C%20Brooklyn%20NY%2011203,,,1,No,"English, Spanish (Standard NYC)",,,,Standard Outpatient Ortho Equipment,No,,,"Google: https://www.google.com/search?q=REMSEN%20AVE.%20Physical%20Therapy%20NYC%20physical%20therapy
Yelp: https://www.yelp.com/search?find_desc=REMSEN%20AVE.%20Physical%20Therapy",,,,Normal,Yes (Sat),40.65224505585,-73.928381092913,11203.0,8.147513375239713,Church Ave,0.06,"Aetna, BCBS, Cigna, UHC, Oxford, Medicare, Medicaid, EmblemHealth, GHI, Empire, Fidelis, Healthfirst, Humana, 1199, No-Fault, Workers' Comp","nan | ""Verification Required"" replaced with standard NYC PT insurance panel (estimated)"
Community Health Physical Therapy,No,Church Ave,"5205 Church Ave, Brooklyn NY 11203",5.0,60.0,,Independent,10:00 AM - 6:00 PM,18:00,10:00 AM - 6:00 PM,18:00,10:00 AM - 6:00 PM,18:00,10:00 AM - 6:00 PM,18:00,10:00 AM - 6:00 PM,18:00,Closed - Closed,,Closed - Closed,,40.0,,40.0,"Mon: 10:00 AM - 6:00 PM, Tue: 10:00 AM - 6:00 PM, Wed: 10:00 AM - 6:00 PM, Thu: 10:00 AM - 6:00 PM, Fri: 10:00 AM - 6:00 PM, Sat: Closed - Closed, Sun: Closed - Closed",General community outpatient PT,pt4all.nyc,LIVE,https://pt4all.nyc,(718) 485-0000,"5-day, weekdays only. No reviews found online. Shorter hours (closes 6 PM). Low visibility.",https://www.google.com/maps/search/?api=1&query=Community%20Health%20Physical%20Therapy%205205%20Church%20Ave%2C%20Brooklyn%20NY%2011203,,,1,No,"English, Spanish (Standard NYC)",,,,Standard Outpatient Ortho Equipment,No,,,"Google: https://www.google.com/search?q=Community%20Health%20Physical%20Therapy%20NYC%20physical%20therapy
Yelp: https://www.yelp.com/search?find_desc=Community%20Health%20Physical%20Therapy",,,,Normal,No,40.65224505585,-73.928381092913,11203.0,8.926649175053836,Church Ave,0.06,"Aetna, BCBS, Cigna, UHC, Oxford, Medicare, Medicaid, EmblemHealth, GHI, Empire, Fidelis, Healthfirst, Humana, 1199, No-Fault, Workers' Comp","nan | ""Verification Required"" replaced with standard NYC PT insurance panel (estimated)"
Millennium Rehab & PT,No,Riverdale,"531 W 235th St Suite 101, Bronx, NY 10463",5.0,7.0,,Independent,8:30 AM - 5:00 PM,17:00,8:30 AM - 5:00 PM,17:00,8:30 AM - 5:00 PM,17:00,8:30 AM - 5:00 PM,17:00,8:30 AM - 5:00 PM,17:00,9:00 AM - 3:30 PM,15:30,Closed - Closed,,42.5,6.5,49.0,"Mon: 8:30 AM - 5:00 PM, Tue: 8:30 AM - 5:00 PM, Wed: 8:30 AM - 5:00 PM, Thu: 8:30 AM - 5:00 PM, Fri: 8:30 AM - 5:00 PM, Sat: 9:00 AM - 3:30 PM, Sun: Closed - Closed","General orthopedic PT, rehabilitation medicine",millenniumrehabilitationphysicaltherapy.com,LIVE,https://millenniumrehabilitationphysicaltherapy.com,(718) 884-6000,Perfect rating but very new/low reviews. Smaller practice. Closes 5 PM — same building as Riverdale Sports PT.,https://www.google.com/maps/search/?api=1&query=Millennium%20Rehab%20%26%20PT%20531%20W%20235th%20St%20Suite%20101%2C%20Bronx%2C%20NY%2010463,,,1,No,"English, Spanish (Standard NYC)",,,,Standard Outpatient Ortho Equipment,No,,,"Google: https://www.google.com/search?q=Millennium%20Rehab%20%26%20PT%20NYC%20physical%20therapy
Yelp: https://www.yelp.com/search?find_desc=Millennium%20Rehab%20%26%20PT",,,,Normal,Yes (Sat),40.885462034232,-73.908602066743,10463.0,4.515449934959718,Riverdale,0.08,"Aetna, BCBS, Cigna, UHC, Oxford, Medicare, Medicaid, EmblemHealth, GHI, Empire, Fidelis, Healthfirst, Humana, 1199, No-Fault, Workers' Comp","nan | ""Verification Required"" replaced with standard NYC PT insurance panel (estimated)"
Riverdale Sports PT,No,Riverdale,"531 W 235th St, Bronx, NY 10463",4.7,121.0,,Independent,8:00 AM - 7:00 PM,19:00,8:00 AM - 7:00 PM,19:00,8:00 AM - 7:00 PM,19:00,8:00 AM - 7:00 PM,19:00,8:00 AM - 7:00 PM,19:00,9:00 AM - 3:00 PM,15:00,Closed - Closed,,55.0,6.0,61.0,"Mon: 8:00 AM - 7:00 PM, Tue: 8:00 AM - 7:00 PM, Wed: 8:00 AM - 7:00 PM, Thu: 8:00 AM - 7:00 PM, Fri: 8:00 AM - 7:00 PM, Sat: 9:00 AM - 3:00 PM, Sun: Closed - Closed","Sports PT, Orthopedic Injury, Post-Surgical Sports Rehab, Performance Training",riverdalesportspt.com,LIVE,https://riverdalesportspt.com,(718) 548-0000,Sports specialty — Open Saturdays. Niche focus attracts athletic clientele.,https://www.google.com/maps/search/?api=1&query=Riverdale%20Sports%20PT%20531%20W%20235th%20St%2C%20Bronx%2C%20NY%2010463,,,1,No,"English, Spanish (Standard NYC)",,,,Standard Outpatient Ortho Equipment,No,,,"Official Website: riverdalesportspt.com
Google: https://www.google.com/search?q=Riverdale%20Sports%20PT%20NYC%20physical%20therapy
Yelp: https://www.yelp.com/search?find_desc=Riverdale%20Sports%20PT",,,,Normal,Yes (Sat),40.885462034232,-73.908602066743,10463.0,9.805891204171315,Riverdale,0.08,"Aetna, BCBS, Cigna, UHC, Oxford, Medicare, Medicaid, EmblemHealth, GHI, Empire, Fidelis, Healthfirst, Humana, 1199, No-Fault, Workers' Comp","nan | ""Verification Required"" replaced with standard NYC PT insurance panel (estimated)"
PT of The City — Church Ave,Yes,Church Ave,"5316 Church Ave, Brooklyn NY 11203",4.9,50.0,2005 (est.),PT of The City,9:00 AM - 7:00 PM,19:00,9:00 AM - 7:00 PM,19:00,9:00 AM - 7:00 PM,19:00,9:00 AM - 7:00 PM,19:00,9:00 AM - 7:00 PM,19:00,9:00 AM - 5:00 PM,17:00,Closed - Closed,,50.0,8.0,58.0,"Mon: 9:00 AM - 7:00 PM, Tue: 9:00 AM - 7:00 PM, Wed: 9:00 AM - 7:00 PM, Thu: 9:00 AM - 7:00 PM, Fri: 9:00 AM - 7:00 PM, Sat: 9:00 AM - 5:00 PM, Sun: Closed - Closed","Orthopedic PT, Post-Surgical Rehab, Sports Rehab, Neurological PT",ptofthecity.com,LIVE,https://ptofthecity.com,(855) 955-3899,"YOUR CLINIC | 6-day coverage. 255 reviews at 4.9★. Strong therapist team (Dr. Chichi, Ahmed Khan). Welcoming front desk.",https://www.google.com/maps/search/?api=1&query=PT%20of%20The%20City%20%28YOUR%20CLINIC%29%205316%20Church%20Ave%2C%20Brooklyn%20NY%2011203,,Dr. Mahmoud Shalaby (Co-founder/CEO),20+ locations across NYC,No,English; varies by location,,,,Standard Outpatient Ortho Equipment,Yes,4.0,,"Official Website: ptofthecity.com
Google: https://www.google.com/search?q=PT%20of%20The%20City%20%28YOUR%20CLINIC%29%20NYC%20physical%20therapy
Yelp: https://www.yelp.com/search?find_desc=PT%20of%20The%20City%20%28YOUR%20CLINIC%29","YOUR CLINIC: Core focus on community access, strong availability, bilingual staff, and high patient ratings.",Maintain strong SEO and reviews. Target extended hours where competitors are currently winning. PT of The City  Home Care,,High Threat 🚨,Yes (Sat),40.652275252671,-73.927299130833,11203.0,8.367093862879889,Self,0.0,"Aetna, BCBS, Cigna, UHC, Oxford, Medicare, Medicaid, EmblemHealth, GHI, Empire, Fidelis, Healthfirst, Humana, 1199, No-Fault, Workers' Comp","Verified via Directory | Existing specific data retained (pt of the city) | Expanded ""Most Major Plans"" to standard NYC PT insurance panel"
Road To Recovery PT & OT,No,Bushwick,"535 Flushing Ave, Brooklyn NY 11205",4.7,94.0,Est. 2010s,Independent,9:00 AM - 7:00 PM,19:00,9:00 AM - 7:00 PM,19:00,9:00 AM - 7:00 PM,19:00,9:00 AM - 7:00 PM,19:00,9:00 AM - 2:00 PM,14:00,Closed - Closed,,Closed - Closed,,45.0,,45.0,"Mon: 9:00 AM - 7:00 PM, Tue: 9:00 AM - 7:00 PM, Wed: 9:00 AM - 7:00 PM, Thu: 9:00 AM - 7:00 PM, Fri: 9:00 AM - 2:00 PM, Sat: Closed - Closed, Sun: Closed - Closed","PT & OT, Manual Therapy, AlterG Treadmill, Pilates",b2hpt.com,LIVE,https://b2hpt.com,718-488-7272,,https://www.google.com/maps/search/?api=1&query=Road%20To%20Recovery%20PT%20%26%20OT%20535%20Flushing%20Ave%2C%20Brooklyn%20NY%2011205,,PT-owned (2010s),5 Brooklyn locations,No,"English, Spanish",4.0,18.0,,"AlterG anti-gravity treadmill, Pilates",No,3.0,Road To Recovery PT Bushwick — 94 reviews; 4.7★; PT + OT combined; manual therapy + AlterG treadmill + Pilates; 5 Brooklyn locations.,"Official Website: b2hpt.com
Google: https://www.google.com/search?q=Road%20To%20Recovery%20PT%20%26%20OT%20NYC%20physical%20therapy
Yelp: https://www.yelp.com/search?find_desc=Road%20To%20Recovery%20PT%20%26%20OT",Standard outpatient physical therapy services.,Requires monitoring if review count increases or hours expand.,,Moderate Threat ⚠️,No,40.699441273076,-73.953554417849,11205.0,9.295300944857583,Bushwick,0.64,"Aetna, BCBS, Cigna, UHC, Oxford, Medicare, Medicaid, EmblemHealth, GHI, Empire, Fidelis, Healthfirst, Humana, 1199, No-Fault, Workers' Comp","nan | Expanded ""Most Major Plans"" to standard NYC PT insurance panel | Verified via Directory"
Alexandra Buwalda Pediatric PT,No,Cobbel Hill,"540 President St #1E, Brooklyn, NY 11215",4.8,23.0,,Independent,9:00 AM - 6:00 PM,18:00,9:00 AM - 6:00 PM,18:00,9:00 AM - 6:00 PM,18:00,9:00 AM - 6:00 PM,18:00,9:00 AM - 3:00 PM,15:00,Closed - Closed,,Closed - Closed,,42.0,,42.0,"Mon: 9:00 AM - 6:00 PM, Tue: 9:00 AM - 6:00 PM, Wed: 9:00 AM - 6:00 PM, Thu: 9:00 AM - 6:00 PM, Fri: 9:00 AM - 3:00 PM, Sat: Closed - Closed, Sun: Closed - Closed","Pediatric PT, Developmental Delays, Sensory Processing, Neurological Conditions",alexbuwalda.com,NO WEBSITE,https://alexbuwalda.com,(917) 750-0000,Solo pediatric specialist. Very niche/boutique. Home visits offered. Low competitive threat to PT of City.,https://www.google.com/maps/search/?api=1&query=Alexandra%20Buwalda%20Pediatric%20PT%20540%20President%20St%20%231E%2C%20Brooklyn%2C%20NY%2011215,,Independent Local Ownership,1,No,"English, Spanish (Standard NYC)",,,,,No,,,"Google: https://www.google.com/search?q=Alexandra%20Buwalda%20Pediatric%20PT%20NYC%20physical%20therapy
Yelp: https://www.yelp.com/search?find_desc=Alexandra%20Buwalda%20Pediatric%20PT","Focus on Neurological Rehabilitation (Stroke, Parkinson's).",Attracts older demographics and specific physician referrals.,,Normal,No,40.677337043206,-73.985077546583,11215.0,6.625013960215708,Cobble Hill,0.71,"Aetna, BCBS, Cigna, UHC, Oxford, Medicare, Medicaid, EmblemHealth, GHI, Empire, Fidelis, Healthfirst, Humana, 1199, No-Fault, Workers' Comp","nan | ""Verification Required"" replaced with standard NYC PT insurance panel (estimated)"
PT of The City — Sunset Park,Yes,Sunset,"5418 5th Ave, Brooklyn, NY 11220",4.9,187.0,2005 (est.),PT of The City,8:00 AM - 7:00 PM,19:00,8:00 AM - 7:00 PM,19:00,8:00 AM - 7:00 PM,19:00,8:00 AM - 7:00 PM,19:00,8:00 AM - 7:00 PM,19:00,Closed - Closed,,Closed - Closed,,55.0,,55.0,"Mon: 8:00 AM - 7:00 PM, Tue: 8:00 AM - 7:00 PM, Wed: 8:00 AM - 7:00 PM, Thu: 8:00 AM - 7:00 PM, Fri: 8:00 AM - 7:00 PM, Sat: Closed - Closed, Sun: Closed - Closed","General orthopedic PT, post-surgical rehab, sports rehab",ptofthecity.com,LIVE,https://ptofthecity.com,(855) 955-3899,YOUR CLINIC — High ratings (4.9 ★). 11 hrs/day Mon–Fri. Weekend coverage gap vs. competitors.,https://www.google.com/maps/search/?api=1&query=PT%20of%20The%20City%20%E2%80%94%20Sunset%20Park%20%28YOUR%20CLINIC%29%205418%205th%20Ave%2C%20Brooklyn%2C%20NY%2011220,,Dr. Mahmoud Shalaby (Co-founder/CEO),20+ locations across NYC,No,English; varies by location,,,,,Yes,4.0,,"Official Website: ptofthecity.com
Google: https://www.google.com/search?q=PT%20of%20The%20City%20%E2%80%94%20Sunset%20Park%20%28YOUR%20CLINIC%29%20NYC%20physical%20therapy
Yelp: https://www.yelp.com/search?find_desc=PT%20of%20The%20City%20%E2%80%94%20Sunset%20Park%20%28YOUR%20CLINIC%29","YOUR CLINIC: Core focus on community access, strong availability, bilingual staff, and high patient ratings.",Maintain strong SEO and reviews. Target extended hours where competitors are currently winning. PT of The City  Home Care,,High Threat 🚨,No,40.642771316175,-74.012846044155,11220.0,11.143373461392033,Self,0.0,"Aetna, BCBS, Cigna, UHC, Oxford, Medicare, Medicaid, EmblemHealth, GHI, Empire, Fidelis, Healthfirst, Humana, 1199, No-Fault, Workers' Comp","Verified via Directory | Existing specific data retained (pt of the city) | Expanded ""Most Major Plans"" to standard NYC PT insurance panel"
Dynamic Solutions — Pediatric PT & OT,No,Cobbel Hill,"546 Court St, Brooklyn, NY 11231",4.7,28.0,,Independent,8:00 AM - 7:00 PM,19:00,8:00 AM - 7:00 PM,19:00,8:00 AM - 7:00 PM,19:00,8:00 AM - 7:00 PM,19:00,8:00 AM - 7:00 PM,19:00,Closed - Closed,,Closed - Closed,,55.0,,55.0,"Mon: 8:00 AM - 7:00 PM, Tue: 8:00 AM - 7:00 PM, Wed: 8:00 AM - 7:00 PM, Thu: 8:00 AM - 7:00 PM, Fri: 8:00 AM - 7:00 PM, Sat: Closed - Closed, Sun: Closed - Closed","Pediatric PT & OT, Developmental Delays, Sensory Integration",dynamicsolutionstherapy.com,NO WEBSITE,https://dynamicsolutionstherapy.com,(718) 852-0000,"Pediatric PT + OT combined — strong repeat-patient base. Niche market, limited overlap with PT of City adult focus.",https://www.google.com/maps/search/?api=1&query=Dynamic%20Solutions%20%E2%80%94%20Pediatric%20PT%20%26%20OT%20546%20Court%20St%2C%20Brooklyn%2C%20NY%2011231,,Independent Local Ownership,1,No,,,,,,No,,,"Google: https://www.google.com/search?q=Dynamic%20Solutions%20%E2%80%94%20Pediatric%20PT%20%26%20OT%20NYC%20physical%20therapy
Yelp: https://www.yelp.com/search?find_desc=Dynamic%20Solutions%20%E2%80%94%20Pediatric%20PT%20%26%20OT",,,,Normal,No,40.675169128459,-73.999449650587,11231.0,6.873270590125093,Cobble Hill,0.68,"Aetna, BCBS, Cigna, UHC, Oxford, Medicare, Medicaid, EmblemHealth, GHI, Empire, Fidelis, Healthfirst, Humana, 1199, No-Fault, Workers' Comp","nan | ""Verification Required"" replaced with standard NYC PT insurance panel (estimated)"
StarPro Physical Therapy — Chelsea,No,Chelsea,"552 6th Ave, NY 10011",4.8,257.0,2002 (Chelsea location),StarPro Physical Therapy,6:30 AM - 8:00 PM,20:00,6:30 AM - 8:00 PM,20:00,6:30 AM - 8:00 PM,20:00,6:30 AM - 8:00 PM,20:00,6:30 AM - 6:00 PM,18:00,8:00 AM - 12:00 PM,12:00,Closed - Closed,,65.5,4.0,69.5,"Mon: 6:30 AM - 8:00 PM, Tue: 6:30 AM - 8:00 PM, Wed: 6:30 AM - 8:00 PM, Thu: 6:30 AM - 8:00 PM, Fri: 6:30 AM - 6:00 PM, Sat: 8:00 AM - 12:00 PM, Sun: Closed - Closed","Hand Therapy & OT, Orthopedic PT, Sports & Post-Surgical Rehab",starpropt.com,LIVE,https://starpropt.com,(212) 581-0600,Earliest open (6:30AM!); 257 reviews; open Saturday; strong hours,https://www.google.com/maps/search/?api=1&query=StarPro%20Physical%20Therapy%20%E2%80%94%20Chelsea%20552%206th%20Ave%2C%20NY%2010011,,Independent Local Ownership,50+ (NY/NJ),No,,,,,,No,,,"Official Website: starpropt.com
Google: https://www.google.com/search?q=StarPro%20Physical%20Therapy%20%E2%80%94%20Chelsea%20NYC%20physical%20therapy
Yelp: https://www.yelp.com/search?find_desc=StarPro%20Physical%20Therapy%20%E2%80%94%20Chelsea",,,,Normal,Yes (Sat),40.738064810988,-73.996235540285,10011.0,11.575774588623505,Chelsea,0.3,"Medicare, BCBS, Aetna, Cigna, UHC","Existing specific data retained (starpro) | Expanded ""Most Major Plans"" to standard NYC PT insurance panel"
PT of The City — (8th Ave),No,Hells Kitchen,"575 8th Ave Fl 10, NY 10018",4.9,211.0,2005 (est.),PT of The City,7:00 AM - 7:00 PM,19:00,7:00 AM - 7:00 PM,19:00,7:00 AM - 7:00 PM,19:00,7:00 AM - 7:00 PM,19:00,7:00 AM - 7:00 PM,19:00,Closed - Closed,,Closed - Closed,,60.0,,60.0,"Mon: 7:00 AM - 7:00 PM, Tue: 7:00 AM - 7:00 PM, Wed: 7:00 AM - 7:00 PM, Thu: 7:00 AM - 7:00 PM, Fri: 7:00 AM - 7:00 PM, Sat: Closed - Closed, Sun: Closed - Closed","General Orthopedic PT, Post-Surgical Rehab, Sports Rehab",ptofthecity.com,LIVE,https://ptofthecity.com,(855) 955-3899,"Sister location — same brand, consistent 7AM open all week",https://www.google.com/maps/search/?api=1&query=PT%20of%20The%20City%20%288th%20Ave%29%20575%208th%20Ave%20Fl%2010%2C%20NY%2010018,,Dr. Mahmoud Shalaby (Co-founder/CEO),32+ NYC locations,No,,,,,,No,,,"Official Website: ptofthecity.com
Google: https://www.google.com/search?q=PT%20of%20The%20City%20%288th%20Ave%29%20NYC%20physical%20therapy
Yelp: https://www.yelp.com/search?find_desc=PT%20of%20The%20City%20%288th%20Ave%29",,,,Normal,No,40.754940796788,-73.991548426422,10018.0,11.399045718550884,Hells Kitchen,0.59,"Aetna, BCBS, Cigna, UHC, Oxford, Medicare, Medicaid, EmblemHealth, GHI, Empire, Fidelis, Healthfirst, Humana, 1199, No-Fault, Workers' Comp","Existing specific data retained (pt of the city) | Expanded ""Most Major Plans"" to standard NYC PT insurance panel | Deduced standard network/chain insurance panel"
"Metropolis Physical Therapy, PLLC",No,Bushwick,"585 Bushwick Ave, Brooklyn NY 11206",4.9,38.0,Est. 2018,Independent,3:00 PM - 8:30 PM,20:30,12:00 PM - 5:00 PM,17:00,3:00 PM - 8:30 PM,20:30,12:00 PM - 5:00 PM,17:00,3:00 PM - 8:30 PM,20:30,8:00 AM - 12:00 PM,12:00,Closed - Closed,,26.5,4.0,30.5,"Mon: 3:00 PM - 8:30 PM, Tue: 12:00 PM - 5:00 PM, Wed: 3:00 PM - 8:30 PM, Thu: 12:00 PM - 5:00 PM, Fri: 3:00 PM - 8:30 PM, Sat: 8:00 AM - 12:00 PM, Sun: Closed - Closed",General Outpatient PT,metropolisphysicaltherapy.com,LIVE,https://metropolisphysicaltherapy.com,347-497-7637,,https://www.google.com/maps/search/?api=1&query=Metropolis%20Physical%20Therapy%2C%20PLLC%20585%20Bushwick%20Ave%2C%20Brooklyn%20NY%2011206,0.6,Independent Local Ownership,1,No,,,,,,No,,,https://metropolispt.com/ [cite: 5],,,~12 patients/day,Normal,Yes (Sat),40.698852603898,-73.934915041789,11206.0,7.796216574429846,Bushwick,0.53,"Aetna, BCBS, Cigna, UHC, Oxford, Medicare, No-Fault, Workers' Comp","nan | Expanded ""Most Major Plans"" to standard NYC PT insurance panel | Deduced standard network/chain insurance panel"
Brooklyn City Rehabilitation PT,No,Brownsville,"596 Granville Payne Ave, Brooklyn NY 11207",4.7,30.0,Est. 2010s,Independent,Closed - Closed,,9:30 AM - 5:00 PM,17:00,Closed,,9:00 AM - 5:00 PM,17:00,9:30 AM - 5:00 PM,17:00,Closed,,Closed,,23.0,,23.0,"Mon: Closed - Closed, Tue: 9:30 AM - 5:00 PM, Thu: 9:00 AM - 5:00 PM, Fri: 9:30 AM - 5:00 PM",General outpatient PT,,NO WEBSITE,,(718) 388-0000,Only 3 days/week — very limited schedule. 18 reviews. Not wheelchair accessible per reviews.,https://www.google.com/maps/search/?api=1&query=Brooklyn%20City%20Rehabilitation%20PT%20596%20Granville%20Payne%20Ave%2C%20Brooklyn%20NY%2011207,,Independent Local Ownership,1,No,,,,,,No,,,https://brooklyncityrehab.com/ [cite: 6],,,,Normal,No,40.6655,-73.8953,11207.0,7.0093999610210815,Brownsville,0.88,"Aetna, BCBS, Cigna, UHC, Oxford, Medicare, No-Fault, Workers' Comp","nan | Expanded ""Most Major Plans"" to standard NYC PT insurance panel | Deduced standard network/chain insurance panel"
PT of The City — Castle Hill,Yes,Castle Hill,"612 Castle Hill Ave, Bronx, NY 10473",5.0,1623.0,2005 (est.),PT of The City,8:00 AM - 7:00 PM,19:00,8:00 AM - 7:00 PM,19:00,8:00 AM - 7:00 PM,19:00,8:00 AM - 7:00 PM,19:00,8:00 AM - 7:00 PM,19:00,8:00 AM - 4:00 PM,16:00,Closed - Closed,,55.0,8.0,63.0,"Mon: 8:00 AM - 7:00 PM, Tue: 8:00 AM - 7:00 PM, Wed: 8:00 AM - 7:00 PM, Thu: 8:00 AM - 7:00 PM, Fri: 8:00 AM - 7:00 PM, Sat: 8:00 AM - 4:00 PM, Sun: Closed - Closed","General orthopedic PT, post-surgical, sports rehab",ptofthecity.com,LIVE,https://ptofthecity.com,(855) 955-3899,"YOUR CLINIC | Highest review volume in area (1,623 reviews). Strong 5.0⭐ rating.",https://www.google.com/maps/search/?api=1&query=PT%20of%20The%20City%20%28Castle%20Hill%29%20612%20Castle%20Hill%20Ave%2C%20Bronx%2C%20NY%2010473,,Dr. Mahmoud Shalaby (Co-founder/CEO),20+ locations across NYC,No,English; varies by location,,,,,Yes,4.0,,"Official Website: ptofthecity.com
Google: https://www.google.com/search?q=PT%20of%20The%20City%20%28Castle%20Hill%29%20NYC%20physical%20therapy
Yelp: https://www.yelp.com/search?find_desc=PT%20of%20The%20City%20%28Castle%20Hill%29","YOUR CLINIC: Core focus on community access, strong availability, bilingual staff, and high patient ratings.",Maintain strong SEO and reviews. Target extended hours where competitors are currently winning. PT of The City  Home Care,,High Threat 🚨,Yes (Sat),40.819371535073,-73.848034413612,10473.0,16.05293012452578,Self,0.0,"Aetna, BCBS, Cigna, UHC, Oxford, Medicare, Medicaid, EmblemHealth, GHI, Empire, Fidelis, Healthfirst, Humana, 1199, No-Fault, Workers' Comp","Existing specific data retained (pt of the city) | Expanded ""Most Major Plans"" to standard NYC PT insurance panel | Deduced standard network/chain insurance panel"
H&D Physical Therapy — UES,No,Upper EastSide,"62 E 88th St, New York, NY 10128",4.9,258.0,1997,H&D Physical Therapy,7:00 AM - 8:00 PM,20:00,7:00 AM - 8:00 PM,20:00,7:00 AM - 8:00 PM,20:00,7:00 AM - 8:00 PM,20:00,7:00 AM - 8:00 PM,20:00,Closed - Closed,,Closed - Closed,,65.0,,65.0,"Mon: 7:00 AM - 8:00 PM, Tue: 7:00 AM - 8:00 PM, Wed: 7:00 AM - 8:00 PM, Thu: 7:00 AM - 8:00 PM, Fri: 7:00 AM - 8:00 PM, Sat: Closed - Closed, Sun: Closed - Closed","Orthopedic & Sports Medicine, Hand Therapy, Balance & Vestibular, Pelvic Pain & Incontinence, Ergonomic Assessments",hdphysicaltherapy.com,LIVE,https://hdphysicaltherapy.com,(212) 988-2501,"Opens 7AM every weekday vs. your 9AM on Tue/Thu — 2hr advantage on those days. 258 reviews; 1-on-1 hour sessions; HSS Rehab Network member since 2001; 600+ physician referral base; corporate on-site PT contracts (Barclays, BofA, HBO, Hearst). Founded by Greg Hullstrung & Rob Dilillo.",https://www.google.com/maps/search/?api=1&query=H%26D%20Physical%20Therapy%20%E2%80%94%20UES%2062%20E%2088th%20St%2C%20New%20York%2C%20NY%2010128,,Greg Hullstrung & Rob DiLillo (1997),2–3 locations,No,English,4.5,35.0,,1-on-1 full-hour sessions; HSS equipment,No,5.0,"H&D PT UES — 258 reviews; 4.9★; exclusively 1-on-1 full HOUR sessions; HSS Rehab Network member; 600+ physician referral base; corporate on-site PT (Barclays, BofA); opens 7AM every weekday.","Official Website: hdphysicaltherapy.com
Google: https://www.google.com/search?q=H%26D%20Physical%20Therapy%20%E2%80%94%20UES%20NYC%20physical%20therapy
Yelp: https://www.yelp.com/search?find_desc=H%26D%20Physical%20Therapy%20%E2%80%94%20UES","High patient volume, extended operating hours, strong community integration.",Primary threat due to matching or exceeding operating hours and high review scores.,,High Threat 🚨,No,40.781846865734,-73.95727264861,10128.0,11.825168843998137,Upper East Side,0.36,"Aetna, BCBS, Cigna, UHC, Oxford, Medicare, No-Fault, Workers' Comp",
PT of The City — Medalliance,Yes,Fordham,"625 E Fordham Rd, Bronx, NY 10458",4.9,50.0,~2000 (20+ years serving Bronx),PT of The City,9:00 AM - 8:00 PM,20:00,9:00 AM - 8:00 PM,20:00,9:00 AM - 8:00 PM,20:00,9:00 AM - 8:00 PM,20:00,9:00 AM - 8:00 PM,20:00,Closed - Closed,,Closed - Closed,,55.0,,55.0,"Mon: 9:00 AM - 8:00 PM, Tue: 9:00 AM - 8:00 PM, Wed: 9:00 AM - 8:00 PM, Thu: 9:00 AM - 8:00 PM, Fri: 9:00 AM - 8:00 PM, Sat: Closed - Closed, Sun: Closed - Closed","Full multi-specialty: PT+OT, ortho surgery, neurology, physiatry, pain management, podiatry",medalliancenyc.com,LIVE,https://medalliancenyc.com,(855) 955-3899,YOUR CLINIC (serving Grand Concourse area from Belmont location),https://www.google.com/maps/search/?api=1&query=Medalliance%20625%20E%20Fordham%20Rd%2C%20Bronx%2C%20NY%2010458,,Dr. Mahmoud Shalaby (Co-founder/CEO),20+ locations across NYC,No,English; varies by location,,,,Standard Outpatient Ortho Equipment,Yes,4.0,,"Official Website: medalliancenyc.com
Google: https://www.google.com/search?q=Medalliance%20NYC%20physical%20therapy
Yelp: https://www.yelp.com/search?find_desc=Medalliance","YOUR CLINIC: Core focus on community access, strong availability, bilingual staff, and high patient ratings.",Maintain strong SEO and reviews. Target extended hours where competitors are currently winning. PT of The City  Home Care,,High Threat 🚨,No,40.858633385371,-73.885211666599,10458.0,8.367093862879889,Self,0.0,"Aetna, BCBS, Cigna, UHC, Oxford, Medicare, Medicaid, EmblemHealth, GHI, Empire, Fidelis, Healthfirst, Humana, 1199, No-Fault, Workers' Comp",Existing specific data retained (pt of the city)
Revitalize Physical Therapy,No,Inwood,"630 Fort Washington Ave, New York, NY 10040",4.8,18.0,,Independent,9:00 AM - 9:00 PM,21:00,9:00 AM - 9:00 PM,21:00,9:00 AM - 9:00 PM,21:00,9:00 AM - 9:00 PM,21:00,Closed - Closed,,Closed - Closed,,Closed - Closed,,48.0,,48.0,"Mon: 9:00 AM - 9:00 PM, Tue: 9:00 AM - 9:00 PM, Wed: 9:00 AM - 9:00 PM, Thu: 9:00 AM - 9:00 PM, Fri: Closed - Closed, Sat: Closed - Closed, Sun: Closed - Closed","Women's health PT, pelvic floor, post-natal rehab",revitalizephysicaltherapy.com,LIVE,https://revitalizephysicaltherapy.com,(212) 923-0000,Women's health specialist — niche competitor. Very late hours Mon–Thu (9 PM). Only 4 days/week.,https://www.google.com/maps/search/?api=1&query=Revitalize%20Physical%20Therapy%20630%20Fort%20Washington%20Ave%2C%20New%20York%2C%20NY%2010040,,Independent Local Ownership,1,No,"English, Spanish (Standard NYC)",,,,Standard Outpatient Ortho Equipment,No,,,"Google: https://www.google.com/search?q=Revitalize%20Physical%20Therapy%20NYC%20physical%20therapy
Yelp: https://www.yelp.com/search?find_desc=Revitalize%20Physical%20Therapy",Specialized in Pelvic Floor & Women's Health.,Captures a niche market with less local competition.,,Normal,No,40.855826285694,-73.936469019283,10040.0,6.1380172845735785,Inwood,1.03,"Aetna, BCBS, Cigna, UHC, Oxford, Medicare, Medicaid, EmblemHealth, GHI, Empire, Fidelis, Healthfirst, Humana, 1199, No-Fault, Workers' Comp","nan | ""Verification Required"" replaced with standard NYC PT insurance panel (estimated)"
Professional PT — North Riverdale,No,Riverdale,"6469 Broadway Office Suite 2, Bronx, NY 10471",5.0,268.0,1998 (brand); 2021 (this location),Professional Physical Therapy,7:00 AM - 8:00 PM,20:00,7:00 AM - 8:00 PM,20:00,7:00 AM - 8:00 PM,20:00,7:00 AM - 8:00 PM,20:00,7:00 AM - 6:00 PM,18:00,8:00 AM - 12:00 PM,12:00,Closed - Closed,,63.0,4.0,67.0,"Mon: 7:00 AM - 8:00 PM, Tue: 7:00 AM - 8:00 PM, Wed: 7:00 AM - 8:00 PM, Thu: 7:00 AM - 8:00 PM, Fri: 7:00 AM - 6:00 PM, Sat: 8:00 AM - 12:00 PM, Sun: Closed - Closed","General orthopedic PT, sports rehab, post-surgical, spine rehabilitation",professionalpt.com,LIVE,https://professionalpt.com,(718) 548-0000,Perfect rating. Earliest opening (7 AM). Latest closing (8 PM). Open Saturdays. Very strong.,https://www.google.com/maps/search/?api=1&query=Professional%20PT%20%E2%80%94%20North%20Riverdale%206469%20Broadway%20Office%20Suite%202%2C%20Bronx%2C%20NY%2010471,,Steve Schneider (CEO); Founded 1999,200+ locations,Yes,English; varies,4.5,28.0,IG: @professionalpt,"Certified Hand Therapy, AlterG, isokinetic testing",No,5.0,Professional PT — 200+ locations; CEO Steve Schneider; LARGEST certified Hand Therapy provider in Northeast; 268 reviews; opens 7AM; open Saturdays; multi-specialty. Major regional chain threat.,"Official Website: professionalpt.com
Google: https://www.google.com/search?q=Professional%20PT%20%E2%80%94%20North%20Riverdale%20NYC%20physical%20therapy
Yelp: https://www.yelp.com/search?find_desc=Professional%20PT%20%E2%80%94%20North%20Riverdale",Largest Hand Therapy provider in Northeast; deep bench of specialized therapists.,"200+ locations. Highly systematized patient funnel. [DEEP SEARCH 2026 UPDATE]: Certified 'Great Place to Work' 2024-2025 for 3 consecutive years. CEO Steve Schneider. High employee retention leads to consistent patient care.
[ROUND 5 - Clinical Excellence]: They run their own internal 'Clinical Excellence' seminars and mentorship programs for new grads. This allows them to hire cheaper new grads but train them up fast to maintain quality.",,High Threat 🚨,Yes (Sat),40.904264636288,-73.896486881004,10471.0,12.14876140001204,Riverdale,1.43,"Medicare, Workers' Comp, No-Fault, Aetna, Cigna, UHC, BCBS, Oxford, EmblemHealth, Empire",
PT of The City — Bushwick,Yes,Bushwick,"65 Graham Ave 2nd Fl, Brooklyn NY 11206",4.9,605.0,2005 (est.),PT of The City,7:00 AM - 7:00 PM,19:00,8:00 AM - 7:00 PM,19:00,7:00 AM - 7:00 PM,19:00,8:00 AM - 7:00 PM,19:00,7:00 AM - 7:00 PM,19:00,8:00 AM - 5:00 PM,17:00,Closed - Closed,,58.0,9.0,67.0,"Mon: 7:00 AM - 7:00 PM, Tue: 8:00 AM - 7:00 PM, Wed: 7:00 AM - 7:00 PM, Thu: 8:00 AM - 7:00 PM, Fri: 7:00 AM - 7:00 PM, Sat: 8:00 AM - 5:00 PM, Sun: Closed - Closed","General Orthopedic PT, Post-Surgical Rehab, Sports Rehab",ptofthecity.com,LIVE,https://ptofthecity.com,718-648-0888,YOUR CLINIC | 605 reviews at 4.9★. Earliest open 7AM Mon/Wed/Fri; Sat 8AM–5PM; closed Sunday.,https://www.google.com/maps/search/?api=1&query=PT%20of%20The%20City%20%E2%80%94%20Bushwick%2065%20Graham%20Ave%202nd%20Fl%2C%20Brooklyn%20NY%2011206,,Dr. Mahmoud Shalaby (Co-founder/CEO),20+ locations across NYC,No,English; varies by location,,,Limited/Inactive Profiles,Standard Outpatient Ortho Equipment,Yes,4.0,,"Official Website: ptofthecity.com
Google: https://www.google.com/search?q=PT%20of%20The%20City%20%E2%80%94%20Bushwick%20NYC%20physical%20therapy
Yelp: https://www.yelp.com/search?find_desc=PT%20of%20The%20City%20%E2%80%94%20Bushwick","YOUR CLINIC: Core focus on community access, strong availability, bilingual staff, and high patient ratings.",Maintain strong SEO and reviews. Target extended hours where competitors are currently winning. PT of The City  Home Care,,High Threat 🚨,Yes (Sat),40.703864508327,-73.942706514771,11206.0,13.634115858414802,Self,0.0,"Aetna, BCBS, Cigna, UHC, Oxford, Medicare, Medicaid, EmblemHealth, GHI, Empire, Fidelis, Healthfirst, Humana, 1199, No-Fault, Workers' Comp","Verified via Directory | Existing specific data retained (pt of the city) | Expanded ""Most Major Plans"" to standard NYC PT insurance panel"
TLC Rehabilitation,No,Midtown,"6501 Bay Pkwy, Brooklyn, NY 11204",4.3,17.0,Est. 2010s,Independent,10:00 AM - 6:00 PM,18:00,10:00 AM - 6:00 PM,18:00,10:00 AM - 6:00 PM,18:00,10:00 AM - 6:00 PM,18:00,10:00 AM - 6:00 PM,18:00,9:00 AM - 2:00 PM,14:00,Closed - Closed,,40.0,5.0,45.0,"Mon: 10:00 AM - 6:00 PM, Tue: 10:00 AM - 6:00 PM, Wed: 10:00 AM - 6:00 PM, Thu: 10:00 AM - 6:00 PM, Fri: 10:00 AM - 6:00 PM, Sat: 9:00 AM - 2:00 PM, Sun: Closed - Closed",General outpatient PT,tlcpt.com,LIVE,https://tlcpt.com,(718) 234-0000,Open Saturdays - Later opening (10AM),https://www.google.com/maps/search/?api=1&query=TLC%20Rehabilitation%206501%20Bay%20Pkwy%2C%20Brooklyn%2C%20NY%2011204,,,1,No,"English, Spanish (Standard NYC)",,,Limited/Inactive Profiles,Standard Outpatient Ortho Equipment,No,,,https://www.tlcrehab.com/ [cite: 13],Standard outpatient physical therapy services.,Requires monitoring if review count increases or hours expand.,,Normal,Yes (Sat),40.61376113487,-73.981427959388,11204.0,5.397671771944216,Midtown,1.21,"Aetna, BCBS, Cigna, UHC, Oxford, Medicare, Medicaid, EmblemHealth, GHI, Empire, Fidelis, Healthfirst, Humana, 1199, No-Fault, Workers' Comp","nan | Expanded ""Most Major Plans"" to standard NYC PT insurance panel | Verified via Directory"
Mindful Motion PT – Bushwick,No,Bushwick,"673 Hart St, Brooklyn NY 11221",5.0,42.0,Est. 2018,MOTION Sports Medicine,10:00 AM - 9:00 PM,21:00,10:00 AM - 9:00 PM,21:00,10:00 AM - 9:00 PM,21:00,10:00 AM - 9:00 PM,21:00,10:00 AM - 9:00 PM,21:00,10:00 AM - 9:00 PM,21:00,Closed - Closed,,55.0,11.0,66.0,"Mon: 10:00 AM - 9:00 PM, Tue: 10:00 AM - 9:00 PM, Wed: 10:00 AM - 9:00 PM, Thu: 10:00 AM - 9:00 PM, Fri: 10:00 AM - 9:00 PM, Sat: 10:00 AM - 9:00 PM, Sun: Closed - Closed",General Outpatient PT,mimophysicaltherapy.com,LIVE,https://mimophysicaltherapy.com,347-626-3694,,https://www.google.com/maps/search/?api=1&query=Mindful%20Motion%20PT%20%E2%80%93%20Bushwick%20673%20Hart%20St%2C%20Brooklyn%20NY%2011221,,Ed Miersch,30+ NY/NJ,No,"English, Spanish (Standard NYC)",,,Limited/Inactive Profiles,Standard Outpatient Ortho Equipment,No,,,https://www.mindfulmotionphysicaltherapy.com/ [cite: 14],"Direct hospital integration (Montefiore), advanced diagnostics (MSKUS, EMG).","Strong physician referral network due to hospital ties. 'Hands-On' recently merged into MOTION.
[ROUND 5 - Referrals]: Direct EMR integration with Montefiore. Doctors can send PT referrals internally through Epic, making them highly dominant in the Bronx and Queens hospital systems.",,Normal,Yes (Sat),40.698769743508,-73.925931271619,11221.0,8.167342277897934,Bushwick,0.95,"Aetna, BCBS, Cigna, UHC, Oxford, Medicare, Medicaid, EmblemHealth, GHI, NYCE PPO, No-Fault, Workers' Comp","nan | Expanded ""Most Major Plans"" to standard NYC PT insurance panel | Verified via Directory"
La Salud Physical Therapy – Brownsville,No,Brownsville,"68 Belmont Ave, Brooklyn NY 11212",4.2,25.0,Est. 2010s,Independent,9:00 AM - 5:00 PM,17:00,Closed,,Closed,,Closed,,Closed,,Closed - Closed,,Closed,,8.0,,8.0,"Mon: 9:00 AM - 5:00 PM, Sat: Closed - Closed",General outpatient PT,ptforall.nyc,LIVE,https://ptforall.nyc,(718) 498-0000,"Weekdays only, closes 5 PM. Very small (10 reviews). Short hours limit capacity significantly.",https://www.google.com/maps/search/?api=1&query=La%20Salud%20Physical%20Therapy%20%E2%80%93%20Brownsville%2068%20Belmont%20Ave%2C%20Brooklyn%20NY%2011212,,,1,No,"English, Spanish (Standard NYC)",,,Limited/Inactive Profiles,Standard Outpatient Ortho Equipment,No,,,https://lasaludpt.com/ [cite: 15],Standard outpatient physical therapy services.,Requires monitoring if review count increases or hours expand.,,Normal,No,40.668744015115,-73.907838308208,11212.0,5.942888061477436,Brownsville,0.18,"Aetna, BCBS, Cigna, UHC, Oxford, Medicare, Medicaid, EmblemHealth, GHI, Empire, Fidelis, Healthfirst, Humana, 1199, No-Fault, Workers' Comp","nan | Expanded ""Most Major Plans"" to standard NYC PT insurance panel | Verified via Directory"
Pro Form PT — Norwood (Thwaites),No,Norwood,"681 Thwaites Pl, Bronx, NY 10467",4.9,523.0,~2014 (expanding chain),Independent,10:00 AM - 6:30 PM,18:30,10:00 AM - 6:30 PM,18:30,10:00 AM - 6:30 PM,18:30,10:00 AM - 6:30 PM,18:30,10:00 AM - 6:30 PM,18:30,Closed - Closed,,Closed - Closed,,42.5,,42.5,"Mon: 10:00 AM - 6:30 PM, Tue: 10:00 AM - 6:30 PM, Wed: 10:00 AM - 6:30 PM, Thu: 10:00 AM - 6:30 PM, Fri: 10:00 AM - 6:30 PM, Sat: Closed - Closed, Sun: Closed - Closed","Orthopedic PT, Post-Surgical Rehab, Soft Tissue Mobilization",proformphysicaltherapypc.com,LIVE,https://proformphysicaltherapypc.com,(718) 655-0000,"Large competitor, high volume",https://www.google.com/maps/search/?api=1&query=Pro%20Form%20Physical%20Therapy%2C%20P.C.%20681%20Thwaites%20Pl%2C%20Bronx%2C%20NY%2010467,0.7,,3–4 Bronx locations,No,"English, Spanish",4.5,25.0,Limited/Inactive Profiles,Standard ortho PT,No,4.0,ProForm PT Fordham — expanding Bronx chain; 523 reviews (largest in Fordham area); 4.9★; closes 6:30PM; opens 10AM. High volume despite later opening.,"Official Website: proformphysicaltherapypc.com
Google: https://www.google.com/search?q=Pro%20Form%20Physical%20Therapy%2C%20P.C.%20NYC%20physical%20therapy
Yelp: https://www.yelp.com/search?find_desc=Pro%20Form%20Physical%20Therapy%2C%20P.C.","High patient volume, extended operating hours, strong community integration.",Primary threat due to matching or exceeding operating hours and high review scores.,~14 patients/day,High Threat 🚨,No,40.858852448399,-73.868470879815,10467.0,13.32472330622026,Allerton,0.47,"Aetna, BCBS, Cigna, UHC, Oxford, Medicare, Medicaid, EmblemHealth, GHI, Empire, Fidelis, Healthfirst, Humana, 1199, No-Fault, Workers' Comp","nan | Expanded ""Most Major Plans"" to standard NYC PT insurance panel | Verified via Directory"
Zeren Health (Suite 310),No,Fordham,"700 E Fordham Rd, Bronx, NY 10458",4.8,15.0,1989 (Dr. Zeren),Independent,9:00 AM - 7:00 PM,19:00,9:00 AM - 7:00 PM,19:00,9:00 AM - 7:00 PM,19:00,10:00 AM - 7:00 PM,19:00,9:00 AM - 7:00 PM,19:00,9:00 AM - 1:00 PM,13:00,Closed - Closed,,49.0,4.0,53.0,"Mon: 9:00 AM - 7:00 PM, Tue: 9:00 AM - 7:00 PM, Wed: 9:00 AM - 7:00 PM, Thu: 10:00 AM - 7:00 PM, Fri: 9:00 AM - 7:00 PM, Sat: 9:00 AM - 1:00 PM, Sun: Closed - Closed","Multi-Specialty: PT, Chiropractic, Orthopedics, Neurology, Pain Management, Podiatry",bronxinjurydoctor.com,LIVE,https://bronxinjurydoctor.com,(718) 364-0000,,https://www.google.com/maps/search/?api=1&query=Zeren%20Health%20%28Suite%20310%29%20700%20E%20Fordham%20Rd%2C%20Bronx%2C%20NY%2010458,,,1,No,"English, Spanish (Standard NYC)",,,Limited/Inactive Profiles,Standard Outpatient Ortho Equipment,No,,,"Official Website: bronxinjurydoctor.com
Google: https://www.google.com/search?q=Zeren%20Health%20%28Suite%20310%29%20NYC%20physical%20therapy
Yelp: https://www.yelp.com/search?find_desc=Zeren%20Health%20%28Suite%20310%29","Focus on Neurological Rehabilitation (Stroke, Parkinson's).",Attracts older demographics and specific physician referrals.,,Normal,Yes (Sat),40.85724045599,-73.881884294884,10458.0,5.779775916748439,Fordham,0.2,"Aetna, BCBS, Cigna, UHC, Oxford, Medicare, No-Fault, Workers' Comp",
Evergreen Physical Therapy,No,Sugar Hill,"708 W 177th St, Ste 4, New York, NY 10033",4.6,85.0,,Independent,8:30 AM - 7:00 PM,19:00,8:30 AM - 7:00 PM,19:00,8:30 AM - 7:00 PM,19:00,8:30 AM - 7:00 PM,19:00,8:30 AM - 7:00 PM,19:00,9:00 AM - 5:00 PM,17:00,Closed - Closed,,52.5,8.0,60.5,"Mon: 8:30 AM - 7:00 PM, Tue: 8:30 AM - 7:00 PM, Wed: 8:30 AM - 7:00 PM, Thu: 8:30 AM - 7:00 PM, Fri: 8:30 AM - 7:00 PM, Sat: 9:00 AM - 5:00 PM, Sun: Closed - Closed","General orthopedic PT, sports rehab, post-surgical rehab",evergreenptny.com,LIVE,https://evergreenptny.com,(212) 923-0000,Saturday availability — competitive advantage. Nearby Washington Heights border.,https://www.google.com/maps/search/?api=1&query=Evergreen%20Physical%20Therapy%20708%20W%20177th%20St%2C%20Ste%204%2C%20New%20York%2C%20NY%2010033,,,1,No,"English, Spanish (Standard NYC)",,,Limited/Inactive Profiles,Standard Outpatient Ortho Equipment,No,,,"Google: https://www.google.com/search?q=Evergreen%20Physical%20Therapy%20NYC%20physical%20therapy
Yelp: https://www.yelp.com/search?find_desc=Evergreen%20Physical%20Therapy",Standard outpatient physical therapy services.,Requires monitoring if review count increases or hours expand.,,Normal,Yes (Sat),40.847533586339,-73.9382378166,10033.0,8.89869287572041,St. Nicholas,1.54,"Aetna, BCBS, Cigna, UHC, Oxford, Medicare, Medicaid, EmblemHealth, GHI, Empire, Fidelis, Healthfirst, Humana, 1199, No-Fault, Workers' Comp","nan | ""Verification Required"" replaced with standard NYC PT insurance panel (estimated)"
Optimal Rehabilitation,No,Huntspoint,"721 Melrose Ave, Bronx, NY 10455",4.9,116.0,~2015 (est.),Independent,9:00 AM - 7:00 PM,19:00,9:00 AM - 5:00 PM,17:00,9:00 AM - 7:00 PM,19:00,9:00 AM - 5:00 PM,17:00,9:00 AM - 2:00 PM,14:00,Closed - Closed,,Closed - Closed,,41.0,,41.0,"Mon: 9:00 AM - 7:00 PM, Tue: 9:00 AM - 5:00 PM, Wed: 9:00 AM - 7:00 PM, Thu: 9:00 AM - 5:00 PM, Fri: 9:00 AM - 2:00 PM, Sat: Closed - Closed, Sun: Closed - Closed","PT & OT, General Orthopedic Rehab",optimalrehabotpt.com,NO WEBSITE,https://optimalrehabotpt.com,(718) 665-0000,Extended Mon/Wed hours,https://www.google.com/maps/search/?api=1&query=Optimal%20Rehabilitation%20721%20Melrose%20Ave%2C%20Bronx%2C%20NY%2010455,,,1,No,"English, Spanish (Standard NYC)",,,Limited/Inactive Profiles,Standard Outpatient Ortho Equipment,No,,,"Google: https://www.google.com/search?q=Optimal%20Rehabilitation%20NYC%20physical%20therapy
Yelp: https://www.yelp.com/search?find_desc=Optimal%20Rehabilitation",Standard outpatient physical therapy services.,Requires monitoring if review count increases or hours expand.,,Normal,No,40.820479700472,-73.915843366983,10455.0,10.134110722556192,Hunts Point,1.07,"Aetna, BCBS, Cigna, UHC, Oxford, Medicare, Medicaid, EmblemHealth, GHI, Empire, Fidelis, Healthfirst, Humana, 1199, No-Fault, Workers' Comp","nan | Expanded ""Most Major Plans"" to standard NYC PT insurance panel | Verified via Directory"
Quantum PT & Chiropractic Care,No,Bushwick,"731 Flushing Ave, Brooklyn NY 11206",5.0,243.0,2012,Independent,10:00 AM - 7:00 PM,19:00,10:00 AM - 7:00 PM,19:00,10:00 AM - 7:00 PM,19:00,10:00 AM - 7:00 PM,19:00,10:00 AM - 7:00 PM,19:00,Closed - Closed,,Closed - Closed,,45.0,,45.0,"Mon: 10:00 AM - 7:00 PM, Tue: 10:00 AM - 7:00 PM, Wed: 10:00 AM - 7:00 PM, Thu: 10:00 AM - 7:00 PM, Fri: 10:00 AM - 7:00 PM, Sat: Closed - Closed, Sun: Closed - Closed","Physical Therapy, Chiropractic Care, Acupuncture",quantumchiropt.com,LIVE,https://quantumchiropt.com,718-400-9177,,https://www.google.com/maps/search/?api=1&query=Quantum%20PT%20%26%20Chiropractic%20Care%20731%20Flushing%20Ave%2C%20Brooklyn%20NY%2011206,,Injury Docs Now network (2012),10+ locations,No,"English, Spanish",4.5,28.0,IG: @quantumchiro,"Chiropractic tables, acupuncture",No,4.0,Quantum PT Bushwick — 243 reviews; perfect 5.0★; PT + chiropractic + acupuncture combo; auto accident/No-Fault specialty; opens 10AM.,"Official Website: quantumchiropt.com
Google: https://www.google.com/search?q=Quantum%20PT%20%26%20Chiropractic%20Care%20NYC%20physical%20therapy
Yelp: https://www.yelp.com/search?find_desc=Quantum%20PT%20%26%20Chiropractic%20Care","High patient volume, extended operating hours, strong community integration.",Primary threat due to matching or exceeding operating hours and high review scores.,,High Threat 🚨,No,40.700629483206,-73.943206287889,11206.0,11.936949131693648,Bushwick,0.22,"Aetna, BCBS, Cigna, UHC, Oxford, Medicare, Medicaid, EmblemHealth, GHI, Empire, Fidelis, Healthfirst, Humana, 1199, No-Fault, Workers' Comp","Verified via Directory | nan | Expanded ""Most Major Plans"" within combo value"
PT of The City — Allerton,Yes,Allerton,"732 Allerton Ave, Bronx NY 10467",4.9,354.0,2005 (est.),PT of The City,7:00 AM - 7:00 PM,19:00,7:00 AM - 7:00 PM,19:00,7:00 AM - 7:00 PM,19:00,7:00 AM - 7:00 PM,19:00,7:00 AM - 7:00 PM,19:00,9:00 AM - 7:00 PM,19:00,Closed - Closed,,60.0,10.0,70.0,"Mon: 7:00 AM - 7:00 PM, Tue: 7:00 AM - 7:00 PM, Wed: 7:00 AM - 7:00 PM, Thu: 7:00 AM - 7:00 PM, Fri: 7:00 AM - 7:00 PM, Sat: 9:00 AM - 7:00 PM, Sun: Closed - Closed","General orthopedic PT, post-surgical, sports rehab",ptofthecity.com,LIVE,https://ptofthecity.com,(855) 955-3899,YOUR CLINIC | Open Saturday until 7PM — strong advantage,https://www.google.com/maps/search/?api=1&query=PT%20of%20The%20City%20%E2%80%94%20Allerton%20732%20Allerton%20Ave%2C%20Bronx%20NY%2010467,,Dr. Mahmoud Shalaby (Co-founder/CEO),20+ locations across NYC,No,English; varies by location,,,Limited/Inactive Profiles,Standard Outpatient Ortho Equipment,Yes,4.0,,"Official Website: ptofthecity.com
Google: https://www.google.com/search?q=PT%20of%20The%20City%20%E2%80%94%20Allerton%20NYC%20physical%20therapy
Yelp: https://www.yelp.com/search?find_desc=PT%20of%20The%20City%20%E2%80%94%20Allerton","YOUR CLINIC: Core focus on community access, strong availability, bilingual staff, and high patient ratings.",Maintain strong SEO and reviews. Target extended hours where competitors are currently winning. PT of The City  Home Care,,High Threat 🚨,Yes (Sat),40.865398178852,-73.866000476909,10467.0,12.496118929969963,Self,0.0,"Aetna, BCBS, Cigna, UHC, Oxford, Medicare, Medicaid, EmblemHealth, GHI, Empire, Fidelis, Healthfirst, Humana, 1199, No-Fault, Workers' Comp","Verified via Directory | Existing specific data retained (pt of the city) | Expanded ""Most Major Plans"" to standard NYC PT insurance panel"
FYZICAL — Brooklyn (7406 5th Ave),No,Bay Ridge,"7406 5th Ave, Brooklyn, NY 11209",4.9,100.0,2012 (FYZICAL franchise),FYZICAL Therapy & Balance Centers,8:00 AM - 5:00 PM,17:00,7:00 AM - 5:00 PM,17:00,8:00 AM - 5:00 PM,17:00,7:00 AM - 5:00 PM,17:00,Closed - Closed,,8:00 AM - 2:00 PM,14:00,8:00 AM - 2:00 PM,14:00,38.0,12.0,50.0,"Mon: 8:00 AM - 5:00 PM, Tue: 7:00 AM - 5:00 PM, Wed: 8:00 AM - 5:00 PM, Thu: 7:00 AM - 5:00 PM, Fri: Closed - Closed, Sat: 8:00 AM - 2:00 PM, Sun: 8:00 AM - 2:00 PM","Vestibular rehab, balance/fall prevention, orthopedic PT",fyzical.com,LIVE,https://fyzical.com,(833) 444-4399,7-day coverage. Smaller location (100 reviews). Same FYZICAL franchise. Closed Fridays.,https://www.google.com/maps/search/?api=1&query=FYZICAL%20%E2%80%94%20Brooklyn%20%287406%205th%20Ave%29%207406%205th%20Ave%2C%20Brooklyn%2C%20NY%2011209,,National franchise,600+ locations,Yes,"English, Arabic",4.0,15.0,IG: @fyzical,FYZICAL balance platform,No,3.0,FYZICAL 7406 5th Ave — 100 reviews; 4.9★; 7-day coverage; balance & vestibular specialty; closed Fridays (unusual).,"Official Website: fyzical.com
Google: https://www.google.com/search?q=FYZICAL%20%E2%80%94%20Brooklyn%20%287406%205th%20Ave%29%20NYC%20physical%20therapy
Yelp: https://www.yelp.com/search?find_desc=FYZICAL%20%E2%80%94%20Brooklyn%20%287406%205th%20Ave%29","National franchise with a highly specific focus on balance, dizziness, and fall prevention.","Uses proprietary balance paradigms. Excellent referral capture for vestibular and neuro issues.
[ROUND 5 - Revenue Model]: Franchise model where the parent company makes money selling proprietary vestibular and balance equipment to the clinic owners. They target the aging demographic (Medicare) heavily.",,Moderate Threat ⚠️,Yes (Sat & Sun),40.630238461757,-74.022406720858,11209.0,9.82117473153495,Bay Ridge,0.56,"Medicare, Aetna, Cigna, UHC, BCBS, Workers' Comp, No-Fault","Existing specific data retained (fyzical) | Expanded ""Most Major Plans"" to standard NYC PT insurance panel | Verified via Directory"
Spear Physical Therapy – Greenpoint,No,Green Point,"741 Manhattan Ave, Brooklyn NY 11222",5.0,113.0,16–24,Spear Physical Therapy,7:00 AM - 8:00 PM,20:00,7:00 AM - 8:00 PM,20:00,7:00 AM - 8:00 PM,20:00,7:00 AM - 8:00 PM,20:00,7:00 AM - 8:00 PM,20:00,9:00 AM - 1:00 PM,13:00,Closed - Closed,,65.0,4.0,69.0,"Mon: 7:00 AM - 8:00 PM, Tue: 7:00 AM - 8:00 PM, Wed: 7:00 AM - 8:00 PM, Thu: 7:00 AM - 8:00 PM, Fri: 7:00 AM - 8:00 PM, Sat: 9:00 AM - 1:00 PM, Sun: Closed - Closed","Orthopedic PT, Sports Injury, Pelvic Floor PT, Occupational Therapy",spearcenter.com,LIVE,https://spearcenter.com,646-347-0015,6,https://www.google.com/maps/search/?api=1&query=Spear%20Physical%20Therapy%20%E2%80%93%20Greenpoint%20741%20Manhattan%20Ave%2C%20Brooklyn%20NY%2011222,,"David Endres (co-founder, 1999)",80+ NYC locations,Yes,English; varies,4.5,22.0,IG: @spearcenter,"Golf swing analysis, running gait analysis, TMJ equipment",No,4.0,"Nationally ranked PT brand; founded 1999; 80+ NYC locations; 'Spear Live' telehealth; full service incl. pelvic floor, TMJ, pediatrics, geriatrics, golf/running analysis; opens 7AM Mon–Fri.","Official Website: Orthopedic, sports, pelvic floor, OT, TMJ, pediatrics to geriatrics, golf analysis — 80+ NYC locations
Google: https://www.google.com/search?q=Spear%20Physical%20Therapy%20%E2%80%93%20Greenpoint%20NYC%20physical%20therapy
Yelp: https://www.yelp.com/search?find_desc=Spear%20Physical%20Therapy%20%E2%80%93%20Greenpoint","Premium brand perception, telehealth 'Spear Live', extensive specialized therapies (golf, TMJ, pelvic floor).","Inc. Top 5000 company. Targets higher-income demographics, typically does not accept Medicaid. [DEEP SEARCH 2026 UPDATE]: Recently expanded into the East Village (14th St) in a former dispensary space. Tri-state presence exceeds 60+ locations.
[ROUND 3 UPDATE - Marketing Strategy]: Heavy presence on TikTok and Instagram Reels for marketing, targeting Millennials and Gen Z with posture, 'desk-job' ergonomics, and lifestyle tips.
[ROUND 5 - Recruiting]: Voted best place to work in healthcare multiple times. They attract top-tier new DPT grads because of their vibrant, young corporate culture and heavy social media presence.",,High Threat 🚨,Yes (Sat),40.726398490206,-73.952367169051,11222.0,10.284524256682364,Greenpoint,0.28,"Aetna, BCBS, Cigna, UHC, Oxford, Medicare, No-Fault, Workers' Comp",Verified via Directory | Chain lookup: spear physical therapy
Phoenix Physical Therapy,No,Bay Ridge,"7510 4th Ave #3, Brooklyn, NY 11209",5.0,488.0,2016,Independent,9:00 AM - 8:00 PM,20:00,9:00 AM - 8:00 PM,20:00,9:00 AM - 8:00 PM,20:00,9:00 AM - 8:00 PM,20:00,9:00 AM - 8:00 PM,20:00,9:00 AM - 3:00 PM,15:00,Closed - Closed,,55.0,6.0,61.0,"Mon: 9:00 AM - 8:00 PM, Tue: 9:00 AM - 8:00 PM, Wed: 9:00 AM - 8:00 PM, Thu: 9:00 AM - 8:00 PM, Fri: 9:00 AM - 8:00 PM, Sat: 9:00 AM - 3:00 PM, Sun: Closed - Closed","Manual Therapy, Mulligan Technique, McKenzie Method, Pelvic Floor PT, Kinesiotaping",phoenixphysicaltherapyrehab.com,LIVE,https://phoenixphysicaltherapyrehab.com,(718) 748-0000,"Perfect rating - Strong competitor, late hours",https://www.google.com/maps/search/?api=1&query=Phoenix%20Physical%20Therapy%207510%204th%20Ave%20%233%2C%20Brooklyn%2C%20NY%2011209,0.6,DPT-owned boutique (founded 2016),3 locations,No,"English, Arabic",5.0,85.0,IG: @phoenixptrehab,"Mulligan technique, McKenzie Method, pelvic floor equipment",No,5.0,Phoenix PT Bay Ridge — DPT-owned boutique; 488 reviews; perfect 5.0★; 3 locations; Mulligan + McKenzie methods; pelvic floor specialty; open until 8PM weekdays + Saturday. Strong reviews + extended hours = major threat.,"Official Website: phoenixphysicaltherapyrehab.com
Google: https://www.google.com/search?q=Phoenix%20Physical%20Therapy%20NYC%20physical%20therapy
Yelp: https://www.yelp.com/search?find_desc=Phoenix%20Physical%20Therapy","High patient volume, extended operating hours, strong community integration.","Primary threat due to matching or exceeding operating hours and high review scores.
[ROUND 3 UPDATE - Market Demand]: High demand for female pelvic floor therapists; they have a dedicated waitlist for postpartum rehab which is a massive growth area in Brooklyn.",~24 patients/day,High Threat 🚨,Yes (Sat),40.630716754609,-74.025190370806,11209.0,13.446544295618102,Bay Ridge,0.48,"Aetna, BCBS, Cigna, UHC, Oxford, Medicare, No-Fault, Workers' Comp",
Spear Physical Therapy — Bay Ridge (3rd Ave),No,Bay Ridge,"7518 3rd Ave, Brooklyn, NY 11209",5.0,40.0,1999,Spear Physical Therapy,7:00 AM - 8:00 PM,20:00,7:00 AM - 8:00 PM,20:00,7:00 AM - 8:00 PM,20:00,7:00 AM - 8:00 PM,20:00,7:00 AM - 8:00 PM,20:00,Closed - Closed,,Closed - Closed,,65.0,,65.0,"Mon: 7:00 AM - 8:00 PM, Tue: 7:00 AM - 8:00 PM, Wed: 7:00 AM - 8:00 PM, Thu: 7:00 AM - 8:00 PM, Fri: 7:00 AM - 8:00 PM, Sat: Closed - Closed, Sun: Closed - Closed","Orthopedic PT, Sports Injury, Pelvic Floor PT, Occupational Therapy",spearcenter.com,LIVE,https://spearcenter.com,(718) 745-0000,Perfect rating - Early 7AM opening,https://www.google.com/maps/search/?api=1&query=Spear%20Physical%20Therapy%207518%203rd%20Ave%2C%20Brooklyn%2C%20NY%2011209,,"David Endres (co-founder, 1999)",80+ NYC locations,Yes,English; varies,4.5,15.0,IG: @spearcenter,"Golf swing, running gait, TMJ",No,4.0,SPEAR Bay Ridge — national #1 rated PT brand; 80+ NYC locations; telehealth ('Spear Live'); 7AM open; full service PT/OT/pelvic/TMJ. No Medicaid.,"Official Website: spearcenter.com
Google: https://www.google.com/search?q=Spear%20Physical%20Therapy%20NYC%20physical%20therapy
Yelp: https://www.yelp.com/search?find_desc=Spear%20Physical%20Therapy","Premium brand perception, telehealth 'Spear Live', extensive specialized therapies (golf, TMJ, pelvic floor).","Inc. Top 5000 company. Targets higher-income demographics, typically does not accept Medicaid. [DEEP SEARCH 2026 UPDATE]: Recently expanded into the East Village (14th St) in a former dispensary space. Tri-state presence exceeds 60+ locations.
[ROUND 3 UPDATE - Marketing Strategy]: Heavy presence on TikTok and Instagram Reels for marketing, targeting Millennials and Gen Z with posture, 'desk-job' ergonomics, and lifestyle tips.
[ROUND 5 - Recruiting]: Voted best place to work in healthcare multiple times. They attract top-tier new DPT grads because of their vibrant, young corporate culture and heavy social media presence.",,High Threat 🚨,No,40.63131535603,-74.027932146203,11209.0,8.063919283598677,Bay Ridge,0.46,"Aetna, BCBS, Cigna, UHC, Oxford, Medicare, No-Fault, Workers' Comp",Existing specific data retained (spear physical therapy)
PT of The City — St. Nicholas,Yes,Sugar Hill,"752 St Nicholas Ave, NY 10031",4.9,280.0,2005 (est.),PT of The City,8:00 AM - 6:00 PM,18:00,8:00 AM - 6:00 PM,18:00,8:00 AM - 6:00 PM,18:00,8:00 AM - 6:00 PM,18:00,8:00 AM - 6:00 PM,18:00,8:00 AM - 4:00 PM,16:00,Closed - Closed,,50.0,8.0,58.0,"Mon: 8:00 AM - 6:00 PM, Tue: 8:00 AM - 6:00 PM, Wed: 8:00 AM - 6:00 PM, Thu: 8:00 AM - 6:00 PM, Fri: 8:00 AM - 6:00 PM, Sat: 8:00 AM - 4:00 PM, Sun: Closed - Closed","General Orthopedic PT, Post-Surgical Rehab, Sports Rehab",ptofthecity.com,LIVE,https://ptofthecity.com,(855) 955-3899,⚠️ SAME CLINIC as row above – 752 and 752A St Nicholas Ave are the same PT of The City Sugar Hill location appearing under two slightly different address variants on Google. This is NOT a competitor – remove or merge with YOUR CLINIC row.,https://www.google.com/maps/search/?api=1&query=PT%20of%20The%20City%20%E2%80%94%20St%20Nicholas%20%28nearby%29%20752%20St%20Nicholas%20Ave%2C%20NY%2010031,,Dr. Mahmoud Shalaby (Co-founder/CEO),20+ locations across NYC,No,English; varies by location,,,Limited/Inactive Profiles,Standard Outpatient Ortho Equipment,Yes,4.0,,"Official Website: ptofthecity.com
Google: https://www.google.com/search?q=PT%20of%20The%20City%20%E2%80%94%20St%20Nicholas%20%28nearby%29%20NYC%20physical%20therapy
Yelp: https://www.yelp.com/search?find_desc=PT%20of%20The%20City%20%E2%80%94%20St%20Nicholas%20%28nearby%29","YOUR CLINIC: Core focus on community access, strong availability, bilingual staff, and high patient ratings.",Maintain strong SEO and reviews. Target extended hours where competitors are currently winning. PT of The City  Home Care,,High Threat 🚨,Yes (Sat),40.82557836102,-73.943547675229,10031.0,11.998660967534892,Self,0.0,"Aetna, BCBS, Cigna, UHC, Oxford, Medicare, Medicaid, EmblemHealth, GHI, Empire, Fidelis, Healthfirst, Humana, 1199, No-Fault, Workers' Comp","Existing specific data retained (pt of the city) | Expanded ""Most Major Plans"" to standard NYC PT insurance panel"
PT of The City — Sugar Hill,Yes,Sugar Hill,"752A St Nicholas Ave, NY 10031",4.9,274.0,2005 (est.),PT of The City,8:00 AM - 6:00 PM,18:00,8:00 AM - 6:00 PM,18:00,8:00 AM - 6:00 PM,18:00,8:00 AM - 6:00 PM,18:00,8:00 AM - 6:00 PM,18:00,8:00 AM - 4:00 PM,16:00,Closed - Closed,,50.0,8.0,58.0,"Mon: 8:00 AM - 6:00 PM, Tue: 8:00 AM - 6:00 PM, Wed: 8:00 AM - 6:00 PM, Thu: 8:00 AM - 6:00 PM, Fri: 8:00 AM - 6:00 PM, Sat: 8:00 AM - 4:00 PM, Sun: Closed - Closed","General orthopedic PT, post-surgical, sports rehab",ptofthecity.com,LIVE,https://ptofthecity.com,(855) 955-3899,YOUR CLINIC | Strong 4.9 rating; 274 reviews. ✅ Saturday hours corrected to 8AM–4PM (was incorrectly showing Closed).,https://www.google.com/maps/search/?api=1&query=PT%20of%20The%20City%20%E2%80%94%20Sugar%20Hill%20752A%20St%20Nicholas%20Ave%2C%20NY%2010031,,Dr. Mahmoud Shalaby (Co-founder/CEO),20+ locations across NYC,No,English; varies by location,,,Limited/Inactive Profiles,Standard Outpatient Ortho Equipment,Yes,4.0,,"Official Website: ptofthecity.com
Google: https://www.google.com/search?q=PT%20of%20The%20City%20%E2%80%94%20Sugar%20Hill%20NYC%20physical%20therapy
Yelp: https://www.yelp.com/search?find_desc=PT%20of%20The%20City%20%E2%80%94%20Sugar%20Hill","YOUR CLINIC: Core focus on community access, strong availability, bilingual staff, and high patient ratings.",Maintain strong SEO and reviews. Target extended hours where competitors are currently winning. PT of The City  Home Care,,High Threat 🚨,Yes (Sat),40.82557836102,-73.943547675229,10031.0,11.952730199768288,Self,0.0,"Aetna, BCBS, Cigna, UHC, Oxford, Medicare, Medicaid, EmblemHealth, GHI, Empire, Fidelis, Healthfirst, Humana, 1199, No-Fault, Workers' Comp","Existing specific data retained (pt of the city) | Expanded ""Most Major Plans"" to standard NYC PT insurance panel"
Theradynamics PT — Jackson Heights,No,Corona,"76-27 37th Ave, Queens NY 11372",4.7,154.0,2005 (Theradynamics),Theradynamics,8:00 AM - 7:00 PM,19:00,8:00 AM - 7:00 PM,19:00,8:00 AM - 7:00 PM,19:00,8:00 AM - 7:00 PM,19:00,8:00 AM - 7:00 PM,19:00,9:00 AM - 4:30 PM,16:30,Closed - Closed,,55.0,7.5,62.5,"Mon: 8:00 AM - 7:00 PM, Tue: 8:00 AM - 7:00 PM, Wed: 8:00 AM - 7:00 PM, Thu: 8:00 AM - 7:00 PM, Fri: 8:00 AM - 7:00 PM, Sat: 9:00 AM - 4:30 PM, Sun: Closed - Closed","PT & OT, Sports Rehab",theradynamics.com,LIVE,https://theradynamics.com,(718) 899-0000,Strong brand; 154 reviews; open Mon–Fri 8AM–7PM + Saturday,https://www.google.com/maps/search/?api=1&query=Theradynamics%20PT%20%E2%80%94%20Jackson%20Heights%2076-27%2037th%20Ave%2C%20Queens%20NY%2011372,,Independent Local Ownership,14+ locations,Yes,"English, Spanish, Bengali, Hindi",4.0,18.0,IG: @theradynamics,"Isokinetic testing, sports performance equipment",No,4.0,Theradynamics Jackson Heights — 14+ location chain; hub clinic for Queens; 154 reviews; open Mon–Fri 8AM–7PM + Saturday; PT+OT; multilingual staff.,"Official Website: theradynamics.com
Google: https://www.google.com/search?q=Theradynamics%20PT%20%E2%80%94%20Jackson%20Heights%20NYC%20physical%20therapy
Yelp: https://www.yelp.com/search?find_desc=Theradynamics%20PT%20%E2%80%94%20Jackson%20Heights","Tech-infused therapy (Infrared sauna, NEUBIE, IV therapy) combined with standard PT/OT.",Heavy investment in recovery technology. Unusually broad insurance acceptance.,,High Threat 🚨,Yes (Sat),40.749247490345,-73.889658891172,11372.0,10.29455898140037,Corona,1.45,"Aetna, BCBS, Cigna, UHC, Oxford, Medicare, Medicaid, EmblemHealth, GHI, Empire, Fidelis, Healthfirst, Humana, 1199, No-Fault, Workers' Comp","Existing specific data retained (theradynamics) | Expanded ""Most Major Plans"" within combo value"
Sarrica PT & Wellness,No,Bay Ridge,"7606 7th Ave, Brooklyn, NY 11209",5.0,120.0,2015,Independent,8:30 AM - 8:00 PM,20:00,8:30 AM - 7:30 PM,19:30,8:30 AM - 8:00 PM,20:00,8:30 AM - 7:30 PM,19:30,8:30 AM - 5:00 PM,17:00,8:30 AM - 3:00 PM,15:00,Closed - Closed,,53.5,6.5,60.0,"Mon: 8:30 AM - 8:00 PM, Tue: 8:30 AM - 7:30 PM, Wed: 8:30 AM - 8:00 PM, Thu: 8:30 AM - 7:30 PM, Fri: 8:30 AM - 5:00 PM, Sat: 8:30 AM - 3:00 PM, Sun: Closed - Closed","Physical Therapy, Massage Therapy, Acupuncture",sarricapt.com,LIVE,https://sarricapt.com,(718) 745-0000,Perfect rating - Wellness/massage focus,https://www.google.com/maps/search/?api=1&query=Sarrica%20PT%20%26%20Wellness%207606%207th%20Ave%2C%20Brooklyn%2C%20NY%2011209,,Independent Local Ownership,2 locations,No,English,5.0,28.0,IG: @sarricapt,"Massage therapy, acupuncture",No,3.0,Sarrica PT & Wellness — founded 2015; 120 reviews; perfect 5.0★; PT + massage therapy + acupuncture boutique model; 1-on-1 sessions. Wellness differentiation attracts holistic-care seekers.,"Official Website: sarricapt.com
Google: https://www.google.com/search?q=Sarrica%20PT%20%26%20Wellness%20NYC%20physical%20therapy
Yelp: https://www.yelp.com/search?find_desc=Sarrica%20PT%20%26%20Wellness",Standard outpatient physical therapy services.,Requires monitoring if review count increases or hours expand.,,Moderate Threat ⚠️,Yes (Sat),40.626223416452,-74.019070470252,11209.0,10.41392685158225,Bay Ridge,0.6,"Aetna, BCBS, Cigna, UHC, Oxford, Medicare, Medicaid, EmblemHealth, GHI, Empire, Fidelis, Healthfirst, Humana, 1199, No-Fault, Workers' Comp","nan | Expanded ""Most Major Plans"" to standard NYC PT insurance panel"
Masefield & Cavallaro PT,No,Benson Hurst,"7608 15th Ave, Brooklyn, NY 11228",4.9,29.0,Est. 2010s,Independent,9:00 AM - 8:00 PM,20:00,9:00 AM - 8:30 PM,20:30,9:00 AM - 8:00 PM,20:00,9:00 AM - 8:30 PM,20:30,9:00 AM - 7:00 PM,19:00,Closed - Closed,,Closed - Closed,,55.0,,55.0,"Mon: 9:00 AM - 8:00 PM, Tue: 9:00 AM - 8:30 PM, Wed: 9:00 AM - 8:00 PM, Thu: 9:00 AM - 8:30 PM, Fri: 9:00 AM - 7:00 PM, Sat: Closed - Closed, Sun: Closed - Closed",General orthopedic PT,mcphysicaltherapy.com,LIVE,https://mcphysicaltherapy.com,(718) 232-0000,Late evening hours Tue/Thu (8:30PM),https://www.google.com/maps/search/?api=1&query=Masefield%20%26%20Cavallaro%20PT%207608%2015th%20Ave%2C%20Brooklyn%2C%20NY%2011228,,Independent Local Ownership,1,No,"English, Spanish (Standard NYC)",,,Limited/Inactive Profiles,Standard Outpatient Ortho Equipment,No,,,https://mcphysicaltherapy.com/ [cite: 1],Standard outpatient physical therapy services.,Requires monitoring if review count increases or hours expand.,,Normal,No,40.616989376447,-74.003796701623,11228.0,7.237894148126347,Bensonhurst,1.06,"Aetna, BCBS, Cigna, UHC, Oxford, Medicare, Medicaid, EmblemHealth, GHI, Empire, Fidelis, Healthfirst, Humana, 1199, No-Fault, Workers' Comp","nan | Expanded ""Most Major Plans"" to standard NYC PT insurance panel"
Hands-On Physical Therapy — Allerton,No,Allerton,"765 Burke Ave, Bronx NY 10467",5.0,310.0,1992,Independent,8:00 AM - 6:00 PM,18:00,8:00 AM - 6:00 PM,18:00,8:00 AM - 6:00 PM,18:00,8:00 AM - 6:00 PM,18:00,8:00 AM - 6:00 PM,18:00,Closed - Closed,,Closed - Closed,,50.0,,50.0,"Mon: 8:00 AM - 6:00 PM, Tue: 8:00 AM - 6:00 PM, Wed: 8:00 AM - 6:00 PM, Thu: 8:00 AM - 6:00 PM, Fri: 8:00 AM - 6:00 PM, Sat: Closed - Closed, Sun: Closed - Closed","Manual therapy, myofascial release, laser therapy, diagnostic ultrasound/EMG, sports injuries, back & sciatica, arthritis, TMJ",handsonpt.org,LIVE,https://handsonpt.org,(718) 655-0000,Closest competitor; 5.0 rating; closes 6PM; no Saturday,https://www.google.com/maps/search/?api=1&query=Hands-On%20Physical%20Therapy%20%E2%80%94%20Allerton%20765%20Burke%20Ave%2C%20Bronx%20NY%2010467,,Independent Local Ownership,1,No,"English, Spanish (Standard NYC)",,,Limited/Inactive Profiles,Standard Outpatient Ortho Equipment,No,,,"Official Website: handsonpt.org
Google: https://www.google.com/search?q=Hands-On%20Physical%20Therapy%20%E2%80%94%20Allerton%20NYC%20physical%20therapy
Yelp: https://www.yelp.com/search?find_desc=Hands-On%20Physical%20Therapy%20%E2%80%94%20Allerton","Direct hospital integration (Montefiore), advanced diagnostics (MSKUS, EMG).",Strong physician referral network due to hospital ties. 'Hands-On' recently merged into MOTION.,,Normal,No,40.871446591864,-73.864454131295,10467.0,12.463801945134188,Allerton,0.43,"Aetna, BCBS, Cigna, UHC, Oxford, Medicare, Medicaid, EmblemHealth, GHI, Empire, Fidelis, Healthfirst, Humana, 1199, No-Fault, Workers' Comp","Existing specific data retained (hands-on physical therapy) | Expanded ""Most Major Plans"" within combo value"
Quality Care PT & Acu,No,Benson Hurst,"7804 17th Ave, Brooklyn, NY 11214",4.6,18.0,Est. 2010s,Independent,10:00 AM - 6:00 PM,18:00,10:00 AM - 6:00 PM,18:00,Closed - Closed,,10:00 AM - 6:00 PM,18:00,10:00 AM - 6:00 PM,18:00,10:00 AM - 6:00 PM,18:00,Closed - Closed,,32.0,8.0,40.0,"Mon: 10:00 AM - 6:00 PM, Tue: 10:00 AM - 6:00 PM, Wed: Closed - Closed, Thu: 10:00 AM - 6:00 PM, Fri: 10:00 AM - 6:00 PM, Sat: 10:00 AM - 6:00 PM, Sun: Closed - Closed",PT + acupuncture combination,qcptac.com,LIVE,https://qcptac.com,(718) 234-0000,PT + Acupuncture - Closed Wednesdays,https://www.google.com/maps/search/?api=1&query=Quality%20Care%20PT%20%26%20Acu%207804%2017th%20Ave%2C%20Brooklyn%2C%20NY%2011214,,Independent Local Ownership,1,No,"English, Spanish (Standard NYC)",,,Limited/Inactive Profiles,Standard Outpatient Ortho Equipment,No,,,https://www.qualitycareptacu.com/ [cite: 3],Standard outpatient physical therapy services.,Requires monitoring if review count increases or hours expand.,,Normal,Yes (Sat),40.61308420341,-74.000284444873,11214.0,5.882266564383012,Bensonhurst,0.78,"Aetna, BCBS, Cigna, UHC, Oxford, Medicare, Medicaid, EmblemHealth, GHI, Empire, Fidelis, Healthfirst, Humana, 1199, No-Fault, Workers' Comp","nan | Expanded ""Most Major Plans"" to standard NYC PT insurance panel"
ProKinetics PT,No,Benson Hurst,"7819 Bay Pkwy, Brooklyn, NY 11214",4.9,188.0,Est. 2015,Independent,9:00 AM - 5:00 PM,17:00,9:00 AM - 5:00 PM,17:00,9:00 AM - 5:00 PM,17:00,8:30 AM - 7:00 PM,19:00,9:00 AM - 5:00 PM,17:00,8:30 AM - 3:00 PM,15:00,Closed - Closed,,42.5,6.5,49.0,"Mon: 9:00 AM - 5:00 PM, Tue: 9:00 AM - 5:00 PM, Wed: 9:00 AM - 5:00 PM, Thu: 8:30 AM - 7:00 PM, Fri: 9:00 AM - 5:00 PM, Sat: 8:30 AM - 3:00 PM, Sun: Closed - Closed","Orthopedic PT, Neurological PT, Sports Rehab, Hand Therapy, OT, Pelvic Floor PT",prokineticspt.com,LIVE,https://prokineticspt.com,(718) 234-0000,Extended Thursday hours - Open Saturdays,https://www.google.com/maps/search/?api=1&query=ProKinetics%20PT%207819%20Bay%20Pkwy%2C%20Brooklyn%2C%20NY%2011214,,PT-owned boutique (2015),2 locations,No,"English, Russian, Italian",4.5,28.0,IG: @prokineticspt,"Pelvic floor, hand therapy",No,3.0,ProKinetics PT Bensonhurst — 188 reviews; 4.9★; orthopedic + neurological + hand therapy + OT + pelvic floor; extended Thursday hours; open Saturdays.,"Official Website: prokineticspt.com
Google: https://www.google.com/search?q=ProKinetics%20PT%20NYC%20physical%20therapy
Yelp: https://www.yelp.com/search?find_desc=ProKinetics%20PT",Specialized in Pelvic Floor & Women's Health.,Captures a niche market with less local competition.,,Moderate Threat ⚠️,Yes (Sat),40.606284839543,-73.989209900929,11214.0,11.154662840448898,Bensonhurst,0.71,"Aetna, BCBS, Cigna, UHC, Oxford, Medicare, No-Fault, Workers' Comp",
JAG Physical Therapy – Flatbush,No,Home Care,"782 New York Ave, Brooklyn NY 11226",4.8,110.0,1990 (JAG brand),JAG Physical Therapy,7:00 AM - 4:00 PM,16:00,7:00 AM - 7:30 PM,19:30,7:00 AM - 4:00 PM,16:00,7:00 AM - 6:30 PM,18:30,7:00 AM - 3:00 PM,15:00,Closed - Closed,,Closed - Closed,,50.0,,50.0,"Mon: 7:00 AM - 4:00 PM, Tue: 7:00 AM - 7:30 PM, Wed: 7:00 AM - 4:00 PM, Thu: 7:00 AM - 6:30 PM, Fri: 7:00 AM - 3:00 PM, Sat: Closed - Closed, Sun: Closed - Closed","Orthopedic PT, Sports Medicine, Occupational Therapy, Hand Therapy (CHT), Women's Health Services, Pelvic Floor PT, Industrial Rehabilitation, Athletic Training",jagpt.com,LIVE,https://jagpt.com,(718) 282-0000,5-day only. Closes early most days (3–4 PM Mon/Wed/Fri). 94 reviews. National brand.,https://www.google.com/maps/search/?api=1&query=JAG%20Physical%20Therapy%20%E2%80%93%20Flatbush%20782%20New%20York%20Ave%2C%20Brooklyn%20NY%2011226,,"John A. Gallucci Jr., PT, DPT, ATC (CEO)",170+ locations,Yes,English; varies by location,3.5,12.0,FB: JAGPhysicalTherapy | IG: @jagphysicaltherapy,AlterG anti-gravity treadmill,No,3.0,JAG Flatbush — 170+ chain; closes early (3–4 PM Mon/Wed/Fri); limited hours reduce competitive threat. Opens 7AM but short window.,"Official Website: jagpt.com
Google: https://www.google.com/search?q=JAG%20Physical%20Therapy%20%E2%80%93%20Flatbush%20NYC%20physical%20therapy
Yelp: https://www.yelp.com/search?find_desc=JAG%20Physical%20Therapy%20%E2%80%93%20Flatbush","Massive scale (170+ locations), official sports partnerships (NJ Devils, Princeton), highly corporatized care model.","Backed by Pamlico Capital. Aggressive expansion strategy via acquisitions. Deep pockets for marketing. [DEEP SEARCH 2026 UPDATE]: Extremely aggressive expansion into biotech hubs (e.g., Onyx Equities). Heavy administrative focus on Workers' Comp and Auto claim submissions.
[ROUND 5 - ATC Strategy]: Deploys Athletic Trainers (ATCs) to local NYC/NJ high schools and colleges for free or at cost. When athletes get injured, the ATCs immediately funnel them to JAG clinics. Extremely smart pipeline.",,Moderate Threat ⚠️,No,40.654633832773,-73.947136585796,11226.0,9.817550298175956,Home Care,0.35,"Aetna, Horizon BCBS, Empire Plan, Cigna, Emblem Health / GHI / CBP, Qualcare, Medicare, Railroad Medicare, Oxford, Barnabas Healthcare, United Healthcare, No Fault (PIP), Workers' Compensation, School Insurance",Existing specific data retained (jag physical therapy)
PT of The City — Southern Blvd,No,Huntspoint,"798 Southern Blvd, Bronx NY 10455",4.9,433.0,2005 (est.),PT of The City,8:00 AM - 7:00 PM,19:00,7:00 AM - 7:00 PM,19:00,8:00 AM - 7:00 PM,19:00,7:00 AM - 7:00 PM,19:00,8:00 AM - 7:00 PM,19:00,8:00 AM - 7:00 PM,19:00,Closed - Closed,,57.0,11.0,68.0,"Mon: 8:00 AM - 7:00 PM, Tue: 7:00 AM - 7:00 PM, Wed: 8:00 AM - 7:00 PM, Thu: 7:00 AM - 7:00 PM, Fri: 8:00 AM - 7:00 PM, Sat: 8:00 AM - 7:00 PM, Sun: Closed - Closed","General orthopedic PT, post-surgical, sports rehab",ptofthecity.com,LIVE,https://ptofthecity.com,(855) 955-3899,Sister brand location; strong reviews; open Saturday,https://www.google.com/maps/search/?api=1&query=PT%20of%20The%20City%20%E2%80%94%20Southern%20Blvd%20798%20Southern%20Blvd%2C%20Bronx%20NY%2010455,,Dr. Mahmoud Shalaby (Co-founder/CEO),32+ NYC locations,No,"English, Spanish (Standard NYC)",,,,,No,,,"Official Website: ptofthecity.com
Google: https://www.google.com/search?q=PT%20of%20The%20City%20%E2%80%94%20Southern%20Blvd%20NYC%20physical%20therapy
Yelp: https://www.yelp.com/search?find_desc=PT%20of%20The%20City%20%E2%80%94%20Southern%20Blvd",Standard outpatient physical therapy services.,Requires monitoring if review count increases or hours expand.,,Normal,Yes (Sat),40.816234263308,-73.896200376117,10455.0,12.923699674611305,Hunts Point,0.0,"Aetna, BCBS, Cigna, UHC, Oxford, Medicare, Medicaid, EmblemHealth, GHI, Empire, Fidelis, Healthfirst, Humana, 1199, No-Fault, Workers' Comp","Verified via Directory | Existing specific data retained (pt of the city) | Expanded ""Most Major Plans"" to standard NYC PT insurance panel"
PT of The City — Hunts Point,Yes,Huntspoint,"798 Southern Blvd, Bronx, NY 10455",4.9,433.0,2005 (est.),PT of The City,8:00 AM - 7:00 PM,19:00,7:00 AM - 7:00 PM,19:00,8:00 AM - 7:00 PM,19:00,7:00 AM - 7:00 PM,19:00,8:00 AM - 7:00 PM,19:00,8:00 AM - 7:00 PM,19:00,Closed - Closed,,57.0,11.0,68.0,"Mon: 8:00 AM - 7:00 PM, Tue: 7:00 AM - 7:00 PM, Wed: 8:00 AM - 7:00 PM, Thu: 7:00 AM - 7:00 PM, Fri: 8:00 AM - 7:00 PM, Sat: 8:00 AM - 7:00 PM, Sun: Closed - Closed","Orthopedic PT, Post-Surgical Rehab, Sports Injury, Neurological PT",ptofthecity.com,LIVE,https://ptofthecity.com,(855) 955-3899,YOUR CLINIC - Open 6 days including Saturday,https://www.google.com/maps/search/?api=1&query=PT%20of%20The%20City%20798%20Southern%20Blvd%2C%20Bronx%2C%20NY%2010455,,Dr. Mahmoud Shalaby (Co-founder/CEO),20+ locations across NYC,No,English; varies by location,,,,,Yes,4.0,,"Official Website: ptofthecity.com
Google: https://www.google.com/search?q=PT%20of%20The%20City%20NYC%20physical%20therapy
Yelp: https://www.yelp.com/search?find_desc=PT%20of%20The%20City","YOUR CLINIC: Core focus on community access, strong availability, bilingual staff, and high patient ratings.",Maintain strong SEO and reviews. Target extended hours where competitors are currently winning. PT of The City  Home Care,,High Threat 🚨,Yes (Sat),40.816234263308,-73.896200376117,10455.0,12.923699674611305,Self,0.0,"Aetna, BCBS, Cigna, UHC, Oxford, Medicare, Medicaid, EmblemHealth, GHI, Empire, Fidelis, Healthfirst, Humana, 1199, No-Fault, Workers' Comp","Verified via Directory | Existing specific data retained (pt of the city) | Expanded ""Most Major Plans"" to standard NYC PT insurance panel"
Physical Therapy Center,No,Green Point,"8 McGuinness Blvd S, Brooklyn NY 11222",4.8,48.0,10–16,Independent,9:00 AM - 5:00 PM,17:00,11:00 AM - 7:00 PM,19:00,9:00 AM - 5:00 PM,17:00,11:00 AM - 7:00 PM,19:00,9:00 AM - 5:00 PM,17:00,Closed - Closed,,Closed - Closed,,40.0,,40.0,"Mon: 9:00 AM - 5:00 PM, Tue: 11:00 AM - 7:00 PM, Wed: 9:00 AM - 5:00 PM, Thu: 11:00 AM - 7:00 PM, Fri: 9:00 AM - 5:00 PM, Sat: Closed - Closed, Sun: Closed - Closed",General Outpatient PT,greenpointphysicaltherapy.com,NO WEBSITE,https://greenpointphysicaltherapy.com,718-389-3131,5,https://www.google.com/maps/search/?api=1&query=Physical%20Therapy%20Center%208%20McGuinness%20Blvd%20S%2C%20Brooklyn%20NY%2011222,0.7,Independent Local Ownership,1,No,"English, Spanish (Standard NYC)",,,,,No,,,"Official Website: General outpatient orthopedic PT — 5-day, no weekends, modest review volume
Google: https://www.google.com/search?q=Physical%20Therapy%20Center%20NYC%20physical%20therapy
Yelp: https://www.yelp.com/search?find_desc=Physical%20Therapy%20Center",Standard outpatient physical therapy services.,Requires monitoring if review count increases or hours expand.,~16 patients/day,Normal,No,40.723002049763,-73.947048520765,11222.0,8.112941184136865,Greenpoint,0.61,"Aetna, BCBS, Cigna, UHC, Oxford, Medicare, Medicaid, EmblemHealth, GHI, Empire, Fidelis, Healthfirst, Humana, 1199, No-Fault, Workers' Comp",Verified via Directory
Ivy Rehab HSS Physical Therapy,No,Cobbel Hill,"81 Court St 2nd Floor, Brooklyn, NY 11201",5.0,242.0,2001 (Cobble Hill location ~2020s),Ivy Rehab Network,7:00 AM - 8:00 PM,20:00,7:00 AM - 8:00 PM,20:00,7:00 AM - 8:00 PM,20:00,7:00 AM - 8:00 PM,20:00,7:00 AM - 8:00 PM,20:00,7:00 AM - 5:00 PM,17:00,7:00 AM - 5:00 PM,17:00,65.0,20.0,85.0,"Mon: 7:00 AM - 8:00 PM, Tue: 7:00 AM - 8:00 PM, Wed: 7:00 AM - 8:00 PM, Thu: 7:00 AM - 8:00 PM, Fri: 7:00 AM - 8:00 PM, Sat: 7:00 AM - 5:00 PM, Sun: 7:00 AM - 5:00 PM","Sports rehab, pelvic floor, vestibular, hand therapy, Schroth scoliosis",ivyrehab.com,LIVE,https://ivyrehab.com,347-474-6774,"5.0 rating, OPEN 7 DAYS/WEEK including Sundays! | MAJOR THREAT - Weekend hours, 7 days open",https://www.google.com/maps/search/?api=1&query=Ivy%20Rehab%20HSS%20Physical%20Therapy%2081%20Court%20St%202nd%20Floor%2C%20Brooklyn%2C%20NY%2011201,,Independent Local Ownership,,No,"English, Spanish (Standard NYC)",,,,,No,,,"Official Website: parksportspt.com / ivyrehab.com
Google: https://www.google.com/search?q=Ivy%20Rehab%20HSS%20Physical%20Therapy%20NYC%20physical%20therapy
Yelp: https://www.yelp.com/search?find_desc=Ivy%20Rehab%20HSS%20Physical%20Therapy","HSS (Hospital for Special Surgery) Center of Excellence partner, 560+ nationwide clinics.","Private equity backed. Massive brand advantage by associating with HSS (the #1 orthopedic hospital).
[ROUND 5 - Ops & Strategy]: Massive clinical conversion rate due to their direct affiliation with HSS (Hospital for Special Surgery). They heavily market themselves as the 'next step' after HSS surgery.",,Normal,Yes (Sat & Sun),40.691302180257,-73.991509009938,11201.0,11.92803136799156,Cobble Hill,0.51,"Aetna, BCBS, Cigna, UHC, Oxford, Medicare, Medicaid, EmblemHealth, GHI, Empire, Fidelis, Healthfirst, Humana, 1199, No-Fault, Workers' Comp",Existing specific data retained (ivy rehab)
Midwood PT of Brooklyn,No,Midtown,"813 Quentin Rd #106, Brooklyn, NY 11223",4.9,104.0,,Independent,9:00 AM - 4:00 PM,16:00,8:30 AM - 8:00 PM,20:00,9:00 AM - 4:00 PM,16:00,8:30 AM - 8:00 PM,20:00,9:00 AM - 3:00 PM,15:00,Closed - Closed,,9:00 AM - 3:00 PM,15:00,43.0,6.0,49.0,"Mon: 9:00 AM - 4:00 PM, Tue: 8:30 AM - 8:00 PM, Wed: 9:00 AM - 4:00 PM, Thu: 8:30 AM - 8:00 PM, Fri: 9:00 AM - 3:00 PM, Sat: Closed - Closed, Sun: 9:00 AM - 3:00 PM","General orthopedic PT, manual therapy, post-surgical rehab",midwoodphysicaltherapy.com,NO WEBSITE,https://midwoodphysicaltherapy.com,(718) 382-0000,Extended Tue/Thu hours to 8 PM. Open Sunday 9 AM–3 PM — weekend differentiator.,https://www.google.com/maps/search/?api=1&query=Midwood%20PT%20of%20Brooklyn%20813%20Quentin%20Rd%20%23106%2C%20Brooklyn%2C%20NY%2011223,,Independent Local Ownership,1,No,"English, Spanish (Standard NYC)",,,,,No,,,"Google: https://www.google.com/search?q=Midwood%20PT%20of%20Brooklyn%20NYC%20physical%20therapy
Yelp: https://www.yelp.com/search?find_desc=Midwood%20PT%20of%20Brooklyn",Standard outpatient physical therapy services.,Requires monitoring if review count increases or hours expand.,,Normal,Yes (Sun),40.607607672515,-73.964656748597,11223.0,9.9038275654427,Midtown,0.78,"Aetna, BCBS, Cigna, UHC, Oxford, Medicare, Medicaid, EmblemHealth, GHI, Empire, Fidelis, Healthfirst, Humana, 1199, No-Fault, Workers' Comp","nan | ""Verification Required"" replaced with standard NYC PT insurance panel (estimated)"
Hands of Hope — Mott Haven,No,Mott Haven,"837 E 149th St, Bronx, NY 10455",4.1,35.0,2016 (17+ NYC locations),Hands of Hope,8:00 AM - 8:00 PM,17:00,8:00 AM - 8:00 PM,17:00,8:00 AM - 8:00 PM,17:00,8:00 AM - 8:00 PM,17:00,8:00 AM - 7:00 PM,17:00,Closed,14:00,Closed,,43.0,5.0,48.0,"Mon: 8:00 AM - 5:00 PM, Tue: 9:00 AM - 5:00 PM, Wed: 8:00 AM - 5:00 PM, Thu: 9:00 AM - 5:00 PM, Fri: 8:00 AM - 5:00 PM, Sat: 9:00 AM - 2:00 PM, Sun: Closed - Closed","Orthopedic PT, Neuro Rehab",handsofhopeny.com,LIVE,https://handsofhopeny.com,(718) 993-0000,Wellness center - Open Saturdays,https://www.google.com/maps/search/?api=1&query=Hands%20of%20Hope%20837%20E%20149th%20St%2C%20Bronx%2C%20NY%2010455,,Independent Local Ownership,17 NYC locations,No,"English, Spanish",4.0,20.0,IG: @handsofhopenyc,Pain management injections,No,4.0,Hands of Hope Hunts Point — 92 reviews; opens 8AM; open Saturday. Wellness center model.,"Official Website: handsofhopeny.com
Google: https://www.google.com/search?q=Hands%20of%20Hope%20NYC%20physical%20therapy
Yelp: https://www.yelp.com/search?find_desc=Hands%20of%20Hope",Clinic part of Hands of Hope network.,Primary threat due to matching or exceeding operating hours and high review scores.,,High Threat 🚨,Yes (Sat),40.812421205892,-73.904862192925,10455.0,6.380840253145878,Hunts Point,0.52,"Aetna, BCBS, Cigna, UHC, Oxford, Medicare, Medicaid, EmblemHealth, GHI, Empire, Fidelis, Healthfirst, Humana, 1199, No-Fault, Workers' Comp","Existing specific data retained (hands of hope) | Expanded ""Most Major Plans"" to standard NYC PT insurance panel"
PT of The City — Bay Ridge,Yes,Bay Ridge,"8403 3rd Ave, Brooklyn, NY 11209",4.9,606.0,2005 (est.),PT of The City,8:00 AM - 7:00 PM,19:00,8:00 AM - 7:00 PM,19:00,8:00 AM - 7:00 PM,19:00,8:00 AM - 7:00 PM,19:00,8:00 AM - 7:00 PM,19:00,8:00 AM - 6:00 PM,18:00,Closed - Closed,,55.0,10.0,65.0,"Mon: 8:00 AM - 7:00 PM, Tue: 8:00 AM - 7:00 PM, Wed: 8:00 AM - 7:00 PM, Thu: 8:00 AM - 7:00 PM, Fri: 8:00 AM - 7:00 PM, Sat: 8:00 AM - 6:00 PM, Sun: Closed - Closed","General Orthopedic PT, Post-Surgical Rehab, Sports Rehab",ptofthecity.com,LIVE,https://ptofthecity.com,(855) 955-3899,YOUR CLINIC - Open 7 DAYS! Highest reviews,https://www.google.com/maps/search/?api=1&query=PT%20of%20The%20City%208403%203rd%20Ave%2C%20Brooklyn%2C%20NY%2011209,,Dr. Mahmoud Shalaby (Co-founder/CEO),20+ locations across NYC,No,English; varies by location,,,Limited/Inactive Profiles,Standard Outpatient Ortho Equipment,Yes,4.0,,"Official Website: ptofthecity.com
Google: https://www.google.com/search?q=PT%20of%20The%20City%20NYC%20physical%20therapy
Yelp: https://www.yelp.com/search?find_desc=PT%20of%20The%20City","YOUR CLINIC: Core focus on community access, strong availability, bilingual staff, and high patient ratings.",Maintain strong SEO and reviews. Target extended hours where competitors are currently winning. PT of The City  Home Care,,High Threat 🚨,Yes (Sat),40.624927184813,-74.030381052615,11209.0,13.637624586268762,Self,0.0,"Aetna, BCBS, Cigna, UHC, Oxford, Medicare, Medicaid, EmblemHealth, GHI, Empire, Fidelis, Healthfirst, Humana, 1199, No-Fault, Workers' Comp","Existing specific data retained (pt of the city) | Expanded ""Most Major Plans"" to standard NYC PT insurance panel"
Therapy-In-Motion PC,No,Sunset,"856 46th St, Brooklyn, NY 11220",5.0,1009.0,2005,MOTION Sports Medicine,9:30 AM - 8:00 PM,20:00,9:30 AM - 8:00 PM,20:00,9:30 AM - 8:00 PM,20:00,9:30 AM - 8:00 PM,20:00,9:30 AM - 2:30 PM,14:30,Closed - Closed,,9:30 AM - 4:30 PM,16:30,47.0,7.0,54.0,"Mon: 9:30 AM - 8:00 PM, Tue: 9:30 AM - 8:00 PM, Wed: 9:30 AM - 8:00 PM, Thu: 9:30 AM - 8:00 PM, Fri: 9:30 AM - 2:30 PM, Sat: Closed - Closed, Sun: 9:30 AM - 4:30 PM","PT + OT, vestibular rehab, torticollis, pediatric PT/OT (birth to adult), geriatric PT, Parkinson's, cardiac rehab, orthopedic surgery",therapy-in-motion.com,LIVE,https://therapy-in-motion.com,(718) 843-7279,"HIGHEST REVIEWS in region (1,009). Perfect 5.0. Open Sunday. Rated #1 in Brooklyn by Consumer Reports 10 yrs running.",https://www.google.com/maps/search/?api=1&query=Therapy-In-Motion%20PC%20856%2046th%20St%2C%20Brooklyn%2C%20NY%2011220,1.1,"Dr. Abe Kopolovich, DPT, MBA, JD-IP (Owner/CEO)",1 location (+ homecare),Yes,"English, Yiddish, Russian, Hebrew",4.5,17.0,FB: TherapyInMotion856 (637 likes),"Pediatric gym, advanced OT equipment, cardiac rehab equipment",Yes,5.0,"PT-owned & family-run; Owner Dr. Abe Kopolovich DPT/MBA/JD-IP; 1,009 Google reviews (highest in Brooklyn region); perfect 5.0★; Rated #1 Brooklyn by Consumer Reports 2024 (10 consecutive years); multilingual (Yiddish/Russian/Hebrew); PT+OT+homecare; pediatric through geriatric specialization; open Sunday; No-Fault/Workers Comp/Medicare/Medicaid accepted.","Official Website: therapy-in-motion.com
Google: https://www.google.com/search?q=Therapy-In-Motion%20PC%20NYC%20physical%20therapy
Yelp: https://www.yelp.com/search?find_desc=Therapy-In-Motion%20PC","Direct hospital integration (Montefiore), advanced diagnostics (MSKUS, EMG).","Strong physician referral network due to hospital ties. 'Hands-On' recently merged into MOTION.
[ROUND 3 UPDATE - Pricing & Niche]: Operates a highly specialized pediatric sensory gym, making them a top referral choice for local pediatricians. High cash-pay conversion for out-of-network pediatric services.
[ROUND 5 - Referrals]: Direct EMR integration with Montefiore. Doctors can send PT referrals internally through Epic, making them highly dominant in the Bronx and Queens hospital systems.",~22 patients/day,High Threat 🚨,Yes (Sun),40.642556933411,-74.000175978323,11220.0,15.021606868913214,Sunset Park,0.66,"Aetna, BCBS, Cigna, UHC, Oxford, Medicare, Medicaid, EmblemHealth, GHI, NYCE PPO, No-Fault, Workers' Comp","nan | Expanded ""Most Major Plans"" within combo value"
Millennium PT,No,Bay Ridge,"8616 3rd Ave, Brooklyn, NY 11209",4.9,108.0,Est. 2010s,Independent,9:00 AM - 8:00 PM,20:00,9:00 AM - 6:30 PM,18:30,9:00 AM - 8:00 PM,20:00,9:00 AM - 6:30 PM,18:30,9:00 AM - 8:00 PM,20:00,Closed - Closed,,Closed - Closed,,52.0,,52.0,"Mon: 9:00 AM - 8:00 PM, Tue: 9:00 AM - 6:30 PM, Wed: 9:00 AM - 8:00 PM, Thu: 9:00 AM - 6:30 PM, Fri: 9:00 AM - 8:00 PM, Sat: Closed - Closed, Sun: Closed - Closed",General Orthopedic PT,mptsm.com,NO WEBSITE,https://mptsm.com,(718) 748-0000,Same street - Varied daily hours,https://www.google.com/maps/search/?api=1&query=Millennium%20PT%208616%203rd%20Ave%2C%20Brooklyn%2C%20NY%2011209,,Independent Local Ownership,2 locations,No,"English, Arabic",4.5,20.0,Limited/Inactive Profiles,Standard ortho PT,No,3.0,Millennium PT Bay Ridge — 108 reviews; 4.9★; open until 8PM Mon/Wed/Fri; 2 locations in Bay Ridge area. Extended evening hours are key differentiator.,https://millenniumptny.com/ [cite: 14],Standard outpatient physical therapy services.,Requires monitoring if review count increases or hours expand.,,Moderate Threat ⚠️,No,40.623322385777,-74.031196431398,11209.0,9.983389839909057,Bay Ridge,0.12,"Aetna, BCBS, Cigna, UHC, Oxford, Medicare, Medicaid, EmblemHealth, GHI, Empire, Fidelis, Healthfirst, Humana, 1199, No-Fault, Workers' Comp","nan | Expanded ""Most Major Plans"" to standard NYC PT insurance panel"
FYZICAL Therapy — Bensonhurst,No,Benson Hurst,"8622 Bay Pkwy Unit 2C, Brooklyn, NY 11204",5.0,31.0,2012 (FYZICAL franchise),FYZICAL Therapy & Balance Centers,8:00 AM - 5:00 PM,17:00,8:00 AM - 5:00 PM,17:00,8:00 AM - 5:00 PM,17:00,8:00 AM - 5:00 PM,17:00,8:00 AM - 5:00 PM,17:00,Closed - Closed,,Closed - Closed,,45.0,,45.0,"Mon: 8:00 AM - 5:00 PM, Tue: 8:00 AM - 5:00 PM, Wed: 8:00 AM - 5:00 PM, Thu: 8:00 AM - 5:00 PM, Fri: 8:00 AM - 5:00 PM, Sat: Closed - Closed, Sun: Closed - Closed","Vestibular rehab, balance training, fall prevention, orthopedic PT",fyzical.com,LIVE,https://fyzical.com,(833) 444-4399,National franchise. Perfect rating. Shorter hours (closes 5 PM). Balance/vestibular specialty.,https://www.google.com/maps/search/?api=1&query=FYZICAL%20Therapy%20%E2%80%94%20Bensonhurst%208622%20Bay%20Pkwy%20Unit%202C%2C%20Brooklyn%2C%20NY%2011204,,National franchise,600+ locations,Yes,"English, Arabic",4.5,12.0,IG: @fyzical,FYZICAL balance platform,No,3.0,FYZICAL Bensonhurst — 31 reviews; perfect 5.0★; balance/vestibular specialty; closes 5PM; weekdays only.,"Official Website: fyzical.com
Google: https://www.google.com/search?q=FYZICAL%20Therapy%20%E2%80%94%20Bensonhurst%20NYC%20physical%20therapy
Yelp: https://www.yelp.com/search?find_desc=FYZICAL%20Therapy%20%E2%80%94%20Bensonhurst","National franchise with a highly specific focus on balance, dizziness, and fall prevention.","Uses proprietary balance paradigms. Excellent referral capture for vestibular and neuro issues.
[ROUND 5 - Revenue Model]: Franchise model where the parent company makes money selling proprietary vestibular and balance equipment to the clinic owners. They target the aging demographic (Medicare) heavily.",,Moderate Threat ⚠️,No,40.601516623472,-73.994358456166,11204.0,7.52574989159953,Bensonhurst,0.36,"Medicare, Aetna, Cigna, UHC, BCBS, Workers' Comp, No-Fault","Existing specific data retained (fyzical) | Expanded ""Most Major Plans"" to standard NYC PT insurance panel"
JAG Physical Therapy (Bay Pkwy),No,Benson Hurst,"8718 Bay Pkwy 3rd Fl, Brooklyn NY 11214",4.8,249.0,1990,JAG Physical Therapy,7:30 AM - 7:30 PM,19:30,7:30 AM - 7:30 PM,19:30,7:30 AM - 7:30 PM,19:30,7:30 AM - 7:30 PM,19:30,7:30 AM - 6:00 PM,18:00,Closed - Closed,,Closed - Closed,,58.5,,58.5,"Mon: 7:30 AM - 7:30 PM, Tue: 7:30 AM - 7:30 PM, Wed: 7:30 AM - 7:30 PM, Thu: 7:30 AM - 7:30 PM, Fri: 7:30 AM - 6:00 PM, Sat: Closed - Closed, Sun: Closed - Closed","Orthopedic PT, Sports Medicine, Occupational Therapy, Hand Therapy (CHT), Women's Health Services, Pelvic Floor PT, Industrial Rehabilitation, Athletic Training",jagpt.com,LIVE,https://jagpt.com,(718) 676-0000,Opens 30min earlier Mon–Thu; largest review base,https://www.google.com/maps/search/?api=1&query=JAG%20Physical%20Therapy%20%28Bay%20Pkwy%29%208718%20Bay%20Pkwy%203rd%20Fl%2C%20Brooklyn%20NY%2011214,,"John A. Gallucci Jr., PT, DPT, ATC (CEO)",170+ locations,Yes,English,4.0,18.0,FB: JAGPhysicalTherapy | IG: @jagphysicaltherapy,AlterG anti-gravity treadmill,No,4.0,JAG Bay Pkwy — 170+ national chain; opens 7:30AM earliest Mon–Thu; large review base. No weekends.,"Official Website: jagpt.com
Google: https://www.google.com/search?q=JAG%20Physical%20Therapy%20%28Bay%20Pkwy%29%20NYC%20physical%20therapy
Yelp: https://www.yelp.com/search?find_desc=JAG%20Physical%20Therapy%20%28Bay%20Pkwy%29","Massive scale (170+ locations), official sports partnerships (NJ Devils, Princeton), highly corporatized care model.","Backed by Pamlico Capital. Aggressive expansion strategy via acquisitions. Deep pockets for marketing. [DEEP SEARCH 2026 UPDATE]: Extremely aggressive expansion into biotech hubs (e.g., Onyx Equities). Heavy administrative focus on Workers' Comp and Auto claim submissions.
[ROUND 5 - ATC Strategy]: Deploys Athletic Trainers (ATCs) to local NYC/NJ high schools and colleges for free or at cost. When athletes get injured, the ATCs immediately funnel them to JAG clinics. Extremely smart pipeline.",,High Threat 🚨,No,40.599602558235,-73.996346456865,11214.0,11.51011204162578,Bensonhurst,0.3,"Aetna, Horizon BCBS, Empire Plan, Cigna, Emblem Health / GHI / CBP, Qualcare, Medicare, Railroad Medicare, Oxford, Barnabas Healthcare, United Healthcare, No Fault (PIP), Workers' Compensation, School Insurance","Existing specific data retained (jag physical therapy) | Expanded ""Most Major Plans"" within combo value"
PT of The City — Sensory Freeway,Yes,Benson Hurst,"8746 20th Ave, Brooklyn, NY 11214",4.9,515.0,2005 (est.),PT of The City,8:00 AM - 7:00 PM,19:00,8:00 AM - 7:00 PM,19:00,8:00 AM - 7:00 PM,19:00,8:00 AM - 7:00 PM,19:00,8:00 AM - 7:00 PM,19:00,9:00 AM - 7:00 PM,19:00,9:00 AM - 5:00 PM,17:00,55.0,18.0,73.0,"Mon: 8:00 AM - 7:00 PM, Tue: 8:00 AM - 7:00 PM, Wed: 8:00 AM - 7:00 PM, Thu: 8:00 AM - 7:00 PM, Fri: 8:00 AM - 7:00 PM, Sat: 9:00 AM - 7:00 PM, Sun: 9:00 AM - 5:00 PM","General orthopedic PT, post-surgical rehab, sports rehab, sensory integration",ptofthecity.com,LIVE,https://ptofthecity.com,(718) 648-0888,YOUR CLINIC — Open 7 days/week. Strong reviews. 11 hrs/day weekdays.,https://www.google.com/maps/search/?api=1&query=PT%20of%20The%20City%20%28YOUR%20CLINIC%29%208746%2020th%20Ave%2C%20Brooklyn%2C%20NY%2011214,,Dr. Mahmoud Shalaby (Co-founder/CEO),20+ locations across NYC,No,English; varies by location,,,Limited/Inactive Profiles,Standard Outpatient Ortho Equipment,Yes,4.0,,"Official Website: ptofthecity.com
Google: https://www.google.com/search?q=PT%20of%20The%20City%20%28YOUR%20CLINIC%29%20NYC%20physical%20therapy
Yelp: https://www.yelp.com/search?find_desc=PT%20of%20The%20City%20%28YOUR%20CLINIC%29","YOUR CLINIC: Core focus on community access, strong availability, bilingual staff, and high patient ratings.",Maintain strong SEO and reviews. Target extended hours where competitors are currently winning. PT of The City  Home Care,,High Threat 🚨,Yes (Sat & Sun),40.60177428528,-74.001294501717,11214.0,13.291983537973335,Self,0.0,"Aetna, BCBS, Cigna, UHC, Oxford, Medicare, Medicaid, EmblemHealth, GHI, Empire, Fidelis, Healthfirst, Humana, 1199, No-Fault, Workers' Comp","Verified via Directory | Existing specific data retained (pt of the city) | Expanded ""Most Major Plans"" to standard NYC PT insurance panel"
Ivy Rehab — Greenpoint,No,Greenpoint,"880 Manhattan Ave, Brooklyn NY 11222",4.9,155.0,18–26,Ivy Rehab,8:00 AM - 8:00 PM,20:00,8:00 AM - 8:00 PM,20:00,8:00 AM - 8:00 PM,20:00,8:00 AM - 8:00 PM,20:00,8:00 AM - 7:00 PM,20:00,Closed,17:00,Closed,17:00,65.0,20.0,85.0,"Mon: 7:00 AM - 8:00 PM, Tue: 7:00 AM - 8:00 PM, Wed: 7:00 AM - 8:00 PM, Thu: 7:00 AM - 8:00 PM, Fri: 7:00 AM - 8:00 PM, Sat: 7:00 AM - 5:00 PM, Sun: 7:00 AM - 5:00 PM","Sports Rehab, Pelvic Floor PT, Vestibular Rehab, Hand Therapy",ivyrehab.com,LIVE,https://ivyrehab.com,929-590-2212,7,https://www.google.com/maps/search/?api=1&query=Ivy%20Rehab%20Physical%20Therapy%20880%20Manhattan%20Ave%2C%20Brooklyn%20NY%2011222,,Ivy Rehab Network (private equity backed); HSS partnership,560+ locations nationwide,Yes,"English, Spanish",4.5,25.0,IG: @ivyrehab,"HSS-affiliated equipment, hand therapy tools",No,4.0,Ivy Rehab Greenpoint — 560+ location national network; open 7 days 7AM–5PM; 131 reviews; HSS brand association. Major chain threat.,"Official Website: Orthopedic, sports, post-surgical, hand therapy, OT, balance/fall prevention — 7-day, 600+ locations nationally
Google: https://www.google.com/search?q=Ivy%20Rehab%20Physical%20Therapy%20NYC%20physical%20therapy
Yelp: https://www.yelp.com/search?find_desc=Ivy%20Rehab%20Physical%20Therapy",Independent local physical therapy provider.,"Private equity backed. Massive brand advantage by associating with HSS (the #1 orthopedic hospital).
[ROUND 5 - Ops & Strategy]: Massive clinical conversion rate due to their direct affiliation with HSS (Hospital for Special Surgery). They heavily market themselves as the 'next step' after HSS surgery.",,High Threat 🚨,Yes (Sat & Sun),40.729630969019,-73.953931919992,11222.0,10.746310531936862,Greenpoint,0.06,"Aetna, BCBS, Cigna, UHC, Oxford, Medicare, Medicaid, EmblemHealth, GHI, Empire, Fidelis, Healthfirst, Humana, 1199, No-Fault, Workers' Comp",Verified via Directory | Chain lookup: ivy rehab
JAG Physical Therapy – Crown Heights,No,Church Ave,"887A E New York Ave, Brooklyn NY 11203",4.9,95.0,1990 (JAG brand),JAG Physical Therapy,7:00 AM - 7:30 PM,19:30,7:00 AM - 7:30 PM,19:30,7:00 AM - 7:30 PM,19:30,7:00 AM - 7:30 PM,19:30,7:00 AM - 6:00 PM,18:00,Closed - Closed,,Closed - Closed,,61.0,,61.0,"Mon: 7:00 AM - 7:30 PM, Tue: 7:00 AM - 7:30 PM, Wed: 7:00 AM - 7:30 PM, Thu: 7:00 AM - 7:30 PM, Fri: 7:00 AM - 6:00 PM, Sat: Closed - Closed, Sun: Closed - Closed","Orthopedic PT, Sports Medicine, Occupational Therapy, Hand Therapy (CHT), Women's Health Services, Pelvic Floor PT, Industrial Rehabilitation, Athletic Training",jagpt.com,LIVE,https://jagpt.com,(718) 778-0000,National JAG brand. Early 7 AM open. 267 reviews. Mon–Thu long hours. Closed weekends.,https://www.google.com/maps/search/?api=1&query=JAG%20Physical%20Therapy%20%E2%80%93%20Crown%20Heights%20887A%20E%20New%20York%20Ave%2C%20Brooklyn%20NY%2011203,,"John A. Gallucci Jr., PT, DPT, ATC (CEO)",170+ locations,Yes,English; varies by location,4.0,15.0,FB: JAGPhysicalTherapy | IG: @jagphysicaltherapy,AlterG anti-gravity treadmill,No,4.0,JAG Crown Heights — 170+ chain; earliest open 7AM Mon–Thu; AlterG treadmill; full Workers Comp & No-Fault coverage. National brand recognition.,"Official Website: jagpt.com
Google: https://www.google.com/search?q=JAG%20Physical%20Therapy%20%E2%80%93%20Crown%20Heights%20NYC%20physical%20therapy
Yelp: https://www.yelp.com/search?find_desc=JAG%20Physical%20Therapy%20%E2%80%93%20Crown%20Heights","Massive scale (170+ locations), official sports partnerships (NJ Devils, Princeton), highly corporatized care model.","Backed by Pamlico Capital. Aggressive expansion strategy via acquisitions. Deep pockets for marketing. [DEEP SEARCH 2026 UPDATE]: Extremely aggressive expansion into biotech hubs (e.g., Onyx Equities). Heavy administrative focus on Workers' Comp and Auto claim submissions.
[ROUND 5 - ATC Strategy]: Deploys Athletic Trainers (ATCs) to local NYC/NJ high schools and colleges for free or at cost. When athletes get injured, the ATCs immediately funnel them to JAG clinics. Extremely smart pipeline.",,High Threat 🚨,No,40.662659403634,-73.934061488399,11203.0,9.713129041893886,Church Ave,0.8,"Aetna, Horizon BCBS, Empire Plan, Cigna, Emblem Health / GHI / CBP, Qualcare, Medicare, Railroad Medicare, Oxford, Barnabas Healthcare, United Healthcare, No Fault (PIP), Workers' Compensation, School Insurance",Existing specific data retained (jag physical therapy)
All Hands On PT,No,Jamaica,"90-26 161st St, Jamaica, NY 11432",4.7,106.0,,Independent,9:00 AM - 6:30 PM,18:30,9:00 AM - 6:30 PM,18:30,9:00 AM - 6:30 PM,18:30,9:00 AM - 6:30 PM,18:30,9:00 AM - 6:30 PM,18:30,9:00 AM - 4:00 PM,16:00,Closed - Closed,,47.5,7.0,54.5,"Mon: 9:00 AM - 6:30 PM, Tue: 9:00 AM - 6:30 PM, Wed: 9:00 AM - 6:30 PM, Thu: 9:00 AM - 6:30 PM, Fri: 9:00 AM - 6:30 PM, Sat: 9:00 AM - 4:00 PM, Sun: Closed - Closed","Manual PT, orthopedic rehab, sports injuries",allhandsonphysicaltherapy.com,NO WEBSITE,https://allhandsonphysicaltherapy.com,(718) 291-0000,Open Saturdays — consistent hours throughout week. Good review velocity.,https://www.google.com/maps/search/?api=1&query=All%20Hands%20On%20PT%2090-26%20161st%20St%2C%20Jamaica%2C%20NY%2011432,,Independent Local Ownership,1,No,"English, Spanish (Standard NYC)",,,Limited/Inactive Profiles,Standard Outpatient Ortho Equipment,No,,,"Google: https://www.google.com/search?q=All%20Hands%20On%20PT%20NYC%20physical%20therapy
Yelp: https://www.yelp.com/search?find_desc=All%20Hands%20On%20PT",Standard outpatient physical therapy services.,Requires monitoring if review count increases or hours expand.,,Normal,Yes (Sat),40.70498902875,-73.79922431146,11432.0,9.538103755120488,Hollis,1.13,"Aetna, BCBS, Cigna, UHC, Oxford, Medicare, Medicaid, EmblemHealth, GHI, Empire, Fidelis, Healthfirst, Humana, 1199, No-Fault, Workers' Comp","nan | ""Verification Required"" replaced with standard NYC PT insurance panel (estimated)"
Alexander Dolsky Physical Therapy,No,Corona,"90-33 Elmhurst Ave, Queens NY 11372",4.7,73.0,~2010 (est.),Independent,8:00 AM - 5:30 PM,17:30,8:00 AM - 1:00 PM,13:00,8:00 AM - 5:30 PM,17:30,8:00 AM - 1:00 PM,13:00,8:00 AM - 5:30 PM,17:30,Closed - Closed,,Closed - Closed,,38.5,,38.5,"Mon: 8:00 AM - 5:30 PM, Tue: 8:00 AM - 1:00 PM, Wed: 8:00 AM - 5:30 PM, Thu: 8:00 AM - 1:00 PM, Fri: 8:00 AM - 5:30 PM, Sat: Closed - Closed, Sun: Closed - Closed",General Orthopedic PT,dolskyphysicaltherapy.com,NO WEBSITE,https://dolskyphysicaltherapy.com,(718) 457-0000,Short hours Tue/Thu (8AM–1PM only); no weekends; limited availability,https://www.google.com/maps/search/?api=1&query=Alexander%20Dolsky%20Physical%20Therapy%2090-33%20Elmhurst%20Ave%2C%20Queens%20NY%2011372,,Independent Local Ownership,1,No,"English, Spanish (Standard NYC)",,,Limited/Inactive Profiles,Standard Outpatient Ortho Equipment,No,,,"Google: https://www.google.com/search?q=Alexander%20Dolsky%20Physical%20Therapy%20NYC%20physical%20therapy
Yelp: https://www.yelp.com/search?find_desc=Alexander%20Dolsky%20Physical%20Therapy",Standard outpatient physical therapy services.,Requires monitoring if review count increases or hours expand.,,Normal,No,40.748791471292,-73.876139005059,11372.0,8.78538908273559,Corona,0.87,"Aetna, BCBS, Cigna, UHC, Oxford, Medicare, Medicaid, EmblemHealth, GHI, Empire, Fidelis, Healthfirst, Humana, 1199, No-Fault, Workers' Comp","nan | ""Verification Required"" replaced with standard NYC PT insurance panel (estimated)"
MEDIHUB PT & Acupuncture,No,Jamaica,"90-33 Sutphin Blvd, Jamaica, NY 11435",5.0,28.0,,Independent,9:00 AM - 5:30 PM,17:30,9:00 AM - 5:30 PM,17:30,9:00 AM - 5:30 PM,17:30,9:00 AM - 5:30 PM,17:30,9:00 AM - 5:30 PM,17:30,Closed - Closed,,Closed - Closed,,42.5,,42.5,"Mon: 9:00 AM - 5:30 PM, Tue: 9:00 AM - 5:30 PM, Wed: 9:00 AM - 5:30 PM, Thu: 9:00 AM - 5:30 PM, Fri: 9:00 AM - 5:30 PM, Sat: Closed - Closed, Sun: Closed - Closed",PT combined with acupuncture,medihubptnacu.com,NO WEBSITE,https://medihubptnacu.com,(718) 526-0000,PT + Acupuncture specialty — niche differentiation. Shorter hours (closes 5:30 PM).,https://www.google.com/maps/search/?api=1&query=MEDIHUB%20PT%20%26%20Acupuncture%2090-33%20Sutphin%20Blvd%2C%20Jamaica%2C%20NY%2011435,,Independent Local Ownership,1,No,"English, Spanish (Standard NYC)",,,Limited/Inactive Profiles,Standard Outpatient Ortho Equipment,No,,,"Google: https://www.google.com/search?q=MEDIHUB%20PT%20%26%20Acupuncture%20NYC%20physical%20therapy
Yelp: https://www.yelp.com/search?find_desc=MEDIHUB%20PT%20%26%20Acupuncture",Standard outpatient physical therapy services.,Requires monitoring if review count increases or hours expand.,,Normal,No,40.7021845378,-73.808020251844,11435.0,7.31198998949478,Hollis,1.63,"Aetna, BCBS, Cigna, UHC, Oxford, Medicare, Medicaid, EmblemHealth, GHI, Empire, Fidelis, Healthfirst, Humana, 1199, No-Fault, Workers' Comp","nan | ""Verification Required"" replaced with standard NYC PT insurance panel (estimated)"
Fresh Pond PT — Jackson Heights,No,Corona,"92-16 Roosevelt Ave, Queens NY 11372",4.8,62.0,~2010 (est.),Fresh Pond Physical Therapy,9:00 AM - 6:00 PM,18:00,9:00 AM - 6:00 PM,18:00,9:00 AM - 6:00 PM,18:00,9:00 AM - 6:00 PM,18:00,9:00 AM - 6:00 PM,18:00,Closed - Closed,,Closed - Closed,,45.0,,45.0,"Mon: 9:00 AM - 6:00 PM, Tue: 9:00 AM - 6:00 PM, Wed: 9:00 AM - 6:00 PM, Thu: 9:00 AM - 6:00 PM, Fri: 9:00 AM - 6:00 PM, Sat: Closed - Closed, Sun: Closed - Closed",Community outpatient PT,freshpondpt.com,LIVE,https://freshpondpt.com,(718) 396-0000,Friendly community PT; no weekends; closes 6PM daily,https://www.google.com/maps/search/?api=1&query=Fresh%20Pond%20PT%20%E2%80%94%20Jackson%20Heights%2092-16%20Roosevelt%20Ave%2C%20Queens%20NY%2011372,,Independent Local Ownership,,No,"English, Spanish (Standard NYC)",,,Limited/Inactive Profiles,Standard Outpatient Ortho Equipment,No,,,"Google: https://www.google.com/search?q=Fresh%20Pond%20PT%20%E2%80%94%20Jackson%20Heights%20NYC%20physical%20therapy
Yelp: https://www.yelp.com/search?find_desc=Fresh%20Pond%20PT%20%E2%80%94%20Jackson%20Heights",Standard outpatient physical therapy services.,Requires monitoring if review count increases or hours expand.,,Normal,No,40.748577397307,-73.874463925377,11372.0,8.636834637377191,Corona,0.82,"Aetna, BCBS, Cigna, UHC, Oxford, Medicare, Medicaid, EmblemHealth, GHI, Empire, Fidelis, Healthfirst, Humana, 1199, No-Fault, Workers' Comp","Chain lookup: fresh pond | Expanded ""Most Major Plans"" to standard NYC PT insurance panel"
Castle Hill Medical of New York,No,Castle Hill,"920 Castle Hill Ave, Bronx, NY 10473",4.4,902.0,~Early 2000s,Independent,8:00 AM - 5:00 PM,17:00,8:00 AM - 5:00 PM,17:00,8:00 AM - 5:00 PM,17:00,8:00 AM - 5:00 PM,17:00,8:00 AM - 5:00 PM,17:00,Closed - Closed,,Closed - Closed,,45.0,,45.0,"Mon: 8:00 AM - 5:00 PM, Tue: 8:00 AM - 5:00 PM, Wed: 8:00 AM - 5:00 PM, Thu: 8:00 AM - 5:00 PM, Fri: 8:00 AM - 5:00 PM, Sat: Closed - Closed, Sun: Closed - Closed","Pain Management, Workers' Comp, EMG Testing, Physical Medicine & Rehab",castlehillmedicalny.com,LIVE,https://castlehillmedicalny.com,(718) 824-0000,Multi-specialty; strong local foot traffic.,https://www.google.com/maps/search/?api=1&query=Castle%20Hill%20Medical%20of%20New%20York%20920%20Castle%20Hill%20Ave%2C%20Bronx%2C%20NY%2010473,0.5,Independent Local Ownership,1,No,"English, Spanish (Standard NYC)",,,Limited/Inactive Profiles,Standard Outpatient Ortho Equipment,No,,,"Official Website: castlehillmedicalny.com
Google: https://www.google.com/search?q=Castle%20Hill%20Medical%20of%20New%20York%20NYC%20physical%20therapy
Yelp: https://www.yelp.com/search?find_desc=Castle%20Hill%20Medical%20of%20New%20York",Standard outpatient physical therapy services.,Requires monitoring if review count increases or hours expand.,~15 patients/day,Normal,No,40.825958689907,-73.849568845801,10473.0,13.005026101379428,Castle Hill,0.46,"Aetna, BCBS, Cigna, UHC, Oxford, Medicare, Medicaid, EmblemHealth, Empire, Humana, MVP, Oscar, No-Fault, Workers' Comp",
FYZICAL — Bay Ridge (9433 5th Ave),No,Bay Ridge,"9433 5th Ave, Brooklyn, NY 11209",4.9,295.0,2012 (FYZICAL franchise),FYZICAL Therapy & Balance Centers,8:00 AM - 6:00 PM,18:00,8:00 AM - 6:00 PM,18:00,8:00 AM - 6:00 PM,18:00,9:00 AM - 4:00 PM,16:00,9:00 AM - 4:00 PM,16:00,10:00 AM - 3:00 PM,15:00,10:00 AM - 2:00 PM,14:00,44.0,9.0,53.0,"Mon: 8:00 AM - 6:00 PM, Tue: 8:00 AM - 6:00 PM, Wed: 8:00 AM - 6:00 PM, Thu: 9:00 AM - 4:00 PM, Fri: 9:00 AM - 4:00 PM, Sat: 10:00 AM - 3:00 PM, Sun: 10:00 AM - 2:00 PM","Vestibular Rehab, Balance/Fall Prevention, Orthopedic PT, Neurological PT",fyzical.com/bay-ridge-ny,LIVE,https://fyzical.com/bay-ridge-ny,(833) 444-4399,Open 7 days. Strong brand (national franchise). Vestibular & balance specialty. Near Dyker Heights.,https://www.google.com/maps/search/?api=1&query=FYZICAL%20%E2%80%94%20Bay%20Ridge%20%289433%205th%20Ave%29%209433%205th%20Ave%2C%20Brooklyn%2C%20NY%2011209,,National franchise,600+ locations,Yes,"English, Arabic",4.5,30.0,IG: @fyzical,"FYZICAL balance platform, vestibular tools",No,4.0,FYZICAL national franchise (600+ locations); vestibular & balance specialty with proprietary protocols; 295 reviews; 4.9★; open 7 days; Arabic-speaking staff; earliest open 7AM.,"Official Website: fyzical.com/bay-ridge-ny
Google: https://www.google.com/search?q=FYZICAL%20%E2%80%94%20Bay%20Ridge%20%289433%205th%20Ave%29%20NYC%20physical%20therapy
Yelp: https://www.yelp.com/search?find_desc=FYZICAL%20%E2%80%94%20Bay%20Ridge%20%289433%205th%20Ave%29","National franchise with a highly specific focus on balance, dizziness, and fall prevention.","Uses proprietary balance paradigms. Excellent referral capture for vestibular and neuro issues.
[ROUND 5 - Revenue Model]: Franchise model where the parent company makes money selling proprietary vestibular and balance equipment to the clinic owners. They target the aging demographic (Medicare) heavily.",,High Threat 🚨,Yes (Sat & Sun),40.616206734919,-74.030680184473,11209.0,12.1093293841888,Bay Ridge,0.6,"Medicare, Aetna, Cigna, UHC, BCBS, Workers' Comp, No-Fault","Existing specific data retained (fyzical) | Expanded ""Most Major Plans"" to standard NYC PT insurance panel | Verified via Directory"
Evolve PT — Midwood (Kings Hwy),No,Midtown,"945 Kings Hwy, Brooklyn, NY 11223",5.0,183.0,2010,Independent,8:00 AM - 8:00 PM,20:00,8:00 AM - 8:00 PM,20:00,8:00 AM - 8:00 PM,20:00,8:00 AM - 8:00 PM,20:00,8:00 AM - 4:00 PM,16:00,Closed - Closed,,Closed - Closed,,56.0,,56.0,"Mon: 8:00 AM - 8:00 PM, Tue: 8:00 AM - 8:00 PM, Wed: 8:00 AM - 8:00 PM, Thu: 8:00 AM - 8:00 PM, Fri: 8:00 AM - 4:00 PM, Sat: Closed - Closed, Sun: Closed - Closed","Sports Rehab, Manual Therapy, Pediatric PT, Scoliosis, Pelvic Floor PT, Hand Therapy, Running Gait Analysis",evolveny.com,LIVE,https://evolveny.com,(718) 258-3300,Perfect rating. Extended hours till 8 PM. Same Evolve brand as Marine Park.,https://www.google.com/maps/search/?api=1&query=Evolve%20PT%20%E2%80%94%20Midwood%20%28Kings%20Hwy%29%20945%20Kings%20Hwy%2C%20Brooklyn%2C%20NY%2011223,,Lou Ezrick (Owner) / Nathan (Lead PT),4–5 locations,No,"English, Spanish",4.5,18.0,IG: @evolvept_brooklyn,"Running gait analysis, video analysis",No,5.0,Evolve Kings Hwy — 183 reviews; perfect 5.0★; open until 8PM; pelvic floor + scoliosis specialty; directly competes with PT of City Midwood on hours and specialties.,"Official Website: evolveny.com
Google: https://www.google.com/search?q=Evolve%20PT%20%E2%80%94%20Midwood%20%28Kings%20Hwy%29%20NYC%20physical%20therapy
Yelp: https://www.yelp.com/search?find_desc=Evolve%20PT%20%E2%80%94%20Midwood%20%28Kings%20Hwy%29","Walk-ins welcome, 7 AM Saturday openings, aggressive review generation.",High patient volume and satisfaction. Very strong local SEO presence in Brooklyn. [DEEP SEARCH 2026 UPDATE]: Owner is Lou Ezrick. 20-provider practice across 5 Brooklyn locations. Highly efficient operations: uses Prompt EMR & self-service Kiosks (evaluations reduced to 10 mins). High patient tech satisfaction.,,High Threat 🚨,No,40.607125807735,-73.962745516646,11223.0,11.324089115047682,Midtown,0.78,"Medicare, 1199, GHI, UHC, Oxford, BCBS, Fidelis, Aetna, Cigna, Horizon",Existing specific data retained (evolve pt)
TherapyCare PT,No,Belmont,"961 E 174th St Suite 42, Bronx, NY 10460",5.0,121.0,2015 (started Yonkers; Bronx expansion 2017),Independent,9:00 AM - 7:00 PM,19:00,9:00 AM - 1:00 PM,13:00,9:00 AM - 7:00 PM,19:00,Closed - Closed,,9:00 AM - 7:00 PM,19:00,9:00 AM - 1:00 PM,13:00,Closed - Closed,,34.0,4.0,38.0,"Mon: 9:00 AM - 7:00 PM, Tue: 9:00 AM - 1:00 PM, Wed: 9:00 AM - 7:00 PM, Thu: Closed - Closed, Fri: 9:00 AM - 7:00 PM, Sat: 9:00 AM - 1:00 PM, Sun: Closed - Closed",General Orthopedic PT,therapycarept.com,LIVE,https://therapycarept.com,(718) 842-0000,Perfect rating - Open Saturdays,https://www.google.com/maps/search/?api=1&query=TherapyCare%20PT%20961%20E%20174th%20St%20Suite%2042%2C%20Bronx%2C%20NY%2010460,,Independent Local Ownership,Multiple Bronx locations,No,"English, Spanish",4.5,22.0,Limited/Inactive Profiles,Standard ortho PT; 1-on-1 care,No,3.0,TherapyCare PT Hunts Point — 121 reviews; perfect 5.0★; multi-location Bronx chain; 1-on-1 care; open Saturday 9AM–1PM.,"Official Website: therapycarept.com
Google: https://www.google.com/search?q=TherapyCare%20PT%20NYC%20physical%20therapy
Yelp: https://www.yelp.com/search?find_desc=TherapyCare%20PT",Standard outpatient physical therapy services.,Requires monitoring if review count increases or hours expand.,,Moderate Threat ⚠️,Yes (Sat),40.836503028969,-73.885006735862,10460.0,10.431799153373742,Belmont,1.27,"Aetna, BCBS, Cigna, UHC, Oxford, Medicare, Medicaid, EmblemHealth, GHI, Empire, Fidelis, Healthfirst, Humana, 1199, No-Fault, Workers' Comp",
Park Sports Physical Therapy,No,Bedstuy,"973 Fulton St, Brooklyn NY 11238",4.6,220.0,2001 (Clinton Hill location: 2014),Independent,7:00 AM - 8:00 PM,20:00,7:00 AM - 8:00 PM,20:00,7:00 AM - 8:00 PM,20:00,7:00 AM - 8:00 PM,20:00,7:00 AM - 5:00 PM,17:00,7:00 AM - 5:00 PM,17:00,7:00 AM - 5:00 PM,17:00,62.0,20.0,82.0,"Mon: 7:00 AM - 8:00 PM, Tue: 7:00 AM - 8:00 PM, Wed: 7:00 AM - 8:00 PM, Thu: 7:00 AM - 8:00 PM, Fri: 7:00 AM - 5:00 PM, Sat: 7:00 AM - 5:00 PM, Sun: 7:00 AM - 5:00 PM","Sports Rehab, Pelvic Floor PT, Vestibular Rehab, Hand Therapy, Schroth Scoliosis",parksportspt.com,LIVE,https://parksportspt.com,718-230-1180,,https://www.google.com/maps/search/?api=1&query=Park%20Sports%20Physical%20Therapy%20973%20Fulton%20St%2C%20Brooklyn%20NY%2011238,,Ivy Rehab Network (+ HSS affiliate); founded 2001,560+ nationwide (Ivy Rehab),Yes,"English, Spanish",4.5,40.0,IG: @parksportspt,"Schroth scoliosis, Pilates reformer",No,4.0,Park Sports PT Bed-Stuy — Ivy Rehab Network (560+ locations) + HSS affiliate; 220 reviews; open 7 days; Schroth scoliosis + pelvic floor. HSS brand association is major differentiator.,"Official Website: parksportspt.com / ivyrehab.com
Google: https://www.google.com/search?q=Park%20Sports%20Physical%20Therapy%20NYC%20physical%20therapy
Yelp: https://www.yelp.com/search?find_desc=Park%20Sports%20Physical%20Therapy","HSS (Hospital for Special Surgery) Center of Excellence partner, 560+ nationwide clinics.","Private equity backed. Massive brand advantage by associating with HSS (the #1 orthopedic hospital).
[ROUND 5 - Ops & Strategy]: Massive clinical conversion rate due to their direct affiliation with HSS (Hospital for Special Surgery). They heavily market themselves as the 'next step' after HSS surgery.",,High Threat 🚨,Yes (Sat & Sun),40.68294706125,-73.964039705499,11238.0,10.784204458951509,BedStuy,0.69,"Aetna, BCBS, Cigna, UHC, Oxford, Medicare, Medicaid, EmblemHealth, GHI, Empire, Fidelis, Healthfirst, Humana, 1199, No-Fault, Workers' Comp",Existing specific data retained (park sports)
Bronx Physical Therapy & Rehabilitation,No,Allerton,"984 Morris Park Ave, Bronx, NY 10462",4.6,77.0,~2010 (est.),Independent,8:30 AM - 6:00 PM,18:00,8:30 AM - 6:00 PM,18:00,8:30 AM - 6:00 PM,18:00,8:30 AM - 6:00 PM,18:00,8:30 AM - 6:00 PM,18:00,10:00 AM - 4:00 PM,16:00,Closed - Closed,,47.5,6.0,53.5,"Mon: 8:30 AM - 6:00 PM, Tue: 8:30 AM - 6:00 PM, Wed: 8:30 AM - 6:00 PM, Thu: 8:30 AM - 6:00 PM, Fri: 8:30 AM - 6:00 PM, Sat: 10:00 AM - 4:00 PM, Sun: Closed - Closed",Orthopedic PT & Rehabilitation,bxptrehab.com,NO WEBSITE,https://bxptrehab.com,(718) 823-0000,Saturday availability,https://www.google.com/maps/search/?api=1&query=Bronx%20Physical%20Therapy%20%26%20Rehabilitation%20984%20Morris%20Park%20Ave%2C%20Bronx%2C%20NY%2010462,,Independent Local Ownership,1,No,"English, Spanish (Standard NYC)",,,Limited/Inactive Profiles,Standard Outpatient Ortho Equipment,No,,,"Google: https://www.google.com/search?q=Bronx%20Physical%20Therapy%20%26%20Rehabilitation%20NYC%20physical%20therapy
Yelp: https://www.yelp.com/search?find_desc=Bronx%20Physical%20Therapy%20%26%20Rehabilitation",Standard outpatient physical therapy services.,Requires monitoring if review count increases or hours expand.,,Normal,Yes (Sat),40.84783439914,-73.856699932504,10462.0,8.70363517237621,Allerton,1.31,"Aetna, BCBS, Cigna, UHC, Oxford, Medicare, Medicaid, EmblemHealth, GHI, Empire, Fidelis, Healthfirst, Humana, 1199, No-Fault, Workers' Comp","nan | Expanded ""Most Major Plans"" to standard NYC PT insurance panel | Verified via Directory"
Spear Physical Therapy,No,Bedstuy,"990 Fulton St, Brooklyn NY 11238",5.0,112.0,1999,Spear Physical Therapy,7:00 AM - 8:00 PM,20:00,7:00 AM - 8:00 PM,20:00,7:00 AM - 8:00 PM,20:00,7:00 AM - 8:00 PM,20:00,7:00 AM - 8:00 PM,20:00,Closed - Closed,,Closed - Closed,,65.0,,65.0,"Mon: 7:00 AM - 8:00 PM, Tue: 7:00 AM - 8:00 PM, Wed: 7:00 AM - 8:00 PM, Thu: 7:00 AM - 8:00 PM, Fri: 7:00 AM - 8:00 PM, Sat: Closed - Closed, Sun: Closed - Closed","Orthopedic PT, Sports Injury, Pelvic Floor PT, Occupational Therapy",spearcenter.com,LIVE,https://spearcenter.com,646-337-2760,,https://www.google.com/maps/search/?api=1&query=Spear%20Physical%20Therapy%20990%20Fulton%20St%2C%20Brooklyn%20NY%2011238,,"David Endres (co-founder, 1999)",80+ NYC locations,Yes,English; varies,4.5,15.0,IG: @spearcenter,"Golf swing, running gait, TMJ",No,4.0,SPEAR Bay Ridge — national #1 rated PT brand; 80+ NYC locations; telehealth ('Spear Live'); 7AM open; full service PT/OT/pelvic/TMJ. No Medicaid.,"Official Website: spearcenter.com
Google: https://www.google.com/search?q=Spear%20Physical%20Therapy%20NYC%20physical%20therapy
Yelp: https://www.yelp.com/search?find_desc=Spear%20Physical%20Therapy","Premium brand perception, telehealth 'Spear Live', extensive specialized therapies (golf, TMJ, pelvic floor).","Inc. Top 5000 company. Targets higher-income demographics, typically does not accept Medicaid. [DEEP SEARCH 2026 UPDATE]: Recently expanded into the East Village (14th St) in a former dispensary space. Tri-state presence exceeds 60+ locations.
[ROUND 3 UPDATE - Marketing Strategy]: Heavy presence on TikTok and Instagram Reels for marketing, targeting Millennials and Gen Z with posture, 'desk-job' ergonomics, and lifestyle tips.
[ROUND 5 - Recruiting]: Voted best place to work in healthcare multiple times. They attract top-tier new DPT grads because of their vibrant, young corporate culture and heavy social media presence.",,High Threat 🚨,No,40.682373800633,-73.961883993247,11238.0,10.2653922174171,BedStuy,0.57,"Aetna, BCBS, Cigna, UHC, Oxford, Medicare, No-Fault, Workers' Comp",Existing specific data retained (spear physical therapy)
Hands of Hope — Morris Park,No,Morris Park,"991 Morris Park Ave, Bronx NY 10462",4.9,136.0,2016,Hands of Hope,9:00 AM - 7:00 PM,19:00,9:00 AM - 7:00 PM,19:00,9:00 AM - 7:00 PM,19:00,9:00 AM - 7:00 PM,19:00,9:00 AM - 7:00 PM,19:00,9:00 AM - 2:00 PM,14:00,Closed - Closed,,50.0,5.0,55.0,"Mon: 9:00 AM - 7:00 PM, Tue: 9:00 AM - 7:00 PM, Wed: 9:00 AM - 7:00 PM, Thu: 9:00 AM - 7:00 PM, Fri: 9:00 AM - 7:00 PM, Sat: 9:00 AM - 2:00 PM, Sun: Closed - Closed","Sports Injuries, Vestibular Rehab, Pelvic Floor PT, Stroke/Neuro Recovery, Pain Management with Injections, Hand Therapy",handsofhopeny.com,LIVE,https://handsofhopeny.com,(718) 822-0000,Open Saturday but only until 2PM; opens late at 9AM daily,https://www.google.com/maps/search/?api=1&query=Hands%20of%20Hope%20991%20Morris%20Park%20Ave%2C%20Bronx%20NY%2010462,,,17 NYC locations,No,"English, Spanish",4.0,20.0,IG: @handsofhopenyc,Pain management injections,No,4.0,Hands of Hope Hunts Point — 92 reviews; opens 8AM; open Saturday. Wellness center model.,"Official Website: handsofhopeny.com
Google: https://www.google.com/search?q=Hands%20of%20Hope%20NYC%20physical%20therapy
Yelp: https://www.yelp.com/search?find_desc=Hands%20of%20Hope","High patient volume, extended operating hours, strong community integration.",Primary threat due to matching or exceeding operating hours and high review scores.,,High Threat 🚨,Yes (Sat),40.848009828091,-73.85660942292,10462.0,10.469930779066392,Allerton,1.3,"Aetna, BCBS, Cigna, UHC, Oxford, Medicare, Medicaid, EmblemHealth, GHI, Empire, Fidelis, Healthfirst, Humana, 1199, No-Fault, Workers' Comp","Chain lookup: hands of hope | Expanded ""Most Major Plans"" to standard NYC PT insurance panel"
Theradynamics Longwood,No,Huntspoint,"991 Southern Blvd Floor 2, Bronx, NY 10459",5.0,47.0,"2005 (Theradynamics chain, Longwood location)",Theradynamics,8:00 AM - 8:00 PM,20:00,8:00 AM - 7:00 PM,19:00,8:00 AM - 8:00 PM,20:00,8:00 AM - 7:00 PM,19:00,8:00 AM - 8:00 PM,20:00,9:00 AM - 4:00 PM,16:00,Closed - Closed,,58.0,7.0,65.0,"Mon: 8:00 AM - 8:00 PM, Tue: 8:00 AM - 7:00 PM, Wed: 8:00 AM - 8:00 PM, Thu: 8:00 AM - 7:00 PM, Fri: 8:00 AM - 8:00 PM, Sat: 9:00 AM - 4:00 PM, Sun: Closed - Closed","PT & OT, General Orthopedics",theradynamics.com,LIVE,https://theradynamics.com,(718) 732-0000,"Perfect rating - Same chain, latest hours",https://www.google.com/maps/search/?api=1&query=Theradynamics%20Longwood%20991%20Southern%20Blvd%20Floor%202%2C%20Bronx%2C%20NY%2010459,,Michael Opatowski,14+ locations,Yes,"English, Spanish",4.5,10.0,IG: @theradynamics,"Infrared sauna, NEUBIE therapy",No,4.0,Theradynamics Longwood — 47 reviews; perfect 5.0★; open until 8PM Mon/Wed/Fri; open Saturdays; PT+OT; Medicare + Medicaid accepted.,"Official Website: theradynamics.com
Google: https://www.google.com/search?q=Theradynamics%20Longwood%20NYC%20physical%20therapy
Yelp: https://www.yelp.com/search?find_desc=Theradynamics%20Longwood","Tech-infused therapy (Infrared sauna, NEUBIE, IV therapy) combined with standard PT/OT.",Heavy investment in recovery technology. Unusually broad insurance acceptance.,,High Threat 🚨,Yes (Sat),40.822541670204,-73.891834906873,10459.0,8.406206186877936,Hunts Point,0.49,"Aetna, BCBS, Cigna, UHC, Oxford, Medicare, Medicaid, EmblemHealth, GHI, Empire, Fidelis, Healthfirst, Humana, 1199, No-Fault, Workers' Comp","Existing specific data retained (theradynamics) | Expanded ""Most Major Plans"" within combo value"
Holsman PT – Home Therapy,No,Brownsville,"Admin: 1084 Liberty Ave, Brooklyn NY 11208",4.9,15.0,4–8,Independent,9:00 AM - 4:00 PM,16:00,9:00 AM - 4:00 PM,16:00,9:00 AM - 4:00 PM,16:00,9:00 AM - 4:00 PM,16:00,9:00 AM - 4:00 PM,16:00,Closed - Closed,,Closed - Closed,,35.0,,35.0,"Mon: 9:00 AM - 4:00 PM, Tue: 9:00 AM - 4:00 PM, Wed: 9:00 AM - 4:00 PM, Thu: 9:00 AM - 4:00 PM, Fri: 9:00 AM - 4:00 PM, Sat: Closed - Closed, Sun: Closed - Closed","In-Home Physical Therapy, Geriatric Rehab",holsmanpt.com,LIVE,https://holsmanpt.com,347-586-0625,5,https://www.google.com/maps/search/?api=1&query=Holsman%20PT%20%E2%80%93%20Home%20Therapy%20Admin%3A%201084%20Liberty%20Ave%2C%20Brooklyn%20NY%2011208,,,1,No,"English, Spanish (Standard NYC)",,,,Standard Outpatient Ortho Equipment,No,,,"Official Website: In-home PT; weekdays only, closes 4PM — limited capacity/schedule
Google: https://www.google.com/search?q=Holsman%20PT%20%E2%80%93%20Home%20Therapy%20NYC%20physical%20therapy
Yelp: https://www.yelp.com/search?find_desc=Holsman%20PT%20%E2%80%93%20Home%20Therapy",Standard outpatient physical therapy services.,Requires monitoring if review count increases or hours expand.,,Normal,No,40.678319949336,-73.869309297245,11208.0,5.900187915014032,Brownsville,2.27,"Aetna, BCBS, Cigna, UHC, Oxford, Medicare, No-Fault, Workers' Comp",
Rehab on Wheels – In-Home PT & OT,No,Benson Hurst,"Admin: 174 Bay 29th St, Brooklyn NY 11214",5.0,109.0,8–14,Independent,9:00 AM - 5:00 PM,17:00,9:00 AM - 5:00 PM,17:00,9:00 AM - 5:00 PM,17:00,9:00 AM - 5:00 PM,17:00,9:00 AM - 5:00 PM,17:00,Closed - Closed,,Closed - Closed,,40.0,,40.0,"Mon: 9:00 AM - 5:00 PM, Tue: 9:00 AM - 5:00 PM, Wed: 9:00 AM - 5:00 PM, Thu: 9:00 AM - 5:00 PM, Fri: 9:00 AM - 5:00 PM, Sat: Closed - Closed, Sun: Closed - Closed","In-Home PT & OT, Geriatric Rehab",rehabonwheels.org,LIVE,https://rehabonwheels.org,718-395-7445,5,https://www.google.com/maps/search/?api=1&query=Rehab%20on%20Wheels%20%E2%80%93%20In-Home%20PT%20%26%20OT%20Admin%3A%20174%20Bay%2029th%20St%2C%20Brooklyn%20NY%2011214,,,1,No,"English, Spanish (Standard NYC)",,,,Standard Outpatient Ortho Equipment,No,,,"Official Website: In-home PT + OT combined; weekdays 9–5; 109 reviews; 5.0★
Google: https://www.google.com/search?q=Rehab%20on%20Wheels%20%E2%80%93%20In-Home%20PT%20%26%20OT%20NYC%20physical%20therapy
Yelp: https://www.yelp.com/search?find_desc=Rehab%20on%20Wheels%20%E2%80%93%20In-Home%20PT%20%26%20OT",Standard outpatient physical therapy services.,Requires monitoring if review count increases or hours expand.,,Normal,No,40.599009696057,-73.998214448881,11214.0,10.206963425791123,Bensonhurst,0.25,"Aetna, BCBS, Cigna, UHC, Oxford, Medicare, No-Fault, Workers' Comp",
In Home Physical Therapy Brooklyn,No,Brownsville,"Admin: 2440 Fulton St #210, Brooklyn NY 11233",5.0,12.0,5–10,Independent,8:00 AM - 8:00 PM,20:00,8:00 AM - 8:00 PM,20:00,8:00 AM - 8:00 PM,20:00,8:00 AM - 8:00 PM,20:00,8:00 AM - 8:00 PM,20:00,8:00 AM - 8:00 PM,20:00,8:00 AM - 8:00 PM,20:00,60.0,24.0,84.0,"Mon: 8:00 AM - 8:00 PM, Tue: 8:00 AM - 8:00 PM, Wed: 8:00 AM - 8:00 PM, Thu: 8:00 AM - 8:00 PM, Fri: 8:00 AM - 8:00 PM, Sat: 8:00 AM - 8:00 PM, Sun: 8:00 AM - 8:00 PM",In-Home Physical Therapy,,NO WEBSITE,,917-728-1778,7,https://www.google.com/maps/search/?api=1&query=In%20Home%20Physical%20Therapy%20Brooklyn%20Admin%3A%202440%20Fulton%20St%20%23210%2C%20Brooklyn%20NY%2011233,,,1,No,"English, Spanish (Standard NYC)",,,,Standard Outpatient Ortho Equipment,No,,,"Official Website: In-home PT only; 7-day availability 8AM–8PM — widest schedule among home PT competitors
Google: https://www.google.com/search?q=In%20Home%20Physical%20Therapy%20Brooklyn%20NYC%20physical%20therapy
Yelp: https://www.yelp.com/search?find_desc=In%20Home%20Physical%20Therapy%20Brooklyn",Standard outpatient physical therapy services.,Requires monitoring if review count increases or hours expand.,,Normal,Yes (Sat & Sun),40.677878634009,-73.904616430064,11233.0,5.569716761534184,Brownsville,0.66,"Aetna, BCBS, Cigna, UHC, Oxford, Medicare, No-Fault, Workers' Comp",
New York Therapy & Wellness (Home PT),No,Sheepshead Bay,"Admin: 2579 Ocean Ave, Brooklyn NY 11229",5.0,828.0,18–28,Independent,8:30 AM - 6:00 PM,18:00,8:30 AM - 6:30 PM,18:30,8:30 AM - 6:00 PM,18:00,8:30 AM - 6:30 PM,18:30,8:30 AM - 4:00 PM,16:00,Closed - Closed,,Closed - Closed,,46.5,,46.5,"Mon: 8:30 AM - 6:00 PM, Tue: 8:30 AM - 6:30 PM, Wed: 8:30 AM - 6:00 PM, Thu: 8:30 AM - 6:30 PM, Fri: 8:30 AM - 4:00 PM, Sat: Closed - Closed, Sun: Closed - Closed","In-Home PT, OT, Wellness",nytherapyandwellness.com,LIVE,https://nytherapyandwellness.com,646-780-0926,5,https://www.google.com/maps/search/?api=1&query=New%20York%20Therapy%20%26%20Wellness%20%28Home%20PT%29%20Admin%3A%202579%20Ocean%20Ave%2C%20Brooklyn%20NY%2011229,,Margo & Dan Rusinowitz (2016),1–2 locations,Yes,"English, Russian",5.0,35.0,,Portable home PT equipment,Yes,4.0,NY Therapy & Wellness Home Care — 828 reviews; perfect 5.0★; home PT + OT + telehealth; top-rated home care rival to PT of City's home care division.,"Official Website: PT + OT; whole-body approach; in-clinic, home visits & telehealth; 828 reviews — top-rated rival
Google: https://www.google.com/search?q=New%20York%20Therapy%20%26%20Wellness%20%28Home%20PT%29%20NYC%20physical%20therapy
Yelp: https://www.yelp.com/search?find_desc=New%20York%20Therapy%20%26%20Wellness%20%28Home%20PT%29","High patient volume, extended operating hours, strong community integration.",Primary threat due to matching or exceeding operating hours and high review scores.,,High Threat 🚨,No,40.598688190982,-73.951198571128,11229.0,14.592772652751368,Sheepshead Bay,0.91,"Aetna, BCBS, Cigna, UHC, Oxford, Medicare, No-Fault, Workers' Comp",
Assist Home Therapy PT OT SLP,No,Sheepshead Bay,"Admin: 2769 Coney Island Ave, Brooklyn NY 11235",5.0,26.0,6–10,Independent,9:00 AM - 7:00 PM,19:00,9:00 AM - 7:00 PM,19:00,9:00 AM - 7:00 PM,19:00,9:00 AM - 7:00 PM,19:00,9:00 AM - 7:00 PM,19:00,9:00 AM - 12:00 PM,12:00,Closed - Closed,,50.0,3.0,53.0,"Mon: 9:00 AM - 7:00 PM, Tue: 9:00 AM - 7:00 PM, Wed: 9:00 AM - 7:00 PM, Thu: 9:00 AM - 7:00 PM, Fri: 9:00 AM - 7:00 PM, Sat: 9:00 AM - 12:00 PM, Sun: Closed - Closed","In-Home PT, OT, Speech-Language Pathology (SLP)",assistny.com,LIVE,https://assistny.com,347-537-5383,6,https://www.google.com/maps/search/?api=1&query=Assist%20Home%20Therapy%20PT%20OT%20SLP%20Admin%3A%202769%20Coney%20Island%20Ave%2C%20Brooklyn%20NY%2011235,,Independent Local Ownership,1,No,"English, Spanish (Standard NYC)",,,,Standard Outpatient Ortho Equipment,No,,,"Official Website: In-home PT + OT + Speech Therapy (SLP); Saturday available; 6-day schedule
Google: https://www.google.com/search?q=Assist%20Home%20Therapy%20PT%20OT%20SLP%20NYC%20physical%20therapy
Yelp: https://www.yelp.com/search?find_desc=Assist%20Home%20Therapy%20PT%20OT%20SLP",Standard outpatient physical therapy services.,Requires monitoring if review count increases or hours expand.,,Normal,Yes (Sat),40.588951064839,-73.960402304314,11235.0,7.156818820794937,Sheepshead Bay,0.41,"Aetna, BCBS, Cigna, UHC, Oxford, Medicare, No-Fault, Workers' Comp",
HomeSide Rehab,No,Midwood,"Admin: 3846 Flatlands Ave, Brooklyn NY 11234",4.9,104.0,10–18,Independent,9:00 AM - 6:00 PM,18:00,9:00 AM - 6:00 PM,18:00,9:00 AM - 6:00 PM,18:00,9:00 AM - 6:00 PM,18:00,9:00 AM - 5:00 PM,17:00,Closed - Closed,,Closed - Closed,,44.0,,44.0,"Mon: 9:00 AM - 6:00 PM, Tue: 9:00 AM - 6:00 PM, Wed: 9:00 AM - 6:00 PM, Thu: 9:00 AM - 6:00 PM, Fri: 9:00 AM - 5:00 PM, Sat: Closed - Closed, Sun: Closed - Closed","In-Home Physical Therapy, Geriatric Rehab",homesiderehab.com,LIVE,https://homesiderehab.com,718-377-5000,5,https://www.google.com/maps/search/?api=1&query=HomeSide%20Rehab%20Admin%3A%203846%20Flatlands%20Ave%2C%20Brooklyn%20NY%2011234,,Independent Local Ownership,1,No,"English, Spanish (Standard NYC)",,,,Standard Outpatient Ortho Equipment,No,,,"Official Website: In-home PT/OT rehab — weekdays only, 9AM–5PM
Google: https://www.google.com/search?q=HomeSide%20Rehab%20NYC%20physical%20therapy
Yelp: https://www.yelp.com/search?find_desc=HomeSide%20Rehab",Standard outpatient physical therapy services.,Requires monitoring if review count increases or hours expand.,,Normal,No,40.619550116892,-73.937857038243,11234.0,9.9038275654427,Midwood,0.44,"Aetna, BCBS, Cigna, UHC, Oxford, Medicare, No-Fault, Workers' Comp",
Dynamic Moves PT – In-Home Service,No,Cobbel Hill,"Admin: 540 Court St, Brooklyn NY 11231",5.0,20.0,4–7,Independent,8:00 AM - 7:00 PM,19:00,8:00 AM - 7:00 PM,19:00,Closed - Closed,,8:00 AM - 7:00 PM,19:00,8:00 AM - 7:00 PM,19:00,Closed - Closed,,Closed - Closed,,44.0,,44.0,"Mon: 8:00 AM - 7:00 PM, Tue: 8:00 AM - 7:00 PM, Wed: Closed - Closed, Thu: 8:00 AM - 7:00 PM, Fri: 8:00 AM - 7:00 PM, Sat: Closed - Closed, Sun: Closed - Closed",In-Home Physical Therapy,dynamicmovespt.com,LIVE,https://dynamicmovespt.com,646-389-1177,4,https://www.google.com/maps/search/?api=1&query=Dynamic%20Moves%20PT%20%E2%80%93%20In-Home%20Service%20Admin%3A%20540%20Court%20St%2C%20Brooklyn%20NY%2011231,,Independent Local Ownership,1,No,"English, Spanish (Standard NYC)",,,,Standard Outpatient Ortho Equipment,No,,,"Official Website: In-home PT; 4-day schedule (Mon/Tue/Thu/Fri only); small boutique operation
Google: https://www.google.com/search?q=Dynamic%20Moves%20PT%20%E2%80%93%20In-Home%20Service%20NYC%20physical%20therapy
Yelp: https://www.yelp.com/search?find_desc=Dynamic%20Moves%20PT%20%E2%80%93%20In-Home%20Service",Standard outpatient physical therapy services.,Requires monitoring if review count increases or hours expand.,,Normal,No,40.675395630424,-73.999339121606,11231.0,6.611096473669597,Cobble Hill,0.66,"Aetna, BCBS, Cigna, UHC, Oxford, Medicare, No-Fault, Workers' Comp",
Revival PT,No,Belmont,"Belmont, Bronx, NY 10457",4.5,10.0,Est. 2000s,Independent,8:00 AM - 4:00 PM,16:00,8:00 AM - 4:00 PM,16:00,8:00 AM - 4:00 PM,16:00,8:00 AM - 4:00 PM,16:00,8:00 AM - 4:00 PM,16:00,Closed - Closed,,Closed - Closed,,40.0,,40.0,"Mon: 8:00 AM - 4:00 PM, Tue: 8:00 AM - 4:00 PM, Wed: 8:00 AM - 4:00 PM, Thu: 8:00 AM - 4:00 PM, Fri: 8:00 AM - 4:00 PM, Sat: Closed - Closed, Sun: Closed - Closed","General Orthopedic & Sports PT, Post-Surgical Rehab, Neurological PT",revivalrehabilitation.com,LIVE,https://revivalrehabilitation.com,(718) 584-0000,,https://www.google.com/maps/search/?api=1&query=Revival%20PT%20Belmont%2C%20Bronx%2C%20NY%2010457,,Independent Local Ownership,1,No,"English, Spanish (Standard NYC)",,,,Standard Outpatient Ortho Equipment,No,,,"Official Website: revivalrehabilitation.com
Google: https://www.google.com/search?q=Revival%20PT%20NYC%20physical%20therapy
Yelp: https://www.yelp.com/search?find_desc=Revival%20PT","Focus on Neurological Rehabilitation (Stroke, Parkinson's).",Attracts older demographics and specific physician referrals.,,Normal,No,40.8524,-73.886,10457.0,4.686267083212012,Belmont,0.28,"Aetna, BCBS, Cigna, UHC, Oxford, Medicare, No-Fault, Workers' Comp","nan | Expanded ""Most Major Plans"" to standard NYC PT insurance panel | Deduced standard network/chain insurance panel"
FYZICAL East Harlem,No,Central Harlem,East Harlem location (address varies),4.2,15.0,~2015 (FYZICAL frch.),FYZICAL Therapy & Balance Centers,8:00 AM - 6:00 PM,18:00,8:00 AM - 6:00 PM,18:00,8:00 AM - 6:00 PM,18:00,8:00 AM - 6:00 PM,18:00,8:00 AM - 6:00 PM,18:00,Closed - Closed,,Closed - Closed,,50.0,,50.0,"Mon: 8:00 AM - 6:00 PM, Tue: 8:00 AM - 6:00 PM, Wed: 8:00 AM - 6:00 PM, Thu: 8:00 AM - 6:00 PM, Fri: 8:00 AM - 6:00 PM, Sat: Closed - Closed, Sun: Closed - Closed","Balance & Vestibular Rehab, Orthopedic PT, Neurological Therapy, Fall Prevention",fyzical.com/east-harlem,LIVE,https://fyzical.com/east-harlem,,Balance & wellness specialist,https://www.google.com/maps/search/?api=1&query=FYZICAL%20East%20Harlem%20East%20Harlem%20location%20%28address%20varies%29,,National franchise,600+ locations,Yes,"English, Spanish",4.0,8.0,IG: @fyzical,FYZICAL balance platform,No,3.0,FYZICAL East Harlem — 15 reviews; 4.2★ (lowest in area); balance & vestibular specialty. Limited competitive threat.,"Official Website: fyzical.com/east-harlem
Google: https://www.google.com/search?q=FYZICAL%20East%20Harlem%20NYC%20physical%20therapy
Yelp: https://www.yelp.com/search?find_desc=FYZICAL%20East%20Harlem","National franchise with a highly specific focus on balance, dizziness, and fall prevention.","Uses proprietary balance paradigms. Excellent referral capture for vestibular and neuro issues.
[ROUND 5 - Revenue Model]: Franchise model where the parent company makes money selling proprietary vestibular and balance equipment to the clinic owners. They target the aging demographic (Medicare) heavily.",,Moderate Threat ⚠️,No,40.7952,-73.9307,10026.0,5.0573039271548845,Central Harlem,1.02,"Medicare, Aetna, Cigna, UHC, BCBS, Workers' Comp, No-Fault","Existing specific data retained (fyzical) | Expanded ""Most Major Plans"" within combo value"
Evergreen PT,No,Sugar Hill,"Grand Concourse area, Bronx",4.6,20.0,~2010 (est.),Independent,9:00 AM - 6:00 PM,18:00,9:00 AM - 6:00 PM,18:00,9:00 AM - 6:00 PM,18:00,9:00 AM - 6:00 PM,18:00,9:00 AM - 6:00 PM,18:00,Closed - Closed,,Closed - Closed,,45.0,,45.0,"Mon: 9:00 AM - 6:00 PM, Tue: 9:00 AM - 6:00 PM, Wed: 9:00 AM - 6:00 PM, Thu: 9:00 AM - 6:00 PM, Fri: 9:00 AM - 6:00 PM, Sat: Closed - Closed, Sun: Closed - Closed",General Outpatient Orthopedic PT,evergreenptny.com,LIVE,https://evergreenptny.com,(718) 992-0000,,https://www.google.com/maps/search/?api=1&query=Evergreen%20PT%20Grand%20Concourse%20area%2C%20Bronx,,Independent Local Ownership,1,No,"English, Spanish (Standard NYC)",,,Limited/Inactive Profiles,Standard Outpatient Ortho Equipment,No,,,"Google: https://www.google.com/search?q=Evergreen%20PT%20NYC%20physical%20therapy
Yelp: https://www.yelp.com/search?find_desc=Evergreen%20PT",Standard outpatient physical therapy services.,Requires monitoring if review count increases or hours expand.,,Normal,No,40.8288,-73.9262,10458.0,6.082208755776028,St. Nicholas,0.93,"Aetna, BCBS, Cigna, UHC, Oxford, Medicare, Medicaid, EmblemHealth, GHI, Empire, Fidelis, Healthfirst, Humana, 1199, No-Fault, Workers' Comp","nan | ""Verification Required"" replaced with standard NYC PT insurance panel (estimated)"
Essen Health Care,No,Belmont,Multiple Belmont/Bronx locations,3.5,150.0,2005 (Dr. Sumir Sahgal),Independent,8:00 AM - 4:00 PM,16:00,8:00 AM - 4:00 PM,16:00,8:00 AM - 4:00 PM,16:00,8:00 AM - 4:00 PM,16:00,8:00 AM - 4:00 PM,16:00,Closed - Closed,,Closed - Closed,,40.0,,40.0,"Mon: 8:00 AM - 4:00 PM, Tue: 8:00 AM - 4:00 PM, Wed: 8:00 AM - 4:00 PM, Thu: 8:00 AM - 4:00 PM, Fri: 8:00 AM - 4:00 PM, Sat: Closed - Closed, Sun: Closed - Closed","Multi-Specialty: PT, OT, Pain Management, Orthopedics, Neurology, Primary Care",essenhealthcare.com,LIVE,https://essenhealthcare.com,(718) 583-7736,Multi-specialty medical center with PT component — 35+ Bronx locations; community-focused; sliding fee for uninsured.,https://www.google.com/maps/search/?api=1&query=Essen%20Health%20Care%20Multiple%20Belmont/Bronx%20locations,,Independent Local Ownership,1,No,"English, Spanish (Standard NYC)",,,Limited/Inactive Profiles,Standard Outpatient Ortho Equipment,No,,,"Official Website: essenhealthcare.com
Google: https://www.google.com/search?q=Essen%20Health%20Care%20NYC%20physical%20therapy
Yelp: https://www.yelp.com/search?find_desc=Essen%20Health%20Care","Focus on Neurological Rehabilitation (Stroke, Parkinson's).",Attracts older demographics and specific physician referrals.,,Normal,No,40.8524,-73.886,10457.0,7.626419315526093,Belmont,0.28,"Aetna, BCBS, Cigna, UHC, Oxford, Medicare, Medicaid, EmblemHealth, GHI, Empire, Fidelis, Healthfirst, Humana, 1199, No-Fault, Workers' Comp",
PT of The City — Home Care,Yes,Home Care,Service Area: All Brooklyn Neighborhoods,4.9,515.0,12–20,PT of The City,8:00 AM - 7:00 PM,19:00,8:00 AM - 7:00 PM,19:00,8:00 AM - 7:00 PM,19:00,8:00 AM - 7:00 PM,19:00,8:00 AM - 7:00 PM,19:00,9:00 AM - 5:00 PM,17:00,9:00 AM - 3:00 PM,15:00,55.0,14.0,69.0,"Mon: 8:00 AM - 7:00 PM, Tue: 8:00 AM - 7:00 PM, Wed: 8:00 AM - 7:00 PM, Thu: 8:00 AM - 7:00 PM, Fri: 8:00 AM - 7:00 PM, Sat: 9:00 AM - 5:00 PM, Sun: 9:00 AM - 3:00 PM",In-Home Physical Therapy,ptofthecity.com,LIVE,https://ptofthecity.com,718-648-0888,YOUR CLINIC | 7,https://www.google.com/maps/search/?api=1&query=PT%20of%20The%20City%20%E2%80%93%20Home%20Care%20Service%20Area%3A%20All%20Brooklyn%20Neighborhoods,,Dr. Mahmoud Shalaby (Co-founder/CEO),20+ locations across NYC,No,English; varies by location,,,Limited/Inactive Profiles,Standard Outpatient Ortho Equipment,Yes,4.0,,"Official Website: In-home PT — 7-day service across all Brooklyn neighborhoods; strongest review base (515 reviews)
Google: https://www.google.com/search?q=PT%20of%20The%20City%20%E2%80%93%20Home%20Care%20NYC%20physical%20therapy
Yelp: https://www.yelp.com/search?find_desc=PT%20of%20The%20City%20%E2%80%93%20Home%20Care","YOUR CLINIC: Core focus on community access, strong availability, bilingual staff, and high patient ratings.",Maintain strong SEO and reviews. Target extended hours where competitors are currently winning. PT of The City  Home Care,,High Threat 🚨,Yes (Sat & Sun),40.65,-73.95,,13.291983537973335,Self,0.0,"Aetna, BCBS, Cigna, UHC, Oxford, Medicare, Medicaid, EmblemHealth, GHI, Empire, Fidelis, Healthfirst, Humana, 1199, No-Fault, Workers' Comp","Chain lookup: pt of the city | Expanded ""Most Major Plans"" to standard NYC PT insurance panel"
Spear Physical Therapy — Financial District (14 Wall St),No,Tribeca,"14 Wall St, New York, NY 10005",4.8,120.0,1999,Spear Physical Therapy,8:00 AM - 8:00 PM,,8:00 AM - 8:00 PM,,8:00 AM - 8:00 PM,,8:00 AM - 8:00 PM,,8:00 AM - 7:00 PM,,Closed,,Closed,,,,,,"Orthopedic PT, Sports Rehab, Occupational Therapy, Pelvic Floor, Pediatrics",spearcenter.com,LIVE,https://spearcenter.com,646-790-7454,Spear chain location — major regional competitor.,"https://www.google.com/maps/search/?api=1&query=Spear+Physical+Therapy+—+Financial+District+(14+Wall+St)+14+Wall+St,+New+York,+NY+10005",,Dan Rootenberg,50+ locations (NYC+NJ+LI+Westchester),Yes,"English, Spanish",,,,"AlterG treadmill, Blood Flow Restriction",No,4.0,,https://spearcenter.com/locations/ [cite: 4],Clinic part of Spear Physical Therapy network.,,,High Threat 🚨,,40.7074,-74.0113,10005.0,9.99736977751896,Tribeca,0.71,"Aetna, BCBS, Cigna, UHC, Oxford, Medicare, No-Fault, Workers' Comp",spearcenter.com
Spear Physical Therapy — Financial District (70 Pine),No,Tribeca,"70 Pine Street, New York, NY 10005",4.8,120.0,1999,Spear Physical Therapy,8:00 AM - 8:00 PM,,8:00 AM - 8:00 PM,,8:00 AM - 8:00 PM,,8:00 AM - 8:00 PM,,8:00 AM - 7:00 PM,,Closed,,Closed,,,,,,"Orthopedic PT, Sports Rehab, Occupational Therapy, Pelvic Floor, Pediatrics",spearcenter.com,LIVE,https://spearcenter.com,646-973-5433,Spear chain location — major regional competitor.,"https://www.google.com/maps/search/?api=1&query=Spear+Physical+Therapy+—+Financial+District+(70+Pine)+70+Pine+Street,+New+York,+NY+10005",,Dan Rootenberg,50+ locations (NYC+NJ+LI+Westchester),Yes,"English, Spanish",,,,"AlterG treadmill, Blood Flow Restriction",No,4.0,,https://spearcenter.com/locations/ [cite: 4],Clinic part of Spear Physical Therapy network.,,,High Threat 🚨,,40.7069,-74.0083,10005.0,9.99736977751896,Tribeca,0.67,"Aetna, BCBS, Cigna, UHC, Oxford, Medicare, No-Fault, Workers' Comp",spearcenter.com
Spear Physical Therapy — Sunnyside,No,Astoria,"45-02 Queens Blvd, Sunnyside, NY 11104",4.8,120.0,1999,Spear Physical Therapy,8:00 AM - 8:00 PM,,8:00 AM - 8:00 PM,,8:00 AM - 8:00 PM,,8:00 AM - 8:00 PM,,8:00 AM - 7:00 PM,,Closed,,Closed,,,,,,"Orthopedic PT, Sports Rehab, Occupational Therapy, Pelvic Floor, Pediatrics",spearcenter.com,LIVE,https://spearcenter.com,347-812-0455,Spear chain location — major regional competitor.,"https://www.google.com/maps/search/?api=1&query=Spear+Physical+Therapy+—+Sunnyside+45-02+Queens+Blvd,+Sunnyside,+NY+11104",,Dan Rootenberg,50+ locations (NYC+NJ+LI+Westchester),Yes,"English, Spanish",,,,"AlterG treadmill, Blood Flow Restriction",No,4.0,,https://spearcenter.com/locations/ [cite: 4],Clinic part of Spear Physical Therapy network.,,,High Threat 🚨,,40.7437,-73.9183,11104.0,9.99736977751896,Astoria,1.51,"Aetna, BCBS, Cigna, UHC, Oxford, Medicare, No-Fault, Workers' Comp",spearcenter.com
Spear Physical Therapy — Ditmas Park,No,Home Care,"1103 Cortelyou Rd, Brooklyn, NY 11218",4.8,120.0,1999,Spear Physical Therapy,8:00 AM - 8:00 PM,,8:00 AM - 8:00 PM,,8:00 AM - 8:00 PM,,8:00 AM - 8:00 PM,,8:00 AM - 7:00 PM,,Closed,,Closed,,,,,,"Orthopedic PT, Sports Rehab, Occupational Therapy, Pelvic Floor, Pediatrics",spearcenter.com,LIVE,https://spearcenter.com,347-580-7892,Spear chain location — major regional competitor.,"https://www.google.com/maps/search/?api=1&query=Spear+Physical+Therapy+—+Ditmas+Park+1103+Cortelyou+Rd,+Brooklyn,+NY+11218",,Dan Rootenberg,50+ locations (NYC+NJ+LI+Westchester),Yes,"English, Spanish",,,,"AlterG treadmill, Blood Flow Restriction",No,4.0,,https://spearcenter.com/locations/ [cite: 4],Clinic part of Spear Physical Therapy network.,,,High Threat 🚨,,40.6399,-73.9677,11218.0,9.99736977751896,Home Care,1.16,"Aetna, BCBS, Cigna, UHC, Oxford, Medicare, No-Fault, Workers' Comp",spearcenter.com
Spear Physical Therapy — Washington Heights,No,Inwood,"4246 Broadway, New York, NY 10033",4.8,120.0,1999,Spear Physical Therapy,8:00 AM - 8:00 PM,,8:00 AM - 8:00 PM,,8:00 AM - 8:00 PM,,8:00 AM - 8:00 PM,,8:00 AM - 7:00 PM,,Closed,,Closed,,,,,,"Orthopedic PT, Sports Rehab, Occupational Therapy, Pelvic Floor, Pediatrics",spearcenter.com,LIVE,https://spearcenter.com,646-790-7463,Spear chain location — major regional competitor.,"https://www.google.com/maps/search/?api=1&query=Spear+Physical+Therapy+—+Washington+Heights+4246+Broadway,+New+York,+NY+10033",,Dan Rootenberg,50+ locations (NYC+NJ+LI+Westchester),Yes,"English, Spanish",,,,"AlterG treadmill, Blood Flow Restriction",No,4.0,,https://spearcenter.com/locations/ [cite: 4],Clinic part of Spear Physical Therapy network.,,,High Threat 🚨,,40.8496,-73.9359,10033.0,9.99736977751896,Inwood,1.37,"Aetna, BCBS, Cigna, UHC, Oxford, Medicare, No-Fault, Workers' Comp",spearcenter.com
Spear Physical Therapy — Harlem (W 120th),No,Central Harlem,"2229 Frederick Douglass Blvd, New York, NY 10027",4.8,120.0,1999,Spear Physical Therapy,8:00 AM - 8:00 PM,,8:00 AM - 8:00 PM,,8:00 AM - 8:00 PM,,8:00 AM - 8:00 PM,,8:00 AM - 7:00 PM,,Closed,,Closed,,,,,,"Orthopedic PT, Sports Rehab, Occupational Therapy, Pelvic Floor, Pediatrics",spearcenter.com,LIVE,https://spearcenter.com,646-790-7462,Spear chain location — major regional competitor.,"https://www.google.com/maps/search/?api=1&query=Spear+Physical+Therapy+—+Harlem+(W+120th)+2229+Frederick+Douglass+Blvd,+New+York,+NY+10027",,Dan Rootenberg,50+ locations (NYC+NJ+LI+Westchester),Yes,"English, Spanish",,,,"AlterG treadmill, Blood Flow Restriction",No,4.0,,https://spearcenter.com/locations/ [cite: 4],Clinic part of Spear Physical Therapy network.,,,High Threat 🚨,,40.8065,-73.9528,10027.0,9.99736977751896,Central Harlem,0.52,"Aetna, BCBS, Cigna, UHC, Oxford, Medicare, No-Fault, Workers' Comp",spearcenter.com
Spear Physical Therapy — Jackson Heights,No,Corona,"3559 82nd St, Jackson Heights, NY 11372",4.8,120.0,1999,Spear Physical Therapy,8:00 AM - 8:00 PM,,8:00 AM - 8:00 PM,,8:00 AM - 8:00 PM,,8:00 AM - 8:00 PM,,8:00 AM - 7:00 PM,,Closed,,Closed,,,,,,"Orthopedic PT, Sports Rehab, Occupational Therapy, Pelvic Floor, Pediatrics",spearcenter.com,LIVE,https://spearcenter.com,347-796-3129,Spear chain location — major regional competitor.,"https://www.google.com/maps/search/?api=1&query=Spear+Physical+Therapy+—+Jackson+Heights+3559+82nd+St,+Jackson+Heights,+NY+11372",,Dan Rootenberg,50+ locations (NYC+NJ+LI+Westchester),Yes,"English, Spanish",,,,"AlterG treadmill, Blood Flow Restriction",No,4.0,,https://spearcenter.com/locations/ [cite: 4],Clinic part of Spear Physical Therapy network.,,,High Threat 🚨,,40.7458,-73.8826,11372.0,9.99736977751896,Corona,1.26,"Aetna, BCBS, Cigna, UHC, Oxford, Medicare, No-Fault, Workers' Comp",spearcenter.com
Spear Physical Therapy — Ridgewood,No,Bushwick,"5505 Myrtle Ave, Ridgewood, NY 11385",4.8,120.0,1999,Spear Physical Therapy,8:00 AM - 8:00 PM,,8:00 AM - 8:00 PM,,8:00 AM - 8:00 PM,,8:00 AM - 8:00 PM,,8:00 AM - 7:00 PM,,Closed,,Closed,,,,,,"Orthopedic PT, Sports Rehab, Occupational Therapy, Pelvic Floor, Pediatrics",spearcenter.com,LIVE,https://spearcenter.com,347-408-2387,Spear chain location — major regional competitor.,"https://www.google.com/maps/search/?api=1&query=Spear+Physical+Therapy+—+Ridgewood+5505+Myrtle+Ave,+Ridgewood,+NY+11385",,Dan Rootenberg,50+ locations (NYC+NJ+LI+Westchester),Yes,"English, Spanish",,,,"AlterG treadmill, Blood Flow Restriction",No,4.0,,https://spearcenter.com/locations/ [cite: 4],Clinic part of Spear Physical Therapy network.,,,High Threat 🚨,,40.7024,-73.9045,11385.0,9.99736977751896,Bushwick,2.0,"Aetna, BCBS, Cigna, UHC, Oxford, Medicare, No-Fault, Workers' Comp",spearcenter.com
Spear Physical Therapy — Gowanus,No,Cobbel Hill,"317 Nevins St, Brooklyn, NY 11215",4.8,120.0,1999,Spear Physical Therapy,8:00 AM - 8:00 PM,,8:00 AM - 8:00 PM,,8:00 AM - 8:00 PM,,8:00 AM - 8:00 PM,,8:00 AM - 7:00 PM,,Closed,,Closed,,,,,,"Orthopedic PT, Sports Rehab, Occupational Therapy, Pelvic Floor, Pediatrics",spearcenter.com,LIVE,https://spearcenter.com,347-408-2496,Spear chain location — major regional competitor.,"https://www.google.com/maps/search/?api=1&query=Spear+Physical+Therapy+—+Gowanus+317+Nevins+St,+Brooklyn,+NY+11215",,Dan Rootenberg,50+ locations (NYC+NJ+LI+Westchester),Yes,"English, Spanish",,,,"AlterG treadmill, Blood Flow Restriction",No,4.0,,https://spearcenter.com/locations/ [cite: 4],Clinic part of Spear Physical Therapy network.,,,High Threat 🚨,,40.6724,-73.9839,11215.0,9.99736977751896,Cobble Hill,1.01,"Aetna, BCBS, Cigna, UHC, Oxford, Medicare, No-Fault, Workers' Comp",spearcenter.com
Spear Physical Therapy — UWS Sports Club,No,Hells Kitchen,"160 Columbus Ave, New York, NY 10023",4.8,120.0,1999,Spear Physical Therapy,8:00 AM - 8:00 PM,,8:00 AM - 8:00 PM,,8:00 AM - 8:00 PM,,8:00 AM - 8:00 PM,,8:00 AM - 7:00 PM,,Closed,,Closed,,,,,,"Orthopedic PT, Sports Rehab, Occupational Therapy, Pelvic Floor, Pediatrics",spearcenter.com,LIVE,https://spearcenter.com,646-973-5431,Spear chain location — major regional competitor.,"https://www.google.com/maps/search/?api=1&query=Spear+Physical+Therapy+—+UWS+Sports+Club+160+Columbus+Ave,+New+York,+NY+10023",,Dan Rootenberg,50+ locations (NYC+NJ+LI+Westchester),Yes,"English, Spanish",,,,"AlterG treadmill, Blood Flow Restriction",No,4.0,,https://spearcenter.com/locations/ [cite: 4],Clinic part of Spear Physical Therapy network.,,,High Threat 🚨,,40.772,-73.983,10023.0,9.99736977751896,Hells Kitchen,0.68,"Aetna, BCBS, Cigna, UHC, Oxford, Medicare, No-Fault, Workers' Comp",spearcenter.com
Spear Physical Therapy — Midtown East (2nd Ave),No,Hells Kitchen,"993 2nd Ave, New York, NY 10022",4.8,120.0,1999,Spear Physical Therapy,8:00 AM - 8:00 PM,,8:00 AM - 8:00 PM,,8:00 AM - 8:00 PM,,8:00 AM - 8:00 PM,,8:00 AM - 7:00 PM,,Closed,,Closed,,,,,,"Orthopedic PT, Sports Rehab, Occupational Therapy, Pelvic Floor, Pediatrics",spearcenter.com,LIVE,https://spearcenter.com,646-307-1619,Spear chain location — major regional competitor.,"https://www.google.com/maps/search/?api=1&query=Spear+Physical+Therapy+—+Midtown+East+(2nd+Ave)+993+2nd+Ave,+New+York,+NY+10022",,Dan Rootenberg,50+ locations (NYC+NJ+LI+Westchester),Yes,"English, Spanish",,,,"AlterG treadmill, Blood Flow Restriction",No,4.0,,https://spearcenter.com/locations/ [cite: 4],Clinic part of Spear Physical Therapy network.,,,High Threat 🚨,,40.7564,-73.9665,10022.0,9.99736977751896,Hells Kitchen,1.14,"Aetna, BCBS, Cigna, UHC, Oxford, Medicare, No-Fault, Workers' Comp",spearcenter.com
Spear Physical Therapy — East Village (14th St),No,Chelsea,"212 E 14th St, New York, NY 10003",4.8,120.0,1999,Spear Physical Therapy,8:00 AM - 8:00 PM,,8:00 AM - 8:00 PM,,8:00 AM - 8:00 PM,,8:00 AM - 8:00 PM,,8:00 AM - 7:00 PM,,Closed,,Closed,,,,,,"Orthopedic PT, Sports Rehab, Occupational Therapy, Pelvic Floor, Pediatrics",spearcenter.com,LIVE,https://spearcenter.com,646-222-8996,Spear chain location — major regional competitor.,"https://www.google.com/maps/search/?api=1&query=Spear+Physical+Therapy+—+East+Village+(14th+St)+212+E+14th+St,+New+York,+NY+10003",,Dan Rootenberg,50+ locations (NYC+NJ+LI+Westchester),Yes,"English, Spanish",,,,"AlterG treadmill, Blood Flow Restriction",No,4.0,,https://spearcenter.com/locations/ [cite: 4],Clinic part of Spear Physical Therapy network.,,,High Threat 🚨,,40.7321,-73.9867,10003.0,9.99736977751896,Chelsea,0.92,"Aetna, BCBS, Cigna, UHC, Oxford, Medicare, No-Fault, Workers' Comp",spearcenter.com
Spear Physical Therapy — Bay Ridge (86th St),No,Bay Ridge,"455 86th St, Brooklyn, NY 11209",4.8,120.0,1999,Spear Physical Therapy,8:00 AM - 8:00 PM,,8:00 AM - 8:00 PM,,8:00 AM - 8:00 PM,,8:00 AM - 8:00 PM,,8:00 AM - 7:00 PM,,Closed,,Closed,,,,,,"Orthopedic PT, Sports Rehab, Occupational Therapy, Pelvic Floor, Pediatrics",spearcenter.com,LIVE,https://spearcenter.com,646-222-9510,Spear chain location — major regional competitor.,"https://www.google.com/maps/search/?api=1&query=Spear+Physical+Therapy+—+Bay+Ridge+(86th+St)+455+86th+St,+Brooklyn,+NY+11209",,Dan Rootenberg,50+ locations (NYC+NJ+LI+Westchester),Yes,"English, Spanish",,,,"AlterG treadmill, Blood Flow Restriction",No,4.0,,https://spearcenter.com/locations/ [cite: 1],Clinic part of Spear Physical Therapy network.,,,High Threat 🚨,,40.6253,-74.0293,11209.0,9.99736977751896,Bay Ridge,0.06,"Aetna, BCBS, Cigna, UHC, Oxford, Medicare, No-Fault, Workers' Comp",spearcenter.com
Spear Physical Therapy — Astoria (Ditmars Blvd),No,Astoria,"29-16 Ditmars Blvd, Astoria, NY 11105",4.8,120.0,1999,Spear Physical Therapy,8:00 AM - 8:00 PM,,8:00 AM - 8:00 PM,,8:00 AM - 8:00 PM,,8:00 AM - 8:00 PM,,8:00 AM - 7:00 PM,,Closed,,Closed,,,,,,"Orthopedic PT, Sports Rehab, Occupational Therapy, Pelvic Floor, Pediatrics",spearcenter.com,LIVE,https://spearcenter.com,646-307-1614,Spear chain location — major regional competitor.,"https://www.google.com/maps/search/?api=1&query=Spear+Physical+Therapy+—+Astoria+(Ditmars+Blvd)+29-16+Ditmars+Blvd,+Astoria,+NY+11105",,Dan Rootenberg,50+ locations (NYC+NJ+LI+Westchester),Yes,"English, Spanish",,,,"AlterG treadmill, Blood Flow Restriction",No,4.0,,https://spearcenter.com/locations/ [cite: 1],Clinic part of Spear Physical Therapy network.,,,High Threat 🚨,,40.7747,-73.9247,11105.0,9.99736977751896,Astoria,0.65,"Aetna, BCBS, Cigna, UHC, Oxford, Medicare, No-Fault, Workers' Comp",spearcenter.com
Spear Physical Therapy — NoMad,No,Chelsea,"80 Madison Ave, New York, NY 10016",4.8,120.0,1999,Spear Physical Therapy,8:00 AM - 8:00 PM,,8:00 AM - 8:00 PM,,8:00 AM - 8:00 PM,,8:00 AM - 8:00 PM,,8:00 AM - 7:00 PM,,Closed,,Closed,,,,,,"Orthopedic PT, Sports Rehab, Occupational Therapy, Pelvic Floor, Pediatrics",spearcenter.com,LIVE,https://spearcenter.com,646-337-2791,Spear chain location — major regional competitor.,"https://www.google.com/maps/search/?api=1&query=Spear+Physical+Therapy+—+NoMad+80+Madison+Ave,+New+York,+NY+10016",,Dan Rootenberg,50+ locations (NYC+NJ+LI+Westchester),Yes,"English, Spanish",,,,"AlterG treadmill, Blood Flow Restriction",No,4.0,,https://spearcenter.com/locations/ [cite: 1],Clinic part of Spear Physical Therapy network.,,,High Threat 🚨,,40.7432,-73.987,10016.0,9.99736977751896,Chelsea,0.6,"Aetna, BCBS, Cigna, UHC, Oxford, Medicare, No-Fault, Workers' Comp",spearcenter.com
Spear Physical Therapy — UWS (W 103rd St),No,Upper EastSide,"2708 Broadway, New York, NY 10025",4.8,120.0,1999,Spear Physical Therapy,8:00 AM - 8:00 PM,,8:00 AM - 8:00 PM,,8:00 AM - 8:00 PM,,8:00 AM - 8:00 PM,,8:00 AM - 7:00 PM,,Closed,,Closed,,,,,,"Orthopedic PT, Sports Rehab, Occupational Therapy, Pelvic Floor, Pediatrics",spearcenter.com,LIVE,https://spearcenter.com,646-307-1617,Spear chain location — major regional competitor.,"https://www.google.com/maps/search/?api=1&query=Spear+Physical+Therapy+—+UWS+(W+103rd+St)+2708+Broadway,+New+York,+NY+10025",,Dan Rootenberg,50+ locations (NYC+NJ+LI+Westchester),Yes,"English, Spanish",,,,"AlterG treadmill, Blood Flow Restriction",No,4.0,,https://spearcenter.com/locations/ [cite: 1],Clinic part of Spear Physical Therapy network.,,,High Threat 🚨,,40.7986,-73.97,10025.0,9.99736977751896,Upper East Side,1.35,"Aetna, BCBS, Cigna, UHC, Oxford, Medicare, No-Fault, Workers' Comp",spearcenter.com
Spear Physical Therapy — West Village,No,Chelsea,"273 Bleecker St, New York, NY 10014",4.8,120.0,1999,Spear Physical Therapy,8:00 AM - 8:00 PM,,8:00 AM - 8:00 PM,,8:00 AM - 8:00 PM,,8:00 AM - 8:00 PM,,8:00 AM - 7:00 PM,,Closed,,Closed,,,,,,"Orthopedic PT, Sports Rehab, Occupational Therapy, Pelvic Floor, Pediatrics",spearcenter.com,LIVE,https://spearcenter.com,646-222-8985,Spear chain location — major regional competitor.,"https://www.google.com/maps/search/?api=1&query=Spear+Physical+Therapy+—+West+Village+273+Bleecker+St,+New+York,+NY+10014",,Dan Rootenberg,50+ locations (NYC+NJ+LI+Westchester),Yes,"English, Spanish",,,,"AlterG treadmill, Blood Flow Restriction",No,4.0,,https://spearcenter.com/locations/ [cite: 1],Clinic part of Spear Physical Therapy network.,,,High Threat 🚨,,40.7323,-74.0022,10014.0,9.99736977751896,Chelsea,0.7,"Aetna, BCBS, Cigna, UHC, Oxford, Medicare, No-Fault, Workers' Comp",spearcenter.com
Spear Physical Therapy — Bayside,No,Jamaica,"214-33 41st Ave, Bayside, NY 11361",4.8,120.0,1999,Spear Physical Therapy,8:00 AM - 8:00 PM,,8:00 AM - 8:00 PM,,8:00 AM - 8:00 PM,,8:00 AM - 8:00 PM,,8:00 AM - 7:00 PM,,Closed,,Closed,,,,,,"Orthopedic PT, Sports Rehab, Occupational Therapy, Pelvic Floor, Pediatrics",spearcenter.com,LIVE,https://spearcenter.com,646-973-5420,Spear chain location — major regional competitor.,"https://www.google.com/maps/search/?api=1&query=Spear+Physical+Therapy+—+Bayside+214-33+41st+Ave,+Bayside,+NY+11361",,Dan Rootenberg,50+ locations (NYC+NJ+LI+Westchester),Yes,"English, Spanish",,,,"AlterG treadmill, Blood Flow Restriction",No,4.0,,https://spearcenter.com/locations/ [cite: 1],Clinic part of Spear Physical Therapy network.,,,High Threat 🚨,,40.7595,-73.7748,11361.0,9.99736977751896,Hollis,3.23,"Aetna, BCBS, Cigna, UHC, Oxford, Medicare, No-Fault, Workers' Comp",spearcenter.com
Spear Physical Therapy — Downtown Brooklyn (City Point),No,Cobbel Hill,"445 Gold St, Brooklyn, NY 11201",4.8,120.0,1999,Spear Physical Therapy,8:00 AM - 8:00 PM,,8:00 AM - 8:00 PM,,8:00 AM - 8:00 PM,,8:00 AM - 8:00 PM,,8:00 AM - 7:00 PM,,Closed,,Closed,,,,,,"Orthopedic PT, Sports Rehab, Occupational Therapy, Pelvic Floor, Pediatrics",spearcenter.com,LIVE,https://spearcenter.com,646-790-7450,Spear chain location — major regional competitor.,"https://www.google.com/maps/search/?api=1&query=Spear+Physical+Therapy+—+Downtown+Brooklyn+(City+Point)+445+Gold+St,+Brooklyn,+NY+11201",,Dan Rootenberg,50+ locations (NYC+NJ+LI+Westchester),Yes,"English, Spanish",,,,"AlterG treadmill, Blood Flow Restriction",No,4.0,,https://spearcenter.com/locations/ [cite: 1],Clinic part of Spear Physical Therapy network.,,,High Threat 🚨,,40.693,-73.987,11201.0,9.99736977751896,Cobble Hill,0.73,"Aetna, BCBS, Cigna, UHC, Oxford, Medicare, No-Fault, Workers' Comp",spearcenter.com
Spear Physical Therapy — Park Slope (5th Ave),No,Cobbel Hill,"458 5th Ave, Brooklyn, NY 11215",4.8,120.0,1999,Spear Physical Therapy,8:00 AM - 8:00 PM,,8:00 AM - 8:00 PM,,8:00 AM - 8:00 PM,,8:00 AM - 8:00 PM,,8:00 AM - 7:00 PM,,Closed,,Closed,,,,,,"Orthopedic PT, Sports Rehab, Occupational Therapy, Pelvic Floor, Pediatrics",spearcenter.com,LIVE,https://spearcenter.com,646-847-1734,Spear chain location — major regional competitor.,"https://www.google.com/maps/search/?api=1&query=Spear+Physical+Therapy+—+Park+Slope+(5th+Ave)+458+5th+Ave,+Brooklyn,+NY+11215",,Dan Rootenberg,50+ locations (NYC+NJ+LI+Westchester),Yes,"English, Spanish",,,,"AlterG treadmill, Blood Flow Restriction",No,4.0,,https://spearcenter.com/locations/ [cite: 1],Clinic part of Spear Physical Therapy network.,,,High Threat 🚨,,40.665,-73.9814,11215.0,9.99736977751896,Cobble Hill,1.52,"Aetna, BCBS, Cigna, UHC, Oxford, Medicare, No-Fault, Workers' Comp",spearcenter.com
Spear Physical Therapy — UWS (W 82nd St),No,Lenox Hill,"2273 Broadway, New York, NY 10024",4.8,120.0,1999,Spear Physical Therapy,8:00 AM - 8:00 PM,,8:00 AM - 8:00 PM,,8:00 AM - 8:00 PM,,8:00 AM - 8:00 PM,,8:00 AM - 7:00 PM,,Closed,,Closed,,,,,,"Orthopedic PT, Sports Rehab, Occupational Therapy, Pelvic Floor, Pediatrics",spearcenter.com,LIVE,https://spearcenter.com,646-328-6040,Spear chain location — major regional competitor.,"https://www.google.com/maps/search/?api=1&query=Spear+Physical+Therapy+—+UWS+(W+82nd+St)+2273+Broadway,+New+York,+NY+10024",,Dan Rootenberg,50+ locations (NYC+NJ+LI+Westchester),Yes,"English, Spanish",,,,"AlterG treadmill, Blood Flow Restriction",No,4.0,,https://spearcenter.com/locations/ [cite: 1],Clinic part of Spear Physical Therapy network.,,,High Threat 🚨,,40.7849,-73.9803,10024.0,9.99736977751896,Lenox Hill,1.42,"Aetna, BCBS, Cigna, UHC, Oxford, Medicare, No-Fault, Workers' Comp",spearcenter.com
Spear Physical Therapy — Astoria (Broadway),No,Astoria,"25-29 Broadway, Astoria, NY 11106",4.8,120.0,1999,Spear Physical Therapy,8:00 AM - 8:00 PM,,8:00 AM - 8:00 PM,,8:00 AM - 8:00 PM,,8:00 AM - 8:00 PM,,8:00 AM - 7:00 PM,,Closed,,Closed,,,,,,"Orthopedic PT, Sports Rehab, Occupational Therapy, Pelvic Floor, Pediatrics",spearcenter.com,LIVE,https://spearcenter.com,646-347-0060,Spear chain location — major regional competitor.,"https://www.google.com/maps/search/?api=1&query=Spear+Physical+Therapy+—+Astoria+(Broadway)+25-29+Broadway,+Astoria,+NY+11106",,Dan Rootenberg,50+ locations (NYC+NJ+LI+Westchester),Yes,"English, Spanish",,,,"AlterG treadmill, Blood Flow Restriction",No,4.0,,https://spearcenter.com/locations/ [cite: 1],Clinic part of Spear Physical Therapy network.,,,High Threat 🚨,,40.7711,-73.9306,11106.0,9.99736977751896,Astoria,0.37,"Aetna, BCBS, Cigna, UHC, Oxford, Medicare, No-Fault, Workers' Comp",spearcenter.com
Spear Physical Therapy — LES (Broome St),No,Tribeca,"205 Broome St, New York, NY 10002",4.8,120.0,1999,Spear Physical Therapy,8:00 AM - 8:00 PM,,8:00 AM - 8:00 PM,,8:00 AM - 8:00 PM,,8:00 AM - 8:00 PM,,8:00 AM - 7:00 PM,,Closed,,Closed,,,,,,"Orthopedic PT, Sports Rehab, Occupational Therapy, Pelvic Floor, Pediatrics",spearcenter.com,LIVE,https://spearcenter.com,646-222-9620,Spear chain location — major regional competitor.,"https://www.google.com/maps/search/?api=1&query=Spear+Physical+Therapy+—+LES+(Broome+St)+205+Broome+St,+New+York,+NY+10002",,Dan Rootenberg,50+ locations (NYC+NJ+LI+Westchester),Yes,"English, Spanish",,,,"AlterG treadmill, Blood Flow Restriction",No,4.0,,https://spearcenter.com/locations/ [cite: 1],Clinic part of Spear Physical Therapy network.,,,High Threat 🚨,,40.7175,-73.9896,10002.0,9.99736977751896,Tribeca,0.73,"Aetna, BCBS, Cigna, UHC, Oxford, Medicare, No-Fault, Workers' Comp",spearcenter.com
Spear Physical Therapy — Williamsburg (Grand St),No,Bushwick,"224 Grand Street, Brooklyn, NY 11211",4.8,120.0,1999,Spear Physical Therapy,8:00 AM - 8:00 PM,,8:00 AM - 8:00 PM,,8:00 AM - 8:00 PM,,8:00 AM - 8:00 PM,,8:00 AM - 7:00 PM,,Closed,,Closed,,,,,,"Orthopedic PT, Sports Rehab, Occupational Therapy, Pelvic Floor, Pediatrics",spearcenter.com,LIVE,https://spearcenter.com,646-222-9340,Spear chain location — major regional competitor.,"https://www.google.com/maps/search/?api=1&query=Spear+Physical+Therapy+—+Williamsburg+(Grand+St)+224+Grand+Street,+Brooklyn,+NY+11211",,Dan Rootenberg,50+ locations (NYC+NJ+LI+Westchester),Yes,"English, Spanish",,,,"AlterG treadmill, Blood Flow Restriction",No,4.0,,https://spearcenter.com/locations/ [cite: 1],Clinic part of Spear Physical Therapy network.,,,High Threat 🚨,,40.7124,-73.9548,11211.0,9.99736977751896,Bushwick,0.86,"Aetna, BCBS, Cigna, UHC, Oxford, Medicare, No-Fault, Workers' Comp",spearcenter.com
Spear Physical Therapy — Grand Central,No,Hells Kitchen,"630 3rd Ave, New York, NY 10017",4.8,120.0,1999,Spear Physical Therapy,8:00 AM - 8:00 PM,,8:00 AM - 8:00 PM,,8:00 AM - 8:00 PM,,8:00 AM - 8:00 PM,,8:00 AM - 7:00 PM,,Closed,,Closed,,,,,,"Orthopedic PT, Sports Rehab, Occupational Therapy, Pelvic Floor, Pediatrics",spearcenter.com,LIVE,https://spearcenter.com,646-829-2290,Spear chain location — major regional competitor.,"https://www.google.com/maps/search/?api=1&query=Spear+Physical+Therapy+—+Grand+Central+630+3rd+Ave,+New+York,+NY+10017",,Dan Rootenberg,50+ locations (NYC+NJ+LI+Westchester),Yes,"English, Spanish",,,,"AlterG treadmill, Blood Flow Restriction",No,4.0,,https://spearcenter.com/locations/ [cite: 1],Clinic part of Spear Physical Therapy network.,,,High Threat 🚨,,40.7509,-73.9722,10017.0,9.99736977751896,Hells Kitchen,1.11,"Aetna, BCBS, Cigna, UHC, Oxford, Medicare, No-Fault, Workers' Comp",spearcenter.com
Spear Physical Therapy — LIC Court Square,No,Green Point,"43-12 Hunter St, Long Island City, NY 11101",4.8,120.0,1999,Spear Physical Therapy,8:00 AM - 8:00 PM,,8:00 AM - 8:00 PM,,8:00 AM - 8:00 PM,,8:00 AM - 8:00 PM,,8:00 AM - 7:00 PM,,Closed,,Closed,,,,,,"Orthopedic PT, Sports Rehab, Occupational Therapy, Pelvic Floor, Pediatrics",spearcenter.com,LIVE,https://spearcenter.com,646-222-9350,Spear chain location — major regional competitor.,"https://www.google.com/maps/search/?api=1&query=Spear+Physical+Therapy+—+LIC+Court+Square+43-12+Hunter+St,+Long+Island+City,+NY+11101",,Dan Rootenberg,50+ locations (NYC+NJ+LI+Westchester),Yes,"English, Spanish",,,,"AlterG treadmill, Blood Flow Restriction",No,4.0,,https://spearcenter.com/locations/ [cite: 1],Clinic part of Spear Physical Therapy network.,,,High Threat 🚨,,40.7472,-73.9452,11101.0,9.99736977751896,Greenpoint,1.24,"Aetna, BCBS, Cigna, UHC, Oxford, Medicare, No-Fault, Workers' Comp",spearcenter.com
Spear Physical Therapy — Prospect Heights,No,Clinton Hill,"18 6th Ave, Brooklyn, NY 11217",4.8,120.0,1999,Spear Physical Therapy,8:00 AM - 8:00 PM,,8:00 AM - 8:00 PM,,8:00 AM - 8:00 PM,,8:00 AM - 8:00 PM,,8:00 AM - 7:00 PM,,Closed,,Closed,,,,,,"Orthopedic PT, Sports Rehab, Occupational Therapy, Pelvic Floor, Pediatrics",spearcenter.com,LIVE,https://spearcenter.com,646-222-8995,Spear chain location — major regional competitor.,"https://www.google.com/maps/search/?api=1&query=Spear+Physical+Therapy+—+Prospect+Heights+18+6th+Ave,+Brooklyn,+NY+11217",,Dan Rootenberg,50+ locations (NYC+NJ+LI+Westchester),Yes,"English, Spanish",,,,"AlterG treadmill, Blood Flow Restriction",No,4.0,,https://spearcenter.com/locations/ [cite: 1],Clinic part of Spear Physical Therapy network.,,,High Threat 🚨,,40.6818,-73.9762,11217.0,9.99736977751896,Clinton Hill,0.95,"Aetna, BCBS, Cigna, UHC, Oxford, Medicare, No-Fault, Workers' Comp",spearcenter.com
Spear Physical Therapy — Flatiron,No,Chelsea,"26 E 22nd Street, New York, NY 10010",4.8,120.0,1999,Spear Physical Therapy,8:00 AM - 8:00 PM,,8:00 AM - 8:00 PM,,8:00 AM - 8:00 PM,,8:00 AM - 8:00 PM,,8:00 AM - 7:00 PM,,Closed,,Closed,,,,,,"Orthopedic PT, Sports Rehab, Occupational Therapy, Pelvic Floor, Pediatrics",spearcenter.com,LIVE,https://spearcenter.com,646-847-1684,Spear chain location — major regional competitor.,"https://www.google.com/maps/search/?api=1&query=Spear+Physical+Therapy+—+Flatiron+26+E+22nd+Street,+New+York,+NY+10010",,Dan Rootenberg,50+ locations (NYC+NJ+LI+Westchester),Yes,"English, Spanish",,,,"AlterG treadmill, Blood Flow Restriction",No,4.0,,https://spearcenter.com/locations/ [cite: 1],Clinic part of Spear Physical Therapy network.,,,High Threat 🚨,,40.7403,-73.9878,10010.0,9.99736977751896,Chelsea,0.56,"Aetna, BCBS, Cigna, UHC, Oxford, Medicare, No-Fault, Workers' Comp",spearcenter.com
Spear Physical Therapy — SoHo,No,Tribeca,"161 6th Ave, New York, NY 10013",4.8,120.0,1999,Spear Physical Therapy,8:00 AM - 8:00 PM,,8:00 AM - 8:00 PM,,8:00 AM - 8:00 PM,,8:00 AM - 8:00 PM,,8:00 AM - 7:00 PM,,Closed,,Closed,,,,,,"Orthopedic PT, Sports Rehab, Occupational Therapy, Pelvic Floor, Pediatrics",spearcenter.com,LIVE,https://spearcenter.com,646-847-1686,Spear chain location — major regional competitor.,"https://www.google.com/maps/search/?api=1&query=Spear+Physical+Therapy+—+SoHo+161+6th+Ave,+New+York,+NY+10013",,Dan Rootenberg,50+ locations (NYC+NJ+LI+Westchester),Yes,"English, Spanish",,,,"AlterG treadmill, Blood Flow Restriction",No,4.0,,https://spearcenter.com/locations/ [cite: 1],Clinic part of Spear Physical Therapy network.,,,High Threat 🚨,,40.7274,-74.005,10013.0,9.99736977751896,Tribeca,0.8,"Aetna, BCBS, Cigna, UHC, Oxford, Medicare, No-Fault, Workers' Comp",spearcenter.com
Spear Physical Therapy — Dumbo,No,Tribeca,"81 Washington St, Brooklyn, NY 11201",4.8,120.0,1999,Spear Physical Therapy,8:00 AM - 8:00 PM,,8:00 AM - 8:00 PM,,8:00 AM - 8:00 PM,,8:00 AM - 8:00 PM,,8:00 AM - 7:00 PM,,Closed,,Closed,,,,,,"Orthopedic PT, Sports Rehab, Occupational Therapy, Pelvic Floor, Pediatrics",spearcenter.com,LIVE,https://spearcenter.com,646-222-9370,Spear chain location — major regional competitor.,"https://www.google.com/maps/search/?api=1&query=Spear+Physical+Therapy+—+Dumbo+81+Washington+St,+Brooklyn,+NY+11201",,Dan Rootenberg,50+ locations (NYC+NJ+LI+Westchester),Yes,"English, Spanish",,,,"AlterG treadmill, Blood Flow Restriction",No,4.0,,https://spearcenter.com/locations/ [cite: 1],Clinic part of Spear Physical Therapy network.,,,High Threat 🚨,,40.7031,-73.9886,11201.0,9.99736977751896,Tribeca,1.17,"Aetna, BCBS, Cigna, UHC, Oxford, Medicare, No-Fault, Workers' Comp",spearcenter.com
Spear Physical Therapy — Park Slope (Union St),No,Cobbel Hill,"794 Union Street, Brooklyn, NY 11215",4.8,120.0,1999,Spear Physical Therapy,8:00 AM - 8:00 PM,,8:00 AM - 8:00 PM,,8:00 AM - 8:00 PM,,8:00 AM - 8:00 PM,,8:00 AM - 7:00 PM,,Closed,,Closed,,,,,,"Orthopedic PT, Sports Rehab, Occupational Therapy, Pelvic Floor, Pediatrics",spearcenter.com,LIVE,https://spearcenter.com,646-841-1402,Spear chain location — major regional competitor.,"https://www.google.com/maps/search/?api=1&query=Spear+Physical+Therapy+—+Park+Slope+(Union+St)+794+Union+Street,+Brooklyn,+NY+11215",,Dan Rootenberg,50+ locations (NYC+NJ+LI+Westchester),Yes,"English, Spanish",,,,"AlterG treadmill, Blood Flow Restriction",No,4.0,,https://spearcenter.com/locations/ [cite: 1],Clinic part of Spear Physical Therapy network.,,,High Threat 🚨,,40.6736,-73.9803,11215.0,9.99736977751896,Cobble Hill,1.07,"Aetna, BCBS, Cigna, UHC, Oxford, Medicare, No-Fault, Workers' Comp",spearcenter.com
Spear Physical Therapy — Times Square,No,Hells Kitchen,"729 7th Ave, New York, NY 10019",5.0,250.0,1999,Spear Physical Therapy,7:00 AM - 8:00 PM,,7:00 AM - 8:00 PM,,7:00 AM - 8:00 PM,,7:00 AM - 8:00 PM,,7:00 AM - 8:00 PM,,8:00 AM - 12:00 PM,,Closed - Closed,,,,,,"Orthopedic PT, Sports Rehab, Occupational Therapy, Pelvic Floor, Pediatrics",spearcenter.com,LIVE,https://spearcenter.com,646-841-1401,Spear chain location — major regional competitor.,"https://www.google.com/maps/search/?api=1&query=Spear+Physical+Therapy+—+Times+Square+729+7th+Ave,+New+York,+NY+10019",,Dan Rootenberg,50+ locations (NYC+NJ+LI+Westchester),Yes,"English, Spanish",,,,"AlterG treadmill, Blood Flow Restriction",No,4.0,,https://spearcenter.com/locations/ [cite: 1],Clinic part of Spear Physical Therapy network.,,,High Threat 🚨,,40.7558,-73.9874,10019.0,11.99836860740519,Hells Kitchen,0.47,"Aetna, BCBS, Cigna, UHC, Oxford, Medicare, No-Fault, Workers' Comp",spearcenter.com
Spear Physical Therapy — LIC CityView,No,Astoria,"43-34 32nd Place, Long Island City, NY 11101",4.8,120.0,1999,Spear Physical Therapy,8:00 AM - 8:00 PM,,8:00 AM - 8:00 PM,,8:00 AM - 8:00 PM,,8:00 AM - 8:00 PM,,8:00 AM - 7:00 PM,,Closed,,Closed,,,,,,"Orthopedic PT, Sports Rehab, Occupational Therapy, Pelvic Floor, Pediatrics",spearcenter.com,LIVE,https://spearcenter.com,646-973-5439,Spear chain location — major regional competitor.,"https://www.google.com/maps/search/?api=1&query=Spear+Physical+Therapy+—+LIC+CityView+43-34+32nd+Place,+Long+Island+City,+NY+11101",,Dan Rootenberg,50+ locations (NYC+NJ+LI+Westchester),Yes,"English, Spanish",,,,"AlterG treadmill, Blood Flow Restriction",No,4.0,,https://spearcenter.com/locations/ [cite: 1],Clinic part of Spear Physical Therapy network.,,,High Threat 🚨,,40.7485,-73.9381,11101.0,9.99736977751896,Astoria,1.25,"Aetna, BCBS, Cigna, UHC, Oxford, Medicare, No-Fault, Workers' Comp",spearcenter.com
Spear Physical Therapy — UWS (W 75th St),No,Hells Kitchen,"235 West 75th Street, New York, NY 10023",4.8,120.0,1999,Spear Physical Therapy,8:00 AM - 8:00 PM,,8:00 AM - 8:00 PM,,8:00 AM - 8:00 PM,,8:00 AM - 8:00 PM,,8:00 AM - 7:00 PM,,Closed,,Closed,,,,,,"Orthopedic PT, Sports Rehab, Occupational Therapy, Pelvic Floor, Pediatrics",spearcenter.com,LIVE,https://spearcenter.com,646-518-5559,Spear chain location — major regional competitor.,"https://www.google.com/maps/search/?api=1&query=Spear+Physical+Therapy+—+UWS+(W+75th+St)+235+West+75th+Street,+New+York,+NY+10023",,Dan Rootenberg,50+ locations (NYC+NJ+LI+Westchester),Yes,"English, Spanish",,,,"AlterG treadmill, Blood Flow Restriction",No,4.0,,https://spearcenter.com/locations/ [cite: 1],Clinic part of Spear Physical Therapy network.,,,High Threat 🚨,,40.7807,-73.9818,10023.0,9.99736977751896,Hells Kitchen,1.27,"Aetna, BCBS, Cigna, UHC, Oxford, Medicare, No-Fault, Workers' Comp",spearcenter.com
Spear Physical Therapy — Brooklyn Heights,No,Cobbel Hill,"41 Clark Street, Brooklyn, NY 11201",4.8,120.0,1999,Spear Physical Therapy,8:00 AM - 8:00 PM,,8:00 AM - 8:00 PM,,8:00 AM - 8:00 PM,,8:00 AM - 8:00 PM,,8:00 AM - 7:00 PM,,Closed,,Closed,,,,,,"Orthopedic PT, Sports Rehab, Occupational Therapy, Pelvic Floor, Pediatrics",spearcenter.com,LIVE,https://spearcenter.com,646-518-5566,Spear chain location — major regional competitor.,"https://www.google.com/maps/search/?api=1&query=Spear+Physical+Therapy+—+Brooklyn+Heights+41+Clark+Street,+Brooklyn,+NY+11201",,Dan Rootenberg,50+ locations (NYC+NJ+LI+Westchester),Yes,"English, Spanish",,,,"AlterG treadmill, Blood Flow Restriction",No,4.0,,https://spearcenter.com/locations/ [cite: 1],Clinic part of Spear Physical Therapy network.,,,High Threat 🚨,,40.696,-73.9944,11201.0,9.99736977751896,Cobble Hill,0.8,"Aetna, BCBS, Cigna, UHC, Oxford, Medicare, No-Fault, Workers' Comp",spearcenter.com
Spear Physical Therapy — Murray Hill,No,Chelsea,"143 East 34th Street, New York, NY 10016",4.8,120.0,1999,Spear Physical Therapy,8:00 AM - 8:00 PM,,8:00 AM - 8:00 PM,,8:00 AM - 8:00 PM,,8:00 AM - 8:00 PM,,8:00 AM - 7:00 PM,,Closed,,Closed,,,,,,"Orthopedic PT, Sports Rehab, Occupational Therapy, Pelvic Floor, Pediatrics",spearcenter.com,LIVE,https://spearcenter.com,646-841-1400,Spear chain location — major regional competitor.,"https://www.google.com/maps/search/?api=1&query=Spear+Physical+Therapy+—+Murray+Hill+143+East+34th+Street,+New+York,+NY+10016",,Dan Rootenberg,50+ locations (NYC+NJ+LI+Westchester),Yes,"English, Spanish",,,,"AlterG treadmill, Blood Flow Restriction",No,4.0,,https://spearcenter.com/locations/ [cite: 1],Clinic part of Spear Physical Therapy network.,,,High Threat 🚨,,40.7457,-73.9772,10016.0,9.99736977751896,Chelsea,1.13,"Aetna, BCBS, Cigna, UHC, Oxford, Medicare, No-Fault, Workers' Comp",spearcenter.com
Spear Physical Therapy — Penn Plaza,No,Chelsea,"450 7th Avenue, New York, NY 10123",4.8,120.0,1999,Spear Physical Therapy,8:00 AM - 8:00 PM,,8:00 AM - 8:00 PM,,8:00 AM - 8:00 PM,,8:00 AM - 8:00 PM,,8:00 AM - 7:00 PM,,Closed,,Closed,,,,,,"Orthopedic PT, Sports Rehab, Occupational Therapy, Pelvic Floor, Pediatrics",spearcenter.com,LIVE,https://spearcenter.com,646-518-5555,Spear chain location — major regional competitor.,"https://www.google.com/maps/search/?api=1&query=Spear+Physical+Therapy+—+Penn+Plaza+450+7th+Avenue,+New+York,+NY+10123",,Dan Rootenberg,50+ locations (NYC+NJ+LI+Westchester),Yes,"English, Spanish",,,,"AlterG treadmill, Blood Flow Restriction",No,4.0,,https://spearcenter.com/locations/ [cite: 1],Clinic part of Spear Physical Therapy network.,,,High Threat 🚨,,40.7516,-73.9935,10123.0,9.99736977751896,Chelsea,0.7,"Aetna, BCBS, Cigna, UHC, Oxford, Medicare, No-Fault, Workers' Comp",spearcenter.com
Spear Physical Therapy — Midtown (W 44th),No,Hells Kitchen,"36 West 44th Street, New York, NY 10036",4.8,120.0,1999,Spear Physical Therapy,8:00 AM - 8:00 PM,,8:00 AM - 8:00 PM,,8:00 AM - 8:00 PM,,8:00 AM - 8:00 PM,,8:00 AM - 7:00 PM,,Closed,,Closed,,,,,,"Orthopedic PT, Sports Rehab, Occupational Therapy, Pelvic Floor, Pediatrics",spearcenter.com,LIVE,https://spearcenter.com,212-759-2280,Spear chain location — major regional competitor.,"https://www.google.com/maps/search/?api=1&query=Spear+Physical+Therapy+—+Midtown+(W+44th)+36+West+44th+Street,+New+York,+NY+10036",,Dan Rootenberg,50+ locations (NYC+NJ+LI+Westchester),Yes,"English, Spanish",,,,"AlterG treadmill, Blood Flow Restriction",No,4.0,,https://spearcenter.com/locations/ [cite: 1],Clinic part of Spear Physical Therapy network.,,,High Threat 🚨,,40.755,-73.981,10036.0,9.99736977751896,Hells Kitchen,0.61,"Aetna, BCBS, Cigna, UHC, Oxford, Medicare, No-Fault, Workers' Comp",spearcenter.com
Spear Physical Therapy — Midtown (E 56th),No,Hells Kitchen,"120 East 56th Street, New York, NY 10022",4.8,120.0,1999,Spear Physical Therapy,8:00 AM - 8:00 PM,,8:00 AM - 8:00 PM,,8:00 AM - 8:00 PM,,8:00 AM - 8:00 PM,,8:00 AM - 7:00 PM,,Closed,,Closed,,,,,,"Orthopedic PT, Sports Rehab, Occupational Therapy, Pelvic Floor, Pediatrics",spearcenter.com,LIVE,https://spearcenter.com,212-759-2211,Spear chain location — major regional competitor.,"https://www.google.com/maps/search/?api=1&query=Spear+Physical+Therapy+—+Midtown+(E+56th)+120+East+56th+Street,+New+York,+NY+10022",,Dan Rootenberg,50+ locations (NYC+NJ+LI+Westchester),Yes,"English, Spanish",,,,"AlterG treadmill, Blood Flow Restriction",No,4.0,,https://spearcenter.com/locations/ [cite: 1],Clinic part of Spear Physical Therapy network.,,,High Threat 🚨,,40.7594,-73.9693,10022.0,9.99736977751896,Hells Kitchen,0.94,"Aetna, BCBS, Cigna, UHC, Oxford, Medicare, No-Fault, Workers' Comp",spearcenter.com
Spear Physical Therapy — Forest Hills,No,Corona,"107-12 Queens Boulevard, Queens, NY 11375",4.8,120.0,1999,Spear Physical Therapy,8:00 AM - 8:00 PM,,8:00 AM - 8:00 PM,,8:00 AM - 8:00 PM,,8:00 AM - 8:00 PM,,8:00 AM - 7:00 PM,,Closed,,Closed,,,,,,"Orthopedic PT, Sports Rehab, Occupational Therapy, Pelvic Floor, Pediatrics",spearcenter.com,LIVE,https://spearcenter.com,646-222-9640,Spear chain location — major regional competitor.,"https://www.google.com/maps/search/?api=1&query=Spear+Physical+Therapy+—+Forest+Hills+107-12+Queens+Boulevard,+Queens,+NY+11375",,Dan Rootenberg,50+ locations (NYC+NJ+LI+Westchester),Yes,"English, Spanish",,,,"AlterG treadmill, Blood Flow Restriction",No,4.0,,https://spearcenter.com/locations/ [cite: 1],Clinic part of Spear Physical Therapy network.,,,High Threat 🚨,,40.7202,-73.8437,11375.0,9.99736977751896,Corona,2.81,"Aetna, BCBS, Cigna, UHC, Oxford, Medicare, No-Fault, Workers' Comp",spearcenter.com
Spear Physical Therapy — NoHo (Broadway),No,Tribeca,"652 Broadway, New York, NY 10012",4.8,120.0,1999,Spear Physical Therapy,8:00 AM - 8:00 PM,,8:00 AM - 8:00 PM,,8:00 AM - 8:00 PM,,8:00 AM - 8:00 PM,,8:00 AM - 7:00 PM,,Closed,,Closed,,,,,,"Orthopedic PT, Sports Rehab, Occupational Therapy, Pelvic Floor, Pediatrics",spearcenter.com,LIVE,https://spearcenter.com,646-847-1635,Spear chain location — major regional competitor.,"https://www.google.com/maps/search/?api=1&query=Spear+Physical+Therapy+—+NoHo+(Broadway)+652+Broadway,+New+York,+NY+10012",,Dan Rootenberg,50+ locations (NYC+NJ+LI+Westchester),Yes,"English, Spanish",,,,"AlterG treadmill, Blood Flow Restriction",No,4.0,,https://spearcenter.com/locations/ [cite: 1],Clinic part of Spear Physical Therapy network.,,,High Threat 🚨,,40.7258,-73.9966,10012.0,9.99736977751896,Tribeca,0.78,"Aetna, BCBS, Cigna, UHC, Oxford, Medicare, No-Fault, Workers' Comp",spearcenter.com
Spear Physical Therapy — Tribeca (Chambers),No,Tribeca,"95 Chambers Street, New York, NY 10007",4.8,120.0,1999,Spear Physical Therapy,8:00 AM - 8:00 PM,,8:00 AM - 8:00 PM,,8:00 AM - 8:00 PM,,8:00 AM - 8:00 PM,,8:00 AM - 7:00 PM,,Closed,,Closed,,,,,,"Orthopedic PT, Sports Rehab, Occupational Therapy, Pelvic Floor, Pediatrics",spearcenter.com,LIVE,https://spearcenter.com,646-973-5437,Spear chain location — major regional competitor.,"https://www.google.com/maps/search/?api=1&query=Spear+Physical+Therapy+—+Tribeca+(Chambers)+95+Chambers+Street,+New+York,+NY+10007",,Dan Rootenberg,50+ locations (NYC+NJ+LI+Westchester),Yes,"English, Spanish",,,,"AlterG treadmill, Blood Flow Restriction",No,4.0,,https://spearcenter.com/locations/ [cite: 1],Clinic part of Spear Physical Therapy network.,,,High Threat 🚨,,40.7136,-74.0077,10007.0,9.99736977751896,Tribeca,0.27,"Aetna, BCBS, Cigna, UHC, Oxford, Medicare, No-Fault, Workers' Comp",spearcenter.com
Spear Physical Therapy — Tribeca (Park Place),No,Tribeca,"16 Park Place, New York, NY 10007",4.8,120.0,1999,Spear Physical Therapy,8:00 AM - 8:00 PM,,8:00 AM - 8:00 PM,,8:00 AM - 8:00 PM,,8:00 AM - 8:00 PM,,8:00 AM - 7:00 PM,,Closed,,Closed,,,,,,"Orthopedic PT, Sports Rehab, Occupational Therapy, Pelvic Floor, Pediatrics",spearcenter.com,LIVE,https://spearcenter.com,646-518-5558,Spear chain location — major regional competitor.,"https://www.google.com/maps/search/?api=1&query=Spear+Physical+Therapy+—+Tribeca+(Park+Place)+16+Park+Place,+New+York,+NY+10007",,Dan Rootenberg,50+ locations (NYC+NJ+LI+Westchester),Yes,"English, Spanish",,,,"AlterG treadmill, Blood Flow Restriction",No,4.0,,https://spearcenter.com/locations/ [cite: 1],Clinic part of Spear Physical Therapy network.,,,High Threat 🚨,,40.7131,-74.0088,10007.0,9.99736977751896,Tribeca,0.34,"Aetna, BCBS, Cigna, UHC, Oxford, Medicare, No-Fault, Workers' Comp",spearcenter.com
Spear Physical Therapy — Williamsburg (N 7th),No,Green Point,"71 N 7th St, Brooklyn, NY 11249",4.8,120.0,1999,Spear Physical Therapy,8:00 AM - 8:00 PM,,8:00 AM - 8:00 PM,,8:00 AM - 8:00 PM,,8:00 AM - 8:00 PM,,8:00 AM - 7:00 PM,,Closed,,Closed,,,,,,"Orthopedic PT, Sports Rehab, Occupational Therapy, Pelvic Floor, Pediatrics",spearcenter.com,LIVE,https://spearcenter.com,646-829-2295,Spear chain location — major regional competitor.,"https://www.google.com/maps/search/?api=1&query=Spear+Physical+Therapy+—+Williamsburg+(N+7th)+71+N+7th+St,+Brooklyn,+NY+11249",,Dan Rootenberg,50+ locations (NYC+NJ+LI+Westchester),Yes,"English, Spanish",,,,"AlterG treadmill, Blood Flow Restriction",No,4.0,,https://spearcenter.com/locations/ [cite: 1],Clinic part of Spear Physical Therapy network.,,,High Threat 🚨,,40.7186,-73.9596,11249.0,9.99736977751896,Greenpoint,0.87,"Aetna, BCBS, Cigna, UHC, Oxford, Medicare, No-Fault, Workers' Comp",spearcenter.com
Spear Physical Therapy — Crown Heights (Franklin Ave),No,Bedstuy,"711 Franklin Ave, Brooklyn, NY 11238",4.8,120.0,1999,Spear Physical Therapy,8:00 AM - 8:00 PM,,8:00 AM - 8:00 PM,,8:00 AM - 8:00 PM,,8:00 AM - 8:00 PM,,8:00 AM - 7:00 PM,,Closed,,Closed,,,,,,"Orthopedic PT, Sports Rehab, Occupational Therapy, Pelvic Floor, Pediatrics",spearcenter.com,LIVE,https://spearcenter.com,347-812-0233,COMING SOON — Spear expansion into Crown Heights,"https://www.google.com/maps/search/?api=1&query=Spear+Physical+Therapy+—+Crown+Heights+(Franklin+Ave)+711+Franklin+Ave,+Brooklyn,+NY+11238",,Dan Rootenberg,50+ locations (NYC+NJ+LI+Westchester),Yes,"English, Spanish",,,,"AlterG treadmill, Blood Flow Restriction",No,4.0,,https://spearcenter.com/locations/ [cite: 1],Clinic part of Spear Physical Therapy network.,,,High Threat 🚨,,40.6742,-73.9565,11238.0,9.99736977751896,BedStuy,0.51,"Aetna, BCBS, Cigna, UHC, Oxford, Medicare, No-Fault, Workers' Comp",spearcenter.com
Spear Physical Therapy — Staten Island,No,Bay Ridge,"2716 Hylan Blvd, Staten Island, NY 10306",4.8,120.0,1999,Spear Physical Therapy,8:00 AM - 8:00 PM,,8:00 AM - 8:00 PM,,8:00 AM - 8:00 PM,,8:00 AM - 8:00 PM,,8:00 AM - 7:00 PM,,Closed,,Closed,,,,,,"Orthopedic PT, Sports Rehab, Occupational Therapy, Pelvic Floor, Pediatrics",spearcenter.com,LIVE,https://spearcenter.com,347-321-9174,Spear chain location — major regional competitor.,"https://www.google.com/maps/search/?api=1&query=Spear+Physical+Therapy+—+Staten+Island+2716+Hylan+Blvd,+Staten+Island,+NY+10306",,Dan Rootenberg,50+ locations (NYC+NJ+LI+Westchester),Yes,"English, Spanish",,,,"AlterG treadmill, Blood Flow Restriction",No,4.0,,https://spearcenter.com/locations/ [cite: 1],Clinic part of Spear Physical Therapy network.,,,High Threat 🚨,,40.5672,-74.1196,10306.0,9.99736977751896,Bay Ridge,6.15,"Aetna, BCBS, Cigna, UHC, Oxford, Medicare, No-Fault, Workers' Comp",spearcenter.com
Spear Physical Therapy — UES (E 89th St),No,Upper EastSide,"1338 Lexington Ave, New York, NY 10128",4.8,120.0,1999,Spear Physical Therapy,8:00 AM - 8:00 PM,,8:00 AM - 8:00 PM,,8:00 AM - 8:00 PM,,8:00 AM - 8:00 PM,,8:00 AM - 7:00 PM,,Closed,,Closed,,,,,,"Orthopedic PT, Sports Rehab, Occupational Therapy, Pelvic Floor, Pediatrics",spearcenter.com,LIVE,https://spearcenter.com,646-307-1610,Spear chain location — major regional competitor.,"https://www.google.com/maps/search/?api=1&query=Spear+Physical+Therapy+—+UES+(E+89th+St)+1338+Lexington+Ave,+New+York,+NY+10128",,Dan Rootenberg,50+ locations (NYC+NJ+LI+Westchester),Yes,"English, Spanish",,,,"AlterG treadmill, Blood Flow Restriction",No,4.0,,https://spearcenter.com/locations/ [cite: 1],Clinic part of Spear Physical Therapy network.,,,High Threat 🚨,,40.7802,-73.9556,10128.0,9.99736977751896,Upper East Side,0.38,"Aetna, BCBS, Cigna, UHC, Oxford, Medicare, No-Fault, Workers' Comp",spearcenter.com
Spear Physical Therapy — UES (3rd Ave),No,Lenox Hill,"1157 3rd Ave, New York, NY 10065",4.8,120.0,1999,Spear Physical Therapy,8:00 AM - 8:00 PM,,8:00 AM - 8:00 PM,,8:00 AM - 8:00 PM,,8:00 AM - 8:00 PM,,8:00 AM - 7:00 PM,,Closed,,Closed,,,,,,"Orthopedic PT, Sports Rehab, Occupational Therapy, Pelvic Floor, Pediatrics",spearcenter.com,LIVE,https://spearcenter.com,646-222-9360,Spear chain location — major regional competitor.,"https://www.google.com/maps/search/?api=1&query=Spear+Physical+Therapy+—+UES+(3rd+Ave)+1157+3rd+Ave,+New+York,+NY+10065",,Dan Rootenberg,50+ locations (NYC+NJ+LI+Westchester),Yes,"English, Spanish",,,,"AlterG treadmill, Blood Flow Restriction",No,4.0,,https://spearcenter.com/locations/ [cite: 1],Clinic part of Spear Physical Therapy network.,,,High Threat 🚨,,40.7659,-73.9602,10065.0,9.99736977751896,Lenox Hill,0.5,"Aetna, BCBS, Cigna, UHC, Oxford, Medicare, No-Fault, Workers' Comp",spearcenter.com
Spear Physical Therapy — UES (York Ave),No,Lenox Hill,"1750 York Ave, New York, NY 10128",4.8,120.0,1999,Spear Physical Therapy,8:00 AM - 8:00 PM,,8:00 AM - 8:00 PM,,8:00 AM - 8:00 PM,,8:00 AM - 8:00 PM,,8:00 AM - 7:00 PM,,Closed,,Closed,,,,,,"Orthopedic PT, Sports Rehab, Occupational Therapy, Pelvic Floor, Pediatrics",spearcenter.com,LIVE,https://spearcenter.com,646-347-0050,Spear chain location — major regional competitor.,"https://www.google.com/maps/search/?api=1&query=Spear+Physical+Therapy+—+UES+(York+Ave)+1750+York+Ave,+New+York,+NY+10128",,Dan Rootenberg,50+ locations (NYC+NJ+LI+Westchester),Yes,"English, Spanish",,,,"AlterG treadmill, Blood Flow Restriction",No,4.0,,https://spearcenter.com/locations/ [cite: 1],Clinic part of Spear Physical Therapy network.,,,High Threat 🚨,,40.7739,-73.9479,10128.0,9.99736977751896,Lenox Hill,0.54,"Aetna, BCBS, Cigna, UHC, Oxford, Medicare, No-Fault, Workers' Comp",spearcenter.com
Spear Physical Therapy — UES (E 84th St),No,Lenox Hill,"245 East 84th Street, New York, NY 10028",4.8,120.0,1999,Spear Physical Therapy,8:00 AM - 8:00 PM,,8:00 AM - 8:00 PM,,8:00 AM - 8:00 PM,,8:00 AM - 8:00 PM,,8:00 AM - 7:00 PM,,Closed,,Closed,,,,,,"Orthopedic PT, Sports Rehab, Occupational Therapy, Pelvic Floor, Pediatrics",spearcenter.com,LIVE,https://spearcenter.com,646-841-1414,Spear chain location — major regional competitor.,"https://www.google.com/maps/search/?api=1&query=Spear+Physical+Therapy+—+UES+(E+84th+St)+245+East+84th+Street,+New+York,+NY+10028",,Dan Rootenberg,50+ locations (NYC+NJ+LI+Westchester),Yes,"English, Spanish",,,,"AlterG treadmill, Blood Flow Restriction",No,4.0,,https://spearcenter.com/locations/ [cite: 1],Clinic part of Spear Physical Therapy network.,,,High Threat 🚨,,40.7766,-73.954,10028.0,9.99736977751896,Lenox Hill,0.33,"Aetna, BCBS, Cigna, UHC, Oxford, Medicare, No-Fault, Workers' Comp",spearcenter.com
Spear Physical Therapy — Chelsea (16th St),No,Chelsea,"269 West 16th Street, New York, NY 10011",4.8,120.0,1999,Spear Physical Therapy,8:00 AM - 8:00 PM,,8:00 AM - 8:00 PM,,8:00 AM - 8:00 PM,,8:00 AM - 8:00 PM,,8:00 AM - 7:00 PM,,Closed,,Closed,,,,,,"Orthopedic PT, Sports Rehab, Occupational Therapy, Pelvic Floor, Pediatrics",spearcenter.com,LIVE,https://spearcenter.com,646-841-1411,Spear chain location — major regional competitor.,"https://www.google.com/maps/search/?api=1&query=Spear+Physical+Therapy+—+Chelsea+(16th+St)+269+West+16th+Street,+New+York,+NY+10011",,Dan Rootenberg,50+ locations (NYC+NJ+LI+Westchester),Yes,"English, Spanish",,,,"AlterG treadmill, Blood Flow Restriction",No,4.0,,https://spearcenter.com/locations/ [cite: 1],Clinic part of Spear Physical Therapy network.,,,High Threat 🚨,,40.7412,-74.0003,10011.0,9.99736977751896,Chelsea,0.12,"Aetna, BCBS, Cigna, UHC, Oxford, Medicare, No-Fault, Workers' Comp",spearcenter.com
Spear Physical Therapy — Clinton Hill (Myrtle Ave),No,Clinton Hill,"504 Myrtle Ave, Brooklyn, NY 11205",5.0,97.0,1999,Spear Physical Therapy,7:00 AM - 8:00 PM,,7:00 AM - 8:00 PM,,7:00 AM - 8:00 PM,,7:00 AM - 8:00 PM,,7:00 AM - 8:00 PM,,Closed - Closed,,Closed - Closed,,,,,,"Orthopedic PT, Sports Rehab, Occupational Therapy, Pelvic Floor, Pediatrics",spearcenter.com,LIVE,https://spearcenter.com,646-337-2710,Spear chain location — major regional competitor.,"https://www.google.com/maps/search/?api=1&query=Spear+Physical+Therapy+—+Clinton+Hill+(Myrtle+Ave)+504+Myrtle+Ave,+Brooklyn,+NY+11205",,Dan Rootenberg,50+ locations (NYC+NJ+LI+Westchester),Yes,"English, Spanish",,,,"AlterG treadmill, Blood Flow Restriction",No,4.0,,https://spearcenter.com/locations/ [cite: 1],Clinic part of Spear Physical Therapy network.,,,High Threat 🚨,,40.6942,-73.9637,11205.0,9.956130378462474,Clinton Hill,0.16,"Aetna, BCBS, Cigna, UHC, Oxford, Medicare, No-Fault, Workers' Comp",spearcenter.com
JAG Physical Therapy — UES (84th St),No,Lenox Hill,"171 East 84th St, New York, NY 10028",4.8,120.0,2006,JAG Physical Therapy,8:00 AM - 8:00 PM,,8:00 AM - 8:00 PM,,8:00 AM - 8:00 PM,,8:00 AM - 8:00 PM,,8:00 AM - 7:00 PM,,Closed,,Closed,,,,,,"Orthopedic PT, Sports Medicine, Occupational Therapy, Hand Therapy (CHT), Women's Health Services, Pelvic Floor PT, Industrial Rehabilitation, Athletic Training",jagpt.com,LIVE,https://jagpt.com,516-689-1308,JAG chain location — major regional competitor. 160+ locations nationally.,"https://www.google.com/maps/search/?api=1&query=JAG+Physical+Therapy+—+UES+(84th+St)+171+East+84th+St,+New+York,+NY+10028",,John A. Gallucci Jr.,160+ locations (NYC/NJ/PA/Westchester),Yes,English,,,,Standard Outpatient Ortho Equipment,No,4.0,,https://jagpt.com/locations/ [cite: 2],Clinic part of JAG Physical Therapy network.,,,High Threat 🚨,,40.7766,-73.954,10028.0,9.99736977751896,Lenox Hill,0.33,"Aetna, Horizon BCBS, Empire Plan, Cigna, Emblem Health / GHI / CBP, Qualcare, Medicare, Railroad Medicare, Oxford, Barnabas Healthcare, United Healthcare, No Fault (PIP), Workers' Compensation, School Insurance",jagpt.com
JAG Physical Therapy — Gramercy Park,No,Chelsea,"201 East 21st St, New York, NY 10010",4.8,120.0,2006,JAG Physical Therapy,8:00 AM - 8:00 PM,,8:00 AM - 8:00 PM,,8:00 AM - 8:00 PM,,8:00 AM - 8:00 PM,,8:00 AM - 7:00 PM,,Closed,,Closed,,,,,,"Orthopedic PT, Sports Medicine, Occupational Therapy, Hand Therapy (CHT), Women's Health Services, Pelvic Floor PT, Industrial Rehabilitation, Athletic Training",jagpt.com,LIVE,https://jagpt.com,212-353-5029,JAG chain location — major regional competitor. 160+ locations nationally.,"https://www.google.com/maps/search/?api=1&query=JAG+Physical+Therapy+—+Gramercy+Park+201+East+21st+St,+New+York,+NY+10010",,John A. Gallucci Jr.,160+ locations (NYC/NJ/PA/Westchester),Yes,English,,,,Standard Outpatient Ortho Equipment,No,4.0,,https://jagpt.com/locations/ [cite: 2],Clinic part of JAG Physical Therapy network.,,,High Threat 🚨,,40.7378,-73.983,10010.0,9.99736977751896,Chelsea,0.85,"Aetna, Horizon BCBS, Empire Plan, Cigna, Emblem Health / GHI / CBP, Qualcare, Medicare, Railroad Medicare, Oxford, Barnabas Healthcare, United Healthcare, No Fault (PIP), Workers' Compensation, School Insurance",jagpt.com
JAG Physical Therapy — Midtown (Madison Ave),No,Chelsea,"274 Madison Ave, New York, NY 10016",4.8,120.0,2006,JAG Physical Therapy,8:00 AM - 8:00 PM,,8:00 AM - 8:00 PM,,8:00 AM - 8:00 PM,,8:00 AM - 8:00 PM,,8:00 AM - 7:00 PM,,Closed,,Closed,,,,,,"Orthopedic PT, Sports Medicine, Occupational Therapy, Hand Therapy (CHT), Women's Health Services, Pelvic Floor PT, Industrial Rehabilitation, Athletic Training",jagpt.com,LIVE,https://jagpt.com,646-416-8038,JAG chain location — major regional competitor. 160+ locations nationally.,"https://www.google.com/maps/search/?api=1&query=JAG+Physical+Therapy+—+Midtown+(Madison+Ave)+274+Madison+Ave,+New+York,+NY+10016",,John A. Gallucci Jr.,160+ locations (NYC/NJ/PA/Westchester),Yes,English,,,,Standard Outpatient Ortho Equipment,No,4.0,,https://jagpt.com/locations/ [cite: 1],Clinic part of JAG Physical Therapy network.,,,High Threat 🚨,,40.7481,-73.9838,10016.0,9.99736977751896,Chelsea,0.87,"Aetna, Horizon BCBS, Empire Plan, Cigna, Emblem Health / GHI / CBP, Qualcare, Medicare, Railroad Medicare, Oxford, Barnabas Healthcare, United Healthcare, No Fault (PIP), Workers' Compensation, School Insurance",jagpt.com
JAG Physical Therapy — Morningside Heights,No,Central Harlem,"976 Amsterdam Ave, New York, NY 10025",4.8,120.0,2006,JAG Physical Therapy,8:00 AM - 8:00 PM,,8:00 AM - 8:00 PM,,8:00 AM - 8:00 PM,,8:00 AM - 8:00 PM,,8:00 AM - 7:00 PM,,Closed,,Closed,,,,,,"Orthopedic PT, Sports Medicine, Occupational Therapy, Hand Therapy (CHT), Women's Health Services, Pelvic Floor PT, Industrial Rehabilitation, Athletic Training",jagpt.com,LIVE,https://jagpt.com,646-405-6246,JAG chain location — major regional competitor. 160+ locations nationally.,"https://www.google.com/maps/search/?api=1&query=JAG+Physical+Therapy+—+Morningside+Heights+976+Amsterdam+Ave,+New+York,+NY+10025",,John A. Gallucci Jr.,160+ locations (NYC/NJ/PA/Westchester),Yes,English,,,,Standard Outpatient Ortho Equipment,No,4.0,,https://jagpt.com/locations/ [cite: 1],Clinic part of JAG Physical Therapy network.,,,High Threat 🚨,,40.8052,-73.963,10025.0,9.99736977751896,Central Harlem,1.06,"Aetna, Horizon BCBS, Empire Plan, Cigna, Emblem Health / GHI / CBP, Qualcare, Medicare, Railroad Medicare, Oxford, Barnabas Healthcare, United Healthcare, No Fault (PIP), Workers' Compensation, School Insurance",jagpt.com
JAG Physical Therapy — NoHo,No,Tribeca,"588 Broadway, New York, NY 10012",4.8,120.0,2006,JAG Physical Therapy,8:00 AM - 8:00 PM,,8:00 AM - 8:00 PM,,8:00 AM - 8:00 PM,,8:00 AM - 8:00 PM,,8:00 AM - 7:00 PM,,Closed,,Closed,,,,,,"Orthopedic PT, Sports Medicine, Occupational Therapy, Hand Therapy (CHT), Women's Health Services, Pelvic Floor PT, Industrial Rehabilitation, Athletic Training",jagpt.com,LIVE,https://jagpt.com,(718) 676-0000,JAG chain location — major regional competitor. 160+ locations nationally.,"https://www.google.com/maps/search/?api=1&query=JAG+Physical+Therapy+—+NoHo+588+Broadway,+New+York,+NY+10012",,John A. Gallucci Jr.,160+ locations (NYC/NJ/PA/Westchester),Yes,English,,,,Standard Outpatient Ortho Equipment,No,4.0,,https://jagpt.com/locations/ [cite: 1],Clinic part of JAG Physical Therapy network.,,,High Threat 🚨,,40.7253,-73.9978,10012.0,9.99736977751896,Tribeca,0.72,"Aetna, Horizon BCBS, Empire Plan, Cigna, Emblem Health / GHI / CBP, Qualcare, Medicare, Railroad Medicare, Oxford, Barnabas Healthcare, United Healthcare, No Fault (PIP), Workers' Compensation, School Insurance",jagpt.com
JAG Physical Therapy — Elmhurst,No,Corona,"74-25 Grand Ave, Elmhurst, NY 11373",4.8,120.0,2006,JAG Physical Therapy,8:00 AM - 8:00 PM,,8:00 AM - 8:00 PM,,8:00 AM - 8:00 PM,,8:00 AM - 8:00 PM,,8:00 AM - 7:00 PM,,Closed,,Closed,,,,,,"Orthopedic PT, Sports Medicine, Occupational Therapy, Hand Therapy (CHT), Women's Health Services, Pelvic Floor PT, Industrial Rehabilitation, Athletic Training",jagpt.com,LIVE,https://jagpt.com,(718) 676-0000,JAG chain location — major regional competitor. 160+ locations nationally.,"https://www.google.com/maps/search/?api=1&query=JAG+Physical+Therapy+—+Elmhurst+74-25+Grand+Ave,+Elmhurst,+NY+11373",,John A. Gallucci Jr.,160+ locations (NYC/NJ/PA/Westchester),Yes,English,,,,Standard Outpatient Ortho Equipment,No,4.0,,https://jagpt.com/locations/ [cite: 1],Clinic part of JAG Physical Therapy network.,,,High Threat 🚨,,40.7365,-73.8817,11373.0,9.99736977751896,Corona,1.72,"Aetna, Horizon BCBS, Empire Plan, Cigna, Emblem Health / GHI / CBP, Qualcare, Medicare, Railroad Medicare, Oxford, Barnabas Healthcare, United Healthcare, No Fault (PIP), Workers' Compensation, School Insurance",jagpt.com
JAG Physical Therapy — Rockaway Beach,No,Sheepshead Bay,"2-31 Beach 116th St, Rockaway Beach, NY 11694",4.8,120.0,2006,JAG Physical Therapy,8:00 AM - 8:00 PM,,8:00 AM - 8:00 PM,,8:00 AM - 8:00 PM,,8:00 AM - 8:00 PM,,8:00 AM - 7:00 PM,,Closed,,Closed,,,,,,"Orthopedic PT, Sports Medicine, Occupational Therapy, Hand Therapy (CHT), Women's Health Services, Pelvic Floor PT, Industrial Rehabilitation, Athletic Training",jagpt.com,LIVE,https://jagpt.com,(718) 676-0000,JAG chain location — major regional competitor. 160+ locations nationally.,"https://www.google.com/maps/search/?api=1&query=JAG+Physical+Therapy+—+Rockaway+Beach+2-31+Beach+116th+St,+Rockaway+Beach,+NY+11694",,John A. Gallucci Jr.,160+ locations (NYC/NJ/PA/Westchester),Yes,English,,,,Standard Outpatient Ortho Equipment,No,4.0,,https://jagpt.com/locations/ [cite: 1],Clinic part of JAG Physical Therapy network.,,,High Threat 🚨,,40.5786,-73.8228,11694.0,9.99736977751896,Sheepshead Bay,6.89,"Aetna, Horizon BCBS, Empire Plan, Cigna, Emblem Health / GHI / CBP, Qualcare, Medicare, Railroad Medicare, Oxford, Barnabas Healthcare, United Healthcare, No Fault (PIP), Workers' Compensation, School Insurance",jagpt.com
Fidelity Physical Therapy & Rehabilitation Center,No,Corona,"103-19 Corona Ave, Queens, NY 11368",4.8,120.0,,Independent,9:00 AM,,9:00 AM,,9:00 AM,,9:00 AM,,9:00 AM,,9:00 AM,,Closed,,,,,"Mon: 9:00 AM, Tue: 9:00 AM, Wed: 9:00 AM, Thu: 9:00 AM, Fri: 9:00 AM, Sat: 9:00 AM","Sports Rehabilitation, Sports Injuries, Pain Management, Massage Therapy, Physical Rehabilitation, Sports Medicine",physicaltherapycorona.com,LIVE,https://physicaltherapycorona.com,(718) 831-6251,Very close to PT of The City Corona. Specializes in sports injuries & pain management. Maitland/McKenzie certified staff.,https://www.google.com/maps/search/?api=1&query=Fidelity+Physical+Therapy+103-19+Corona+Ave+Queens+NY+11368,,,1,,"Portuguese, Spanish, Bengali, Chinese, Japanese, Russian, Filipino",2.0,1,,,,3.0,Fidelity PT Corona — nearby competitor on Corona Ave; sports & pain management focus; certified techniques.,"https://physicaltherapycorona.com
https://www.yelp.com/biz/fidelity-physical-therapy-and-rehabilitation-center-queens",Independent local physical therapy provider.,,,Moderate Threat ⚠️,No,40.7441,-73.8588,11368.0,9.99736977751896,Corona,0.5,"Aetna, BCBS, Cigna, UHC, Oxford, Medicare, No-Fault, Workers' Comp",Deduced standard network/chain insurance panel
Stellar Physical & Occupational Therapy,No,Elmhurst,"87-09 Justice Ave, Elmhurst, NY 11373",4.9,,,Independent,9:00 AM - 8:00 PM,20:00,8:30 AM - 8:00 PM,20:00,8:30 AM - 7:00 PM,19:00,9:00 AM - 8:00 PM,20:00,8:30 AM - 8:00 PM,20:00,8:30 AM - 4:30 PM,16:30,Closed,,55.5,8.0,63.5,"Mon: 9:00 AM - 8:00 PM, Tue: 8:30 AM - 8:00 PM, Wed: 8:30 AM - 7:00 PM, Thu: 9:00 AM - 8:00 PM, Fri: 8:30 AM - 8:00 PM, Sat: 8:30 AM - 4:30 PM","PT, OT, Hand Therapy, Massage Therapy, Pain Management, Sports Injuries, Post-Op Rehab, Stroke Rehab, Parkinson's, EMG & Ultrasound, Aquatic Therapy, Acupuncture",stellarptot.com,LIVE,https://www.stellarptot.com,(718) 699-5070,"PT+OT+Acupuncture combo. Open until 8PM weekdays, Sat until 4:30PM. Strong 4.9 rating. Located in Elmhurst near Queens hub.",https://www.google.com/maps/search/?api=1&query=Stellar+Physical+Occupational+Therapy+87-09+Justice+Ave+Elmhurst+NY+11373,,,1,,,,,,,,4.0,"Stellar PT/OT Elmhurst — 4.9★; PT+OT+Acupuncture+Aquatic; open late (8PM) weekdays & Saturday; strong neurological rehab (stroke, Parkinson's).","https://www.stellarptot.com
https://www.yelp.com/biz/stellar-physical-and-occupational-therapy-elmhurst-2",,,,High Threat 🚨,Yes (Sat),40.7368,-73.8831,11373.0,,Corona,2.1,"Aetna, BCBS, Cigna, UHC, Oxford, Medicare, No-Fault, Workers' Comp",
39th Ave Physical Therapy,No,Corona,"10318C 39th Ave, Queens, NY 11368",4.8,120.0,2015,Independent,9:00 AM,,9:00 AM,,9:00 AM,,9:00 AM,,9:00 AM,,9:00 AM,,Closed,,,,,"Mon: 9:00 AM, Tue: 9:00 AM, Wed: 9:00 AM, Thu: 9:00 AM, Fri: 9:00 AM, Sat: 9:00 AM",General Outpatient Orthopedic PT,39physicaltherapy.com,NO WEBSITE,https://39physicaltherapy.com,(718) 709-7583,Small independent PT. No website. Low review volume. Near PTotC Corona.,https://www.google.com/maps/search/?api=1&query=39th+Ave+Physical+Therapy+10318C+39th+Ave+Queens+NY+11368,,"Korina Galaraga, DPT",1 locations,No,,,,,,,2.0,39th Ave PT — solo/small practice near PTotC Corona; low online presence; minimal competitive threat.,https://www.yelp.com/biz/39th-ave-physical-therapy-queens,Independent local physical therapy provider.,,,Normal,No,40.7474,-73.8603,11368.0,9.99736977751896,Corona,0.8,"Aetna, BCBS, Cigna, UHC, Oxford, Medicare, No-Fault, Workers' Comp",Deduced standard network/chain insurance panel
Synergy Physical Therapy & Chiropractic,No,Corona,"Corona, Queens, NY 11368",5.0,62.0,,Independent,8:00 AM - 5:00 PM,,8:00 AM - 5:00 PM,,8:00 AM - 5:00 PM,,8:00 AM - 5:00 PM,,8:00 AM - 5:00 PM,,8:00 AM - 1:00 PM,,Closed - Closed,,,,,"Mon: 10:00 AM, Tue: 10:00 AM, Wed: 10:00 AM, Thu: 10:00 AM, Fri: 10:00 AM","Physical Therapy, Chiropractic Care, Back/Neck Pain, Work & Auto Injuries, Sports Injuries",coronaqueensptchiro.com,LIVE,https://www.coronaqueensptchiro.com,(718) 489-3119,PT + Chiro combined — captures dual-service patient segment. Saturday hours. Near PTotC Corona.,https://www.google.com/maps/search/?api=1&query=Synergy+Physical+Therapy+Chiropractic+Corona+Queens+NY+11368,,,1,,,4.5,7,,,,3.0,Synergy PT & Chiro Corona — combined PT/chiropractic model; Saturday hours; moderate threat near PTotC Corona.,https://www.coronaqueensptchiro.com,Independent local physical therapy provider.,,,Moderate Threat ⚠️,Yes (Sat),40.748,-73.863,11368.0,8.996702747267909,Corona,0.7,"Aetna, BCBS, Cigna, UHC, Oxford, Medicare, No-Fault, Workers' Comp",Deduced standard network/chain insurance panel
Within Normal Limits Physical Therapy,No,Corona,"Corona, NY (Queens)",5.0,62.0,~2013,Independent,8:00 AM - 5:00 PM,,8:00 AM - 5:00 PM,,8:00 AM - 5:00 PM,,8:00 AM - 5:00 PM,,8:00 AM - 5:00 PM,,8:00 AM - 1:00 PM,,Closed - Closed,,,,,"Mon: 10:00 AM, Tue: 10:00 AM, Wed: 10:00 AM, Thu: 10:00 AM, Fri: 10:00 AM","General Outpatient PT, Chronic Pain, Sports Injuries, Post-Surgical Rehab",withinnormallimitspt.com,LIVE,https://withinnormallimitspt.com,(718) 744-0096,Experienced solo/boutique PT (23 yrs). Serves Queens community. Low online profile.,https://www.google.com/maps/search/?api=1&query=Within+Normal+Limits+Physical+Therapy+Corona+NY,,"Giovanni Dinsay, PT",10+ (Long Island & Queens),,,,,,,,2.0,Within Normal Limits PT Corona — experienced clinician; small practice; limited digital presence.,https://withinnormallimitspt.com,Independent local physical therapy provider.,,,Normal,No,40.749,-73.862,11368.0,8.996702747267909,Corona,0.9,"Aetna, BCBS, Cigna, UHC, Oxford, Medicare, No-Fault, Workers' Comp",Deduced standard network/chain insurance panel
Elmhurst Balance & Physical Therapy Center,No,Elmhurst,"91-31 Queens Blvd, Suite 314, Elmhurst, NY 11373",4.8,120.0,,Independent,9:00 AM,,9:00 AM,,9:00 AM,,9:00 AM,,9:00 AM,,9:00 AM,,Closed,,,,,"Mon: 9:00 AM, Tue: 9:00 AM, Wed: 9:00 AM, Thu: 9:00 AM, Fri: 9:00 AM, Sat: 9:00 AM","Balance Disorders, General Outpatient PT, Rehabilitation",elmhurstpt.com,,https://www.elmhurstpt.com,(718) 205-3435,Niche balance/vestibular focus. Low competitive overlap with general PTotC offerings.,https://www.google.com/maps/search/?api=1&query=Elmhurst+Balance+Physical+Therapy+Center+91-31+Queens+Blvd+Elmhurst+NY+11373,,"Lucia Jimenez, MA, PT",1 locations,,,5.0,4,,,,2.0,Elmhurst Balance PT — specialty balance/vestibular clinic; Queens Blvd location; low general-PT competitive threat.,https://orthopedic.io/physio-clinic/fidelity-physical-therapy-and-rehabilitation-pt-pc-elmhurst-ny/,Independent local physical therapy provider.,,,Normal,No,40.7368,-73.879,11373.0,9.99736977751896,Corona,2.3,"Aetna, BCBS, Cigna, UHC, Oxford, Medicare, No-Fault, Workers' Comp",Deduced standard network/chain insurance panel
JAG Physical Therapy — Astoria,No,Astoria,"23-23 30th Rd, Unit CF, Astoria, NY 11102",,,2006,JAG Physical Therapy,,,,,,,,,,,,,,,,,,,"Orthopedic PT, Sports Medicine, Occupational Therapy, Hand Therapy (CHT), Women's Health Services, Pelvic Floor PT, Industrial Rehabilitation, Athletic Training",jagpt.com,LIVE,https://www.jagpt.com,(718) 676-0000,NEW (opened March 2026). Major chain with 45+ NYC locations. Directly competitive with PTotC Astoria. Strong brand & insurance network.,https://www.google.com/maps/search/?api=1&query=JAG+Physical+Therapy+Astoria+23-23+30th+Rd+Astoria+NY+11102,,John A. Gallucci Jr.,45+ locations NYC,Yes,,,,,,,4.0,JAG PT Astoria — newly opened March 2026; 45+ location chain; strong direct threat to PTotC Astoria locations.,https://qns.com/2026/04/jag-physical-therapy-opens-new-clinic-astoria/,,,,High Threat 🚨,No,40.7654,-73.9275,11102.0,,Astoria,0.6,"Aetna, Horizon BCBS, Empire Plan, Cigna, Emblem Health / GHI / CBP, Qualcare, Medicare, Railroad Medicare, Oxford, Barnabas Healthcare, United Healthcare, No Fault (PIP), Workers' Compensation, School Insurance",
BCJ Medical (Brooklyn PT),No,Prospect Park / Flatbush,"15 Ocean Ave, Brooklyn, NY 11225",4.8,120.0,,Independent,10:00 AM,,10:00 AM,,10:00 AM,,10:00 AM,,10:00 AM,,Closed,,Closed,,,,,"Mon: 10:00 AM, Tue: 10:00 AM, Wed: 10:00 AM, Thu: 10:00 AM, Fri: 10:00 AM","Physical Therapy, Chiropractic Care, Pain Management, No-Fault, Workers' Comp, Slip & Fall Rehab",brooklyn-physicaltherapy.com,LIVE,https://www.brooklyn-physicaltherapy.com,(718) 641-1177,Integrated PT+chiro+pain mgmt. No-Fault/WC specialty. Launched specialized slip & fall program Dec 2025.,https://www.google.com/maps/search/?api=1&query=BCJ+Medical+15+Ocean+Ave+Brooklyn+NY+11225,,,"3 (BCJ Medical, Bushwick Medical, Linden West Medical)",,,,,,,,3.0,BCJ Medical Brooklyn — No-Fault/WC specialty with MRI/X-ray; PT+chiro+pain mgmt integration; Prospect Park area.,https://www.brooklyn-physicaltherapy.com,Independent local physical therapy provider.,,,Moderate Threat ⚠️,No,40.6612,-73.9632,11225.0,9.99736977751896,BedStuy,1.8,"No-Fault, Workers Comp, Aetna, BCBS, Cigna, UHC, Medicare, Medicaid",
Bushwick Medical (Brooklyn PT),No,Bushwick,"176 Wilson Ave, Brooklyn, NY 11237",4.8,120.0,~2011,Independent,10:00 AM,,10:00 AM,,10:00 AM,,10:00 AM,,10:00 AM,,Closed,,Closed,,,,,"Mon: 10:00 AM, Tue: 10:00 AM, Wed: 10:00 AM, Thu: 10:00 AM, Fri: 10:00 AM","Physical Therapy, Acupuncture, Holistic Rehab, Musculoskeletal, No-Fault Rehab",brooklyn-physicaltherapy.com,LIVE,https://www.brooklyn-physicaltherapy.com,(347) 960-6553,"Near PTotC Bushwick. Multilingual staff, holistic approach. No-Fault/WC focus.",https://www.google.com/maps/search/?api=1&query=Bushwick+Medical+176+Wilson+Ave+Brooklyn+NY+11237,,,"3 (BCJ Medical, Bushwick Medical, Linden West Medical)",,Multilingual,,,,,,3.0,Bushwick Medical — multilingual; PT+acupuncture+holistic; No-Fault specialty; near PTotC Bushwick.,https://www.brooklyn-physicaltherapy.com,Independent local physical therapy provider.,,,Moderate Threat ⚠️,No,40.702,-73.9268,11237.0,9.99736977751896,Bushwick,0.5,"No-Fault, Workers Comp, Aetna, BCBS, Cigna, UHC, Medicare, Medicaid",
OceanView Rehabilitation,No,Sheepshead Bay,"3175 Emmons Ave, Brooklyn, NY 11235",4.8,120.0,,Independent,8:00 AM - 7:00 PM,19:00,9:00 AM - 8:00 PM,20:00,8:00 AM - 7:00 PM,19:00,9:00 AM - 7:00 PM,19:00,8:00 AM - 5:00 PM,17:00,Closed,,Closed,,52.0,,52.0,"Mon: 8:00 AM - 7:00 PM, Tue: 9:00 AM - 8:00 PM, Wed: 8:00 AM - 7:00 PM, Thu: 9:00 AM - 7:00 PM, Fri: 8:00 AM - 5:00 PM","PT, OT, Acupuncture, Back/Neck Rehab, Shoulder Rehab, Hip/Knee Rehab, Neuro Disorders, Sports Injuries, Post-Surgical Rehab",ovrehab.com,LIVE,https://ovrehab.com,(718) 891-0680,PT+OT+Acupuncture combo near PTotC Sheepshead Bay. Extended hours Tue until 8PM. 1-on-1 model. Emmons Ave waterfront location.,https://www.google.com/maps/search/?api=1&query=OceanView+Rehabilitation+3175+Emmons+Ave+Brooklyn+NY+11235,,,1,,,,,,,,3.0,OceanView Rehab Sheepshead Bay — PT+OT+Acupuncture; 1-on-1 personalized model; open until 8PM Tuesday; waterfront location.,"https://ovrehab.com
https://www.yelp.com/biz/oceanview-rehabilitation-brooklyn",Independent local physical therapy provider.,,,Normal,No,40.5823,-73.9445,11235.0,9.99736977751896,Sheepshead Bay,0.8,"Aetna, BCBS, Cigna, UHC, Oxford, Medicare, No-Fault, Workers' Comp",Deduced standard network/chain insurance panel
JAG Physical Therapy — Sheepshead Bay,No,Sheepshead Bay,"2565 East 17th St, Brooklyn, NY 11235",4.8,120.0,2006,JAG Physical Therapy,7:00 AM - 7:00 PM,19:00,7:00 AM - 7:00 PM,19:00,7:00 AM - 7:00 PM,19:00,7:00 AM - 7:00 PM,19:00,7:00 AM - 5:00 PM,17:00,Closed,,Closed,,58.0,,58.0,"Mon: 7:00 AM - 7:00 PM, Tue: 7:00 AM - 7:00 PM, Wed: 7:00 AM - 7:00 PM, Thu: 7:00 AM - 7:00 PM, Fri: 7:00 AM - 5:00 PM","Orthopedic PT, Sports Medicine, Occupational Therapy, Hand Therapy (CHT), Women's Health Services, Pelvic Floor PT, Industrial Rehabilitation, Athletic Training",jagpt.com,LIVE,https://www.jagpt.com/physical-therapy-clinics/ny/sheepshead-bay/,(917) 397-2755,Major 45+ location chain. Opens 7AM daily Mon-Fri. Very close to PTotC Sheepshead Bay. Strong brand/insurance coverage.,https://www.google.com/maps/search/?api=1&query=JAG+Physical+Therapy+2565+East+17th+St+Brooklyn+NY+11235,,John A. Gallucci Jr.,45+ locations NYC,Yes,English,,,,Standard Outpatient Ortho Equipment,No,4.0,JAG PT Sheepshead Bay — major chain (45+ locations); opens 7AM weekdays; strong threat near PTotC Sheepshead Bay.,"https://www.jagpt.com/physical-therapy-clinics/ny/sheepshead-bay/
https://www.yelp.com/biz/jag-physical-therapy-brooklyn-15",Clinic part of JAG Physical Therapy network.,,,Normal,No,40.589,-73.9523,11235.0,9.99736977751896,Sheepshead Bay,0.3,"Aetna, Horizon BCBS, Empire Plan, Cigna, Emblem Health / GHI / CBP, Qualcare, Medicare, Railroad Medicare, Oxford, Barnabas Healthcare, United Healthcare, No Fault (PIP), Workers' Compensation, School Insurance",
Sheepshead Bay Chiropractic & PT & Acupuncture,No,Sheepshead Bay,"2409 Avenue Z, Brooklyn, NY 11235",4.8,198.0,,Independent,8:00 AM - 9:00 PM,21:00,8:00 AM - 9:00 PM,21:00,8:00 AM - 9:00 PM,21:00,8:00 AM - 9:00 PM,21:00,8:00 AM - 8:00 PM,21:00,8:00 AM - 7:00 PM,21:00,8:00 AM - 7:00 PM,21:00,65.0,26.0,91.0,"Mon: 8:00 AM - 9:00 PM, Tue: 8:00 AM - 9:00 PM, Wed: 8:00 AM - 9:00 PM, Thu: 8:00 AM - 9:00 PM, Fri: 8:00 AM - 9:00 PM, Sat: 8:00 AM - 9:00 PM, Sun: 8:00 AM - 9:00 PM","Physical Therapy, Chiropractic Care, Acupuncture, Podiatry, Massage Therapy",,,,(718) 934-9000,OPEN 7 DAYS until 9PM — latest & widest hours in Sheepshead Bay. PT+Chiro+Acupuncture+Podiatry all under one roof. Major threat.,https://www.google.com/maps/search/?api=1&query=Sheepshead+Bay+Chiropractic+Physical+Therapy+2409+Avenue+Z+Brooklyn+NY+11235,,,1,,,,,,,,4.0,Sheepshead Bay Chiro & PT — open 7 days until 9PM; multi-specialty (PT+Chiro+Acu+Podiatry); strongest hours competitor near PTotC Sheepshead Bay.,https://sheepshead-bay-chiropractic-physical-therapy-acupuncture-pod.wheree.com/,Independent local physical therapy provider.,,,Normal,Yes (Sat & Sun),40.5907,-73.9595,11235.0,11.034494766766592,Sheepshead Bay,0.7,"Aetna, BCBS, Cigna, UHC, Oxford, Medicare, No-Fault, Workers' Comp",Deduced standard network/chain insurance panel
FYZICAL Therapy & Balance Centers — Bay Ridge,No,Bay Ridge,"9433 5th Ave, Brooklyn, NY 11209",4.9,295.0,2012,Fyzical,8:00 AM - 6:00 PM,18:00,8:00 AM - 6:00 PM,18:00,8:00 AM - 6:00 PM,18:00,9:00 AM - 4:00 PM,16:00,9:00 AM - 4:00 PM,16:00,10:00 AM - 3:00 PM,15:00,10:00 AM - 2:00 PM,,44.0,5.0,49.0,"Mon: 8:00 AM - 6:00 PM, Tue: 8:00 AM - 6:00 PM, Wed: 8:00 AM - 6:00 PM, Thu: 9:00 AM - 4:00 PM, Fri: 9:00 AM - 4:00 PM, Sat: 10:00 AM - 3:00 PM","Physical Therapy, Balance & Vestibular Therapy, Pain Management, Rehabilitation",fyzical.com,LIVE,https://www.fyzical.com/bay-ridge-ny,(833) 444-4399,National franchise with 3 Bay Ridge/Dyker Heights locations. Balance/vestibular specialty. Saturday hours. Near PTotC Bay Ridge.,https://www.google.com/maps/search/?api=1&query=FYZICAL+Therapy+Balance+Centers+9433+5th+Ave+Brooklyn+NY+11209,,Franchise Owners (Corporate: FYZICAL),FYZICAL national franchise,Yes,,,,FB: Fyzical.BayRidgeBk,,,3.0,FYZICAL Bay Ridge — national franchise; balance/vestibular specialty; 3 local locations; Sat hours; modern facility; moderate threat.,"https://www.fyzical.com/bay-ridge-ny
https://www.yelp.com/biz/fyzical-therapy-and-balance-center-bay-ridge-brooklyn",Independent local physical therapy provider.,,,Normal,Yes (Sat),40.6234,-74.0267,11209.0,12.1093293841888,Bay Ridge,0.4,"Medicare, Aetna, Cigna, UHC, BCBS, Workers' Comp, No-Fault",Deduced standard network/chain insurance panel
Riverdale Sports Physical Therapy,No,Riverdale,"531 West 235th St, Bronx, NY 10463",4.8,120.0,,Independent,8:00 AM,,8:00 AM,,8:00 AM,,8:00 AM,,8:00 AM,,8:00 AM,,Closed,,,,,"Mon: 8:00 AM, Tue: 8:00 AM, Wed: 8:00 AM, Thu: 8:00 AM, Fri: 8:00 AM, Sat: 8:00 AM","Sports PT, Orthopedics, Post-Surgical Rehab, E-Stim, Deep Tissue Massage, Exercise Programs",riverdalesportspt.com,LIVE,https://riverdalesportspt.com,(718) 432-1323,Established independent sports PT near PTotC Riverdale. Highly personalized care model. Strong word-of-mouth reputation.,https://www.google.com/maps/search/?api=1&query=Riverdale+Sports+Physical+Therapy+531+West+235th+St+Bronx+NY+10463,,"Alex Sherman, DPT",1 locations,,,,,Facebook: /riverdalesportspt; Instagram: @riverdalesports_pt; Twitter: @riverdalesprtpt,,,3.0,Riverdale Sports PT — established independent; sports ortho focus; 1-on-1 personalized care; strong neighborhood reputation near PTotC Riverdale.,"https://riverdalesportspt.com
https://www.yelp.com/search?cflt=physicaltherapy&find_loc=Bronx,+NY+10463",Independent local physical therapy provider.,,,Normal,No,40.8891,-73.9104,10463.0,9.99736977751896,Riverdale,0.5,"Aetna, BCBS, Cigna, UHC, Oxford, Medicare, No-Fault, Workers' Comp",Deduced standard network/chain insurance panel
Riverdale Physical Therapy Clinic,No,Riverdale,"2735 Henry Hudson Pkwy, Suite 103, Bronx, NY 10463",4.9,92.0,,Independent,8:30 AM - 7:00 PM,19:00,8:30 AM - 7:00 PM,19:00,8:30 AM - 7:00 PM,19:00,8:30 AM - 7:00 PM,19:00,8:30 AM - 7:00 PM,19:00,Closed - Closed,,Closed - Closed,,52.5,,52.5,"Mon: 8:30 AM - 7:00 PM, Tue: 8:30 AM - 7:00 PM, Wed: 8:30 AM - 7:00 PM, Thu: 8:30 AM - 7:00 PM, Fri: 8:30 AM - 7:00 PM","Pain Management, Orthopedic PT, Sports PT, Post-Surgical Rehab, Fitness Training",riverdaleptot.com,LIVE,https://riverdaleptot.com,(718) 884-0444,"Long-established (~40 yrs) 3,000 sq ft private facility. Opens 8:30AM, closes 7PM Mon-Fri. Sports + fitness training add-on.",https://www.google.com/maps/search/?api=1&query=Riverdale+Physical+Therapy+2735+Henry+Hudson+Pkwy+Bronx+NY+10463,,,1,,,,,,,,3.0,"Riverdale PT Clinic — ~40 years established; 3,000 sq ft; pain mgmt + sports PT + fitness training; Mon-Fri 8:30AM-7PM near PTotC Riverdale.","https://riverdaleptot.com
https://www.yelp.com/biz/riverdale-physical-therapy-bronx-2",Independent local physical therapy provider.,,,Normal,No,40.8942,-73.9141,10463.0,9.645566447914282,Riverdale,0.9,"Aetna, BCBS, Cigna, UHC, Oxford, Medicare, No-Fault, Workers' Comp",Deduced standard network/chain insurance panel
Rehabilitation Associates of Riverdale Medicine,No,Riverdale,"3736 Henry Hudson Pkwy East, Bronx, NY 10463",4.8,120.0,~2006,Independent,8:30 AM,,8:00 AM,,8:30 AM,,8:00 AM,,8:00 AM,,Closed,,Closed,,,,,"Mon: 8:30 AM, Tue: 8:00 AM, Wed: 8:30 AM, Thu: 8:00 AM, Fri: 8:00 AM","Orthopedic PT, Post-Operative Rehab, Cardiovascular Rehab, Neurological Rehab",ptriverdale.com,LIVE,https://ptriverdale.com,(718) 548-1800,HSS-trained therapists — physician referral network advantage. Multi-condition orthopedic+neuro+cardio coverage near PTotC Riverdale.,https://www.google.com/maps/search/?api=1&query=Rehabilitation+Associates+Riverdale+3736+Henry+Hudson+Pkwy+Bronx+NY+10463,,"Neil Moskovitz, DPT; Paolo Cardoza, DPT",1 locations,,,,,,,,3.0,Rehab Associates Riverdale — HSS-trained PTs; broad ortho/neuro/cardio scope; strong physician referral network in Riverdale.,https://ptriverdale.com,Independent local physical therapy provider.,,,Normal,No,40.8945,-73.9105,10463.0,9.99736977751896,Riverdale,1.0,"Aetna, BCBS, Cigna, UHC, Oxford, Medicare, No-Fault, Workers' Comp",Deduced standard network/chain insurance panel
Professional Physical Therapy — North Riverdale,No,Riverdale,"North Riverdale, Bronx, NY 10463",4.8,120.0,2021 (Clinic) / 1998 (Parent),Professional Physical Therapy,7:00 AM,,7:00 AM,,7:00 AM,,7:00 AM,,7:00 AM,,8:00 AM,,Closed,,,,,"Mon: 7:00 AM, Tue: 7:00 AM, Wed: 7:00 AM, Thu: 7:00 AM, Fri: 7:00 AM, Sat: 8:00 AM","General Orthopedic PT, Sports Rehab, Post-Surgical Rehab",professionalpt.com,LIVE,https://www.professionalpt.com/office/north-riverdale-ny/,(929) 504-5979,Large national chain (50+ locations). Opened North Riverdale location 2021. Strong insurance coverage and brand recognition.,https://www.google.com/maps/search/?api=1&query=Professional+Physical+Therapy+North+Riverdale+Bronx+NY,,George V. Russell,50+ locations Northeast US,,"English, Arabic",,,,,,3.0,Professional PT North Riverdale — 50+ location chain; est. 2021 in Riverdale; strong brand/insurance near PTotC Riverdale.,https://www.professionalpt.com/office/north-riverdale-ny/,Independent local physical therapy provider.,,,Normal,No,40.896,-73.91,10471.0,9.99736977751896,Riverdale,1.2,"Medicare, Workers' Comp, No-Fault, Aetna, Cigna, UHC, BCBS, Oxford, EmblemHealth, Empire",
Spear Physical Therapy — Harlem,No,Central Harlem,"2229 Frederick Douglass Blvd, New York, NY 10027",4.8,120.0,1999,Spear Physical Therapy,8:00 AM - 8:00 PM,,8:00 AM - 8:00 PM,,8:00 AM - 8:00 PM,,8:00 AM - 8:00 PM,,8:00 AM - 7:00 PM,,Closed,,Closed,,,,,,"Orthopedic PT, Sports Rehab, Occupational Therapy, Pelvic Floor, Pediatrics",spearcenter.com,LIVE,https://spearcenter.com/locations/uptown/,(646) 518-5555,#1 nationally ranked PT brand. Strong name recognition in Harlem near PTotC Central Harlem. Attracts premium/insurance patients.,https://www.google.com/maps/search/?api=1&query=Spear+Physical+Therapy+2229+Frederick+Douglass+Blvd+New+York+NY+10027,,Dan Rootenberg,20+ NYC locations,Yes,"English, Spanish",,,,"AlterG treadmill, Blood Flow Restriction",No,4.0,Spear PT Harlem — nationally #1-ranked brand; 20+ NYC locations; boutique/premium model; high threat near PTotC Central Harlem.,https://spearcenter.com/locations/uptown/,Clinic part of Spear Physical Therapy network.,,,Normal,No,40.8079,-73.9507,10027.0,9.99736977751896,Central Harlem,0.6,"Aetna, BCBS, Cigna, UHC, Oxford, Medicare, No-Fault, Workers' Comp",
PT of The City — Grand Concourse,Yes,Fordham,"2488 Grand Concourse RM 205, Bronx, NY 10458",4.8,120.0,2015,Pt Of The City,8:00 AM - 7:00 PM,19:00,8:00 AM - 7:00 PM,19:00,8:00 AM - 7:00 PM,19:00,8:00 AM - 7:00 PM,19:00,8:00 AM - 7:00 PM,19:00,Closed,,Closed,,55.0,,55.0,,"General Orthopedic PT, Post-Surgical Rehab, Sports Rehab",ptofthecity.com,LIVE,https://ptofthecity.com,(855) 955-3899,YOUR CLINIC | New location found on ptofthecity.com — Grand Concourse Bronx.,"https://www.google.com/maps/search/?api=1&query=PT+of+The+City+—+Grand+Concourse+2488+Grand+Concourse+RM+205,+Bronx,+NY+10458",,Dr. Mahmoud Shalaby (Co-founder/CEO),32+ NYC locations,Yes,,,,,,Yes,4.0,PT of The City Grand Concourse — new Bronx location discovered on website.,https://www.ptofthecity.com/clinic/upper-east-side,Independent local physical therapy provider.,,,High Threat 🚨,,40.858,-73.89,10458.0,9.99736977751896,Self,0.0,"Aetna, BCBS, Cigna, UHC, Oxford, Medicare, Medicaid, EmblemHealth, GHI, Empire, Fidelis, Healthfirst, Humana, 1199, No-Fault, Workers' Comp",Deduced standard network/chain insurance panel
PT of The City — Flatbush,Yes,Flatbush,"822 Flatbush Ave, Brooklyn, NY 11226",4.8,120.0,2015,Pt Of The City,8:00 AM - 7:00 PM,19:00,8:00 AM - 7:00 PM,19:00,8:00 AM - 7:00 PM,19:00,8:00 AM - 7:00 PM,19:00,8:00 AM - 7:00 PM,19:00,Closed,,Closed,,55.0,,55.0,,"General Orthopedic PT, Post-Surgical Rehab, Sports Rehab",ptofthecity.com,LIVE,https://ptofthecity.com,(855) 955-3899,YOUR CLINIC | Location found on ptofthecity.com — Flatbush Brooklyn.,"https://www.google.com/maps/search/?api=1&query=PT+of+The+City+—+Flatbush+822+Flatbush+Ave,+Brooklyn,+NY+11226",,Dr. Mahmoud Shalaby (Co-founder/CEO),32+ NYC locations,Yes,,,,,,Yes,4.0,PT of The City Flatbush — Brooklyn location discovered on website.,https://www.ptofthecity.com/clinic/upper-east-side,Independent local physical therapy provider.,,,High Threat 🚨,,40.6486,-73.9578,11226.0,9.99736977751896,Self,0.0,"Aetna, BCBS, Cigna, UHC, Oxford, Medicare, Medicaid, EmblemHealth, GHI, Empire, Fidelis, Healthfirst, Humana, 1199, No-Fault, Workers' Comp",Deduced standard network/chain insurance panel
PT of The City — Midtown Manhattan,Yes,Midtown Manhattan,"575 8th Ave, New York, NY 10018",4.9,211.0,2015,Pt Of The City,7:00 AM - 7:00 PM,20:00,7:00 AM - 7:00 PM,20:00,7:00 AM - 7:00 PM,20:00,7:00 AM - 7:00 PM,20:00,7:00 AM - 7:00 PM,20:00,Closed - Closed,,Closed - Closed,,65.0,,65.0,,"General orthopedic PT, post-surgical, sports rehab",ptofthecity.com,LIVE,https://ptofthecity.com,(855) 955-3899,YOUR CLINIC | Location found on ptofthecity.com — Midtown Manhattan 8th Ave.,"https://www.google.com/maps/search/?api=1&query=PT+of+The+City+—+Midtown+Manhattan+575+8th+Ave,+New+York,+NY+10018",,Dr. Mahmoud Shalaby (Co-founder/CEO),32+ NYC locations,Yes,,,,,,Yes,4.0,PT of The City Midtown Manhattan — new location on 8th Ave discovered on website.,https://www.ptofthecity.com/clinic/upper-east-side,Independent local physical therapy provider.,,,High Threat 🚨,,40.7535,-73.9943,10018.0,11.399045718550884,Self,0.0,"Aetna, BCBS, Cigna, UHC, Oxford, Medicare, Medicaid, EmblemHealth, GHI, Empire, Fidelis, Healthfirst, Humana, 1199, No-Fault, Workers' Comp",Deduced standard network/chain insurance panel
Advance Physical Therapy of New York,No,Sheepshead Bay,"626 Sheepshead Bay Rd Ste 430, Brooklyn, NY 11224",4.7,30.0,1980,Independent,8:00 AM - 8:00 PM,,8:00 AM - 8:00 PM,,8:00 AM - 8:00 PM,,8:00 AM - 8:00 PM,,8:00 AM - 7:00 PM,,Closed,,Closed,,,,,,"Orthopedic rehab, sports rehab, aquatic rehab, McKenzie method, work hardening, stroke/balance rehab, gait training, arthritis & chronic pain care",advancedptny.com,LIVE,https://advancedptny.com,(718) 372-7300,Independent clinic serving Sheepshead Bay/Coney Island area for 20+ years; doctoral-level PTs; founder has personal health journey motivating practice.,"https://www.google.com/maps/search/?api=1&query=Advance+Physical+Therapy+of+New+York+626+Sheepshead+Bay+Rd+Ste+430,+Brooklyn,+NY+11224",,"Ian (Founder, per company bio)",1,,,,,,,,2.0,,advancedptny.com; Yelp; Birdeye,Independent local physical therapy provider.,Established 1980; aquatic rehab & McKenzie certified,,Normal,,,,11224.0,7.0093999610210815,,,"Aetna, BCBS, Cigna, UHC, Oxford, Medicare, Medicaid, EmblemHealth, GHI, Empire, Fidelis, Healthfirst, Humana, 1199, No-Fault, Workers' Comp",
Integrated Rehab and Physical Therapy PC,No,Sheepshead Bay,"2657 Batchelder St Fl 1, Sheepshead Bay, NY 11235",4.8,120.0,2014,Independent,Closed,,12:00 PM - 8:00 PM,20:00,Closed,,12:00 PM - 8:00 PM,20:00,Closed,,Closed,,2:00 PM - 7:00 PM,19:00,16.0,5.0,21.0,"Tue: 12:00 PM - 8:00 PM, Thu: 12:00 PM - 8:00 PM, Sun: 2:00 PM - 7:00 PM","Spine & joint care, muscle & nerve rehab, general weakness, balance disorders, gait training, orthopedic rehab",integratedrehabandphysicaltherapy.com,,https://integratedrehabandphysicaltherapy.com/,(718) 332-3401,,"https://www.google.com/maps/search/?api=1&query=Integrated+Rehab+and+Physical+Therapy+PC+2657+Batchelder+St+Fl+1,+Sheepshead+Bay,+NY+11235",,"Dr. Abdelrahman Salem, DPT",4 locations,,"English, Arabic, Spanish, Urdu",,,,,,1.0,,integratedrehabandphysicaltherapy.com; Healthgrades; BBB; Yelp,Independent local physical therapy provider.,Pelvic floor PT; limited weekday hours,,Normal,,,,11235.0,9.99736977751896,,,"Aetna, BCBS, Cigna, UHC, Oxford, Medicare, Medicaid, EmblemHealth, Empire, First Health, Healthfirst, Humana, MVP, MetroPlus, MultiPlan, WellCare",
Feel Good Physical Therapy,No,Sheepshead Bay,"Sheepshead Bay, Brooklyn, NY",4.8,23.0,,Independent,9:00 AM - 10:00 PM,20:00,9:00 AM - 9:00 PM,,9:00 AM - 10:00 PM,20:00,9:00 AM - 9:00 PM,18:30,9:00 AM - 10:00 PM,19:00,10:00 AM - 3:00 PM,13:00,Closed - Closed,,41.0,4.0,45.0,"Mon: 9:00 AM - 8:00 PM, Wed: 9:00 AM - 8:00 PM, Thu: 9:30 AM - 6:30 PM, Fri: 9:00 AM - 7:00 PM, Sat: 9:00 AM - 1:00 PM","Shoulder pain, sports injuries, manual therapy/spinal manipulation, cervical spine treatment, acupuncture",feelgoodphysicaltherapy.com,LIVE,http://www.feelgoodphysicaltherapy.com,(718) 714-6995,"Small independent clinic in Sheepshead Bay/Brighton Beach; led by Dr. Gregory Trakhtenberg, 24+ years experience; closed Tuesdays and Sundays.","https://www.google.com/maps/search/?api=1&query=Feel+Good+Physical+Therapy+Sheepshead+Bay,+Brooklyn,+NY",,"Gregory Trakhtenberg, MSPT",1,,,,,,,,1.0,,feelgoodphysicaltherapy.com; Yelp; Facebook,Independent local physical therapy provider.,"Manual therapy, acupuncture, sports injury focus",,Normal,,,,,6.625013960215708,,,"Aetna, BCBS, Cigna, UHC, Oxford, Medicare, Medicaid, EmblemHealth, GHI, Empire, Fidelis, Healthfirst, Humana, 1199, No-Fault, Workers' Comp",
Rusk Rehabilitation at Sunset Park Family Health Center (NYU Langone),No,Sunset,"5610 2nd Ave / 150 55th St, Brooklyn, NY",,,1948 (Rusk Rehabilitation program),NYU Langone Health,9:00 AM - 8:00 PM,20:00,9:00 AM - 8:00 PM,20:00,9:00 AM - 8:00 PM,20:00,9:00 AM - 8:00 PM,20:00,9:00 AM - 5:00 PM,17:00,,,9:00 AM - 4:00 PM,16:00,52.0,7.0,59.0,"Mon: 9:00 AM - 8:00 PM, Tue: 9:00 AM - 8:00 PM, Wed: 9:00 AM - 8:00 PM, Thu: 9:00 AM - 8:00 PM, Fri: 9:00 AM - 5:00 PM, Sun: 9:00 AM - 4:00 PM","Hospital-based rehab: orthopedic, neurologic, pediatric, women’s health (post-mastectomy, pelvic floor), cardiac rehab, oncology rehab, prosthetics/orthotics",nyulangone.org,,,(212) 263-6037,Major hospital-affiliated rehab program (NYU Langone); two co-located sites — 5610 2nd Ave (women’s/pediatric) and 150 55th St (adult/cardiac). Hours shown are for women’s/children’s rehab; adult site hours not separately confirmed.,"https://www.google.com/maps/search/?api=1&query=Rusk+Rehabilitation+at+Sunset+Park+Family+Health+Center+(NYU+Langone)+5610+2nd+Ave+/+150+55th+St,+Brooklyn,+NY",,,Major hospital system (multi-location NYC-wide),Yes (video visits available per NYU Langone Rusk Rehabilitation system-wide),,,,,,,1.0,,nyulangone.org,,Hospital-affiliated outpatient PT/OT incl. pediatric & women's health,,Normal,,,,,,,,"Aetna, BCBS, Cigna, UHC, Oxford, Medicare, Medicaid, EmblemHealth, GHI, Empire, Fidelis, Healthfirst, Humana, 1199, No-Fault, Workers' Comp",
Chung Ying Physical Therapy & Acupuncture,No,Sunset,"Sunset Park, Brooklyn, NY",4.8,120.0,2009,Independent,8:00 AM - 8:00 PM,17:30,8:00 AM - 8:00 PM,17:30,8:00 AM - 8:00 PM,17:30,8:00 AM - 8:00 PM,17:30,8:00 AM - 7:00 PM,17:30,Closed,17:30,Closed,17:30,42.5,17.0,59.5,"Mon: 9:00 AM - 5:30 PM, Tue: 9:00 AM - 5:30 PM, Wed: 9:00 AM - 5:30 PM, Thu: 9:00 AM - 5:30 PM, Fri: 9:00 AM - 5:30 PM, Sat: 9:00 AM - 5:30 PM, Sun: 9:00 AM - 5:30 PM","Orthopedic rehab + acupuncture/Chinese medicine combo; sports medicine, joint arthritis, pain syndromes, women's/men's health, headaches, allergies, skin issues",,,,(718) 290-2919,,"https://www.google.com/maps/search/?api=1&query=Chung+Ying+Physical+Therapy+&+Acupuncture+Sunset+Park,+Brooklyn,+NY",,"Dr. Chung-Ying (Fred) Tsai, PT, LAc","5-6 locations across NYC (Manhattan, Brooklyn, Queens)",,"English, Mandarin Chinese, Cantonese",,,,,,5.0,,cypaus.com; Yelp; Zocdoc,Independent local physical therapy provider.,Listed in Yelp top 10 Sunset Park PT,,High Threat 🚨,,,,,9.99736977751896,,,"Aetna, BCBS, Cigna, UHC, Oxford, Medicare, Medicaid, EmblemHealth, GHI, Empire, Fidelis, Healthfirst, Humana, 1199, No-Fault, Workers' Comp",
NY Bone & Joint - All Sports Physical Therapy,No,Upper EastSide,"Lexington Ave (btwn 67th/68th), New York, NY",5.0,171.0,,Independent,7:00 AM - 8:00 PM,18:30,9:00 AM - 7:00 PM,18:30,7:00 AM - 8:00 PM,18:30,9:00 AM - 7:00 PM,18:30,7:00 AM - 8:00 PM,18:30,Closed - Closed,,Closed - Closed,,52.5,,52.5,"Mon: 8:00 AM - 6:30 PM, Tue: 8:00 AM - 6:30 PM, Wed: 8:00 AM - 6:30 PM, Thu: 8:00 AM - 6:30 PM, Fri: 8:00 AM - 6:30 PM","Orthopedic & Sports Rehab, Return-to-Play Programs, Neck, Back, Shoulder, Knee, Ankle, Foot, Elbow, Hand, Wrist",nyboneandjoint.com,,https://nyboneandjoint.com/,(212) 759-4553,,"https://www.google.com/maps/search/?api=1&query=NY+Bone+&+Joint+-+All+Sports+Physical+Therapy+Lexington+Ave+(btwn+67th/68th),+New+York,+NY",,"Dr. Leon E. Popovitz, MD & Dr. Michael Y. Mizhiritsky, MD (co-founders of parent practice)","Multiple NYC locations (UES, Midtown-West, Grand Central)",,,,,,,,5.0,,nyboneandjoint.com; Yelp; Zocdoc,Independent local physical therapy provider.,Orthopedic surgery + PT combined practice; on-site gym,,High Threat 🚨,,,,,11.177642234537744,,,"Aetna, BCBS, Cigna, UHC, Oxford, Medicare, Medicaid, EmblemHealth, GHI, Empire, Fidelis, Healthfirst, Humana, 1199, No-Fault, Workers' Comp",
Recovery Physical Therapy - UES,No,Upper EastSide,"157 E 86th St, New York, NY",4.8,120.0,,Independent,7:00 AM - 8:00 PM,20:00,7:00 AM - 8:00 PM,20:00,7:00 AM - 8:00 PM,20:00,7:00 AM - 8:00 PM,20:00,7:00 AM - 8:00 PM,20:00,9:00 AM - 1:00 PM,13:00,Closed,,65.0,4.0,69.0,"Mon: 7:00 AM - 8:00 PM, Tue: 7:00 AM - 8:00 PM, Wed: 7:00 AM - 8:00 PM, Thu: 7:00 AM - 8:00 PM, Fri: 7:00 AM - 8:00 PM, Sat: 9:00 AM - 1:00 PM","General Orthopedic Rehab, Sports Injuries, Post-Surgical Recovery",recoverypt.com,,,(212) 831-3315,"Located at NE corner of 86th St & Lexington Ave, inside The Commons coworking building; part of Recovery Physical Therapy (RPT) multi-location chain across Manhattan/Westchester.","https://www.google.com/maps/search/?api=1&query=Recovery+Physical+Therapy+-+UES+157+E+86th+St,+New+York,+NY",,,5 NYC-area locations (Recovery Physical Therapy network),,,,,,,,5.0,,recoverypt.com; Yelp; n49.com,Independent local physical therapy provider.,Holistic patient-centered approach,,High Threat 🚨,,,,,9.99736977751896,,,"Aetna, BCBS, Cigna, UHC, Oxford, Medicare, Medicaid, EmblemHealth, GHI, Empire, Fidelis, Healthfirst, Humana, 1199, No-Fault, Workers' Comp",
In Touch NYC Physical Therapy - UES,No,Upper EastSide,"near Park Ave & E 62nd St, New York, NY",4.8,120.0,,Independent,9:00 AM - 6:00 PM,18:00,9:00 AM - 6:00 PM,18:00,9:00 AM - 6:00 PM,18:00,9:00 AM - 6:00 PM,18:00,9:00 AM - 6:00 PM,18:00,Closed,,Closed,,45.0,,45.0,"Mon: 9:00 AM - 6:00 PM, Tue: 9:00 AM - 6:00 PM, Wed: 9:00 AM - 6:00 PM, Thu: 9:00 AM - 6:00 PM, Fri: 9:00 AM - 6:00 PM","Orthopedic PT, Pilates, Stroke/MS/Parkinson's/TBI Rehab, ACL/Meniscus Rehab, Post-Surgical Joint Replacement Recovery, Vestibular/Balance Rehab, Pelvic Floor PT",itnycpt.com,LIVE,https://www.itnycpt.com,(212) 288-2988,Boutique chain with Pilates-based approach; UES location inside building near Park Ave/62nd St.,"https://www.google.com/maps/search/?api=1&query=In+Touch+NYC+Physical+Therapy+-+UES+near+Park+Ave+&+E+62nd+St,+New+York,+NY",,Keith Chan (founded original practice 2011),"5 locations (UES, Midtown East, Financial District, plus original 70th St & 56th St sites)",,,,,,,,5.0,,itnycpt.com; Yelp; Facebook,Independent local physical therapy provider.,Additional ITNYCPT chain location,,High Threat 🚨,,,,,9.99736977751896,,,"Aetna, BCBS, Cigna, UHC, Oxford, Medicare, Medicaid, EmblemHealth, GHI, Empire, Fidelis, Healthfirst, Humana, 1199, No-Fault, Workers' Comp",
Zion Physical Therapy - UES,No,Upper EastSide,"Upper East Side, New York, NY",4.8,120.0,~2009 (16+ years in business),Independent,7:00 AM - 8:00 PM,20:00,7:00 AM - 8:00 PM,20:00,7:00 AM - 8:00 PM,20:00,7:00 AM - 8:00 PM,20:00,7:00 AM - 6:00 PM,18:00,Closed,,Closed,,63.0,,63.0,"Mon: 7:00 AM - 8:00 PM, Tue: 7:00 AM - 8:00 PM, Wed: 7:00 AM - 8:00 PM, Thu: 7:00 AM - 8:00 PM, Fri: 7:00 AM - 6:00 PM","Sports & Orthopedic PT, Pelvic Floor PT, Post-Operative Care, EDS/Hypermobility (HSD), Women's Health, Dry Needling, Hand Therapy",zionpt.com,,https://www.zionpt.com/ues,(212) 353-8693,,"https://www.google.com/maps/search/?api=1&query=Zion+Physical+Therapy+-+UES+Upper+East+Side,+New+York,+NY",,,"4 locations (UES & UWS Manhattan, Westport CT, Jersey City NJ)",Yes,,,,,,Yes,5.0,,zionpt.com; Yelp,Independent local physical therapy provider.,1:1 sessions; HSS Rehabilitation National Network member; EDS/pelvic health focus At home services throughout Manhattan and part of Brooklyn,,High Threat 🚨,,,,,9.99736977751896,,,"Aetna, BCBS, Cigna, UHC, Oxford, Medicare, Medicaid, EmblemHealth, GHI, Empire, Fidelis, Healthfirst, Humana, 1199, No-Fault, Workers' Comp",
Gramercy Physical Therapy,No,Upper EastSide,"247 3rd Ave Ste LL2, New York, NY 10010",5.0,174.0,,Independent,8:00 AM - 8:00 PM,20:00,8:00 AM - 8:00 PM,20:00,8:00 AM - 8:00 PM,20:00,8:00 AM - 8:00 PM,20:00,8:00 AM - 8:00 PM,20:00,Closed,,Closed,,60.0,,60.0,"Mon: 8:00 AM - 8:00 PM, Tue: 8:00 AM - 8:00 PM, Wed: 8:00 AM - 8:00 PM, Thu: 8:00 AM - 8:00 PM, Fri: 8:00 AM - 8:00 PM","Manual Therapy, Hand Therapy, Plantar Fasciitis, Dry Needling, Scoliosis, Sciatica, Acupuncture, Massage Therapy, Cervical Spine Care",gptny.com,,https://gptny.com/,(212) 598-5913,,"https://www.google.com/maps/search/?api=1&query=Gramercy+Physical+Therapy+247+3rd+Ave+Ste+LL2,+New+York,+NY+10010",,Gene (Founder & Clinic Director),1,,,,,,,,4.0,,gptny.com; Yelp; Birdeye,,Boutique manual therapy; serves UES; custom orthotics,,High Threat 🚨,,,,10010.0,11.215190243431472,,,"Aetna, BCBS, Cigna, UHC, Oxford, Medicare, Medicaid, EmblemHealth, GHI, Empire, Fidelis, Healthfirst, Humana, 1199, No-Fault, Workers' Comp",
ESR / Upper East Side Physical Therapy,No,Upper EastSide,"Upper East Side, New York, NY",4.8,120.0,2001,Independent,7:00 AM - 8:00 PM,18:00,7:00 AM - 8:00 PM,18:00,7:00 AM - 8:00 PM,18:00,7:00 AM - 8:00 PM,18:00,7:00 AM - 6:00 PM,18:00,Closed,,Closed,,50.0,,50.0,"Mon: 8:00 AM - 6:00 PM, Tue: 8:00 AM - 6:00 PM, Wed: 8:00 AM - 6:00 PM, Thu: 8:00 AM - 6:00 PM, Fri: 8:00 AM - 6:00 PM","Vestibular rehab, concussion & sports injuries, orthopedic rehab, balance/fall prevention, chronic pain management, manual therapy (Graston, ART, cupping, compression boots)",eastsidept.com,,https://eastsidept.com/,(646) 590-8728,,"https://www.google.com/maps/search/?api=1&query=ESR+/+Upper+East+Side+Physical+Therapy+Upper+East+Side,+New+York,+NY",,Dr. Alex Gometz (Founder),1,,,,,,,,1.0,,eastsidept.com; Yelp,Independent local physical therapy provider.,Small long-standing community practice; Medicare participating,,Normal,,,,,9.99736977751896,,,"Medicare, Cigna, UHC, Aetna, BCBS, Oxford, No-Fault, Workers' Comp",
Century Medical and Dental Center - Flatbush PT,No,Flatbush,"770 Flatbush Ave, Brooklyn, NY 11226",4.8,120.0,1997 (parent org); Flatbush location serving area 25+ years,Independent,8:00 AM - 7:00 PM,19:00,8:00 AM - 6:00 PM,18:00,8:00 AM - 7:00 PM,19:00,8:00 AM - 6:00 PM,18:00,8:00 AM - 7:00 PM,19:00,9:00 AM - 5:00 PM,17:00,9:00 AM - 2:00 PM,14:00,53.0,13.0,66.0,"Mon: 8:00 AM - 7:00 PM, Tue: 8:00 AM - 6:00 PM, Wed: 8:00 AM - 7:00 PM, Thu: 8:00 AM - 6:00 PM, Fri: 8:00 AM - 7:00 PM, Sat: 9:00 AM - 5:00 PM, Sun: 9:00 AM - 2:00 PM","Multi-Specialty: Physical Therapy, Cardiology, Gynecology, Neurology, Orthopedics, ENT, Pain Management",centurymedicaldental.com,LIVE,https://www.centurymedicaldental.com/flatbush-brooklyn-ny-11226/,(347) 627-3988,"PT is one service within a large multi-specialty medical/dental clinic, not a dedicated PT practice; near Church Ave B/Q subway, across from Prospect Park.","https://www.google.com/maps/search/?api=1&query=Century+Medical+and+Dental+Center+-+Flatbush+PT+770+Flatbush+Ave,+Brooklyn,+NY+11226",,,"7+ locations (Brooklyn: Flatbush, Gravesend, Fort Greene, Downtown; plus Midtown Manhattan, Harlem, Bronx)",,"English, Spanish, Russian",,,,,,5.0,,https://www.centurymedicaldental.com/flatbush-brooklyn-ny-11226/ | https://www.yelp.com/biz/century-medical-and-dental-center-brooklyn-5 | https://www.chamberofcommerce.com/business-directory/new-york/brooklyn/medical-clinic/1339097738-century-medical-dental-center,Independent local physical therapy provider.,Multi-disciplinary medical center w/ PT dept; Article 28 accredited,,High Threat 🚨,,,,11226.0,9.99736977751896,,,"Aetna, BCBS, Cigna, UHC, Oxford, Medicare, Medicaid, EmblemHealth, GHI, Empire, Fidelis, Healthfirst, Humana, 1199, No-Fault, Workers' Comp",Deduced standard network/chain insurance panel
Professional Physical Therapy - Marine Park/Flatbush Ave,No,Flatbush,"2048 Flatbush Ave, Brooklyn, NY 11234",4.8,120.0,1999,Professional Physical Therapy,7:00 AM - 8:00 PM,20:00,7:00 AM - 8:00 PM,20:00,7:00 AM - 8:00 PM,20:00,7:00 AM - 8:00 PM,20:00,7:00 AM - 8:00 PM,20:00,7:00 AM - 11:00 AM,11:00,Closed,,65.0,4.0,69.0,"Mon: 7:00 AM - 8:00 PM, Tue: 7:00 AM - 8:00 PM, Wed: 7:00 AM - 8:00 PM, Thu: 7:00 AM - 8:00 PM, Fri: 7:00 AM - 8:00 PM, Sat: 7:00 AM - 11:00 AM",General Orthopedic & Sports Rehab,professionalpt.com,LIVE,https://www.professionalpt.com/office/marine-park/,(347) 954-0938,"Located on Flatbush Ave between Ave P and Flatlands, across from library/Dollar Tree; part of larger Professional PT regional chain (also operates StarPro-branded UES clinics).","https://www.google.com/maps/search/?api=1&query=Professional+Physical+Therapy+-+Marine+Park/Flatbush+Ave+2048+Flatbush+Ave,+Brooklyn,+NY+11234",,George V. Russell,Multi-location chain across NY/NJ (Professional Physical Therapy / Professional PT network),,,,,,,,1.0,,https://www.yelp.com/biz/professional-physical-therapy-brooklyn-3 | https://www.professionalpt.com/office/marine-park/ | https://www.healthgrades.com/group-directory/ny-new-york/brooklyn/professional-physical-therapy-u3jxxmt,Independent local physical therapy provider.,"3,600 sqft; formerly Sport Physical Therapy",,Normal,,,,11234.0,9.99736977751896,,,"Medicare, Workers' Comp, No-Fault, Aetna, Cigna, UHC, BCBS, Oxford, EmblemHealth, Empire",Deduced standard network/chain insurance panel
Hands of Hope — Flatbush,No,Flatbush,"1134 Flatbush Ave, Brooklyn, NY",4.8,120.0,2016 (parent company),Hands of Hope,7:00 AM - 8:00 PM,20:00,7:00 AM - 8:00 PM,20:00,7:00 AM - 8:00 PM,20:00,7:00 AM - 8:00 PM,20:00,7:00 AM - 8:00 PM,20:00,9:00 AM - 2:00 PM,14:00,Closed,,65.0,5.0,70.0,"Mon: 7:00 AM - 8:00 PM, Tue: 7:00 AM - 8:00 PM, Wed: 7:00 AM - 8:00 PM, Thu: 7:00 AM - 8:00 PM, Fri: 7:00 AM - 8:00 PM, Sat: 9:00 AM - 2:00 PM","Orthopedic PT, Neuro Rehab",handsofhopeny.com,LIVE,https://handsofhopeny.com/physical-therapy-clinic/flatbush-brooklyn-ny/,(347) 341-7060,"Large, fast-growing NYC-wide chain (17 locations) combining PT with pain management/IV therapy/weight-loss services; patient satisfaction rating 4.77/5 across 108 reviews per Zocdoc (not Google).","https://www.google.com/maps/search/?api=1&query=Hands+of+Hope+—+Flatbush+1134+Flatbush+Ave,+Brooklyn,+NY",,Dr. Motaz Ebeido,"17 locations across NYC (Brooklyn, Queens, Bronx, Staten Island, Manhattan)",Yes,"English, Spanish",,,,,,4.0,,https://www.yelp.com/biz/hands-of-hope-brooklyn-10 | https://handsofhopeny.com/physical-therapy-clinic/flatbush-brooklyn-ny/ | https://www.zocdoc.com/doctor/flatbush-hands-of-hope-physical-therapy-and-wellness-521420,Clinic part of Hands of Hope network.,Additional Hands of Hope chain location,,High Threat 🚨,,,,,9.99736977751896,,,"Aetna, BCBS, Cigna, UHC, Oxford, Medicare, Medicaid, EmblemHealth, GHI, Empire, Fidelis, Healthfirst, Humana, 1199, No-Fault, Workers' Comp",
JPM Physical Therapy – Elmhurst,No,Elmhurst,"91-31 Queens Blvd #511, Elmhurst, NY 11373",4.8,120.0,2010,Independent,9:00 AM,17:00,9:00 AM,17:00,9:00 AM,17:00,9:00 AM,17:00,9:00 AM,17:00,9:00 AM,,Closed,,40.0,,40.0,"Mon: 9:00 AM - 5:00 PM, Tue: 9:00 AM - 5:00 PM, Wed: 9:00 AM - 5:00 PM, Thu: 9:00 AM - 5:00 PM, Fri: 9:00 AM - 5:00 PM","PT, chiropractic, massage therapy, work/auto injury rehab",jpmphysicaltherapy.com,LIVE,https://jpmphysicaltherapy.com/,(516) 689-9921,"Identified via web research — not in original dataset. Small multi-borough chain (Elmhurst, Ozone Park, Queens Village).",https://www.google.com/maps/search/?api=1&query=JPM%20Physical%20Therapy%20%E2%80%93%20Elmhurst%2091-31%20Queens%20Blvd%20%23511%2C%20Elmhurst%2C%20NY%2011373,,,"4 locations in Queens (Elmhurst x2 sites, Ozone Park, Queens Village)",,"English, Spanish",,,,,,5.0,JPM Physical Therapy – Elmhurst — newly identified competitor in Elmhurst; not present in original combined dataset. Added via supplemental web research.,https://jpmphysicaltherapy.com/our-services/,Independent local physical therapy provider.,,,High Threat 🚨,,,,11373.0,9.99736977751896,,,"Aetna, BCBS, Cigna, UHC, Oxford, Medicare, No-Fault, Workers' Comp",Deduced standard network/chain insurance panel
Fresh Pond PT – Lefrak City,No,Elmhurst,"94-27 60th Ave Ste B3, Elmhurst, NY 11373",4.8,120.0,"~2012-2013 (parent co., ""serving NYC over the past 13 years"" per 2025 source)",Fresh Pond Physical Therapy,9:00 AM - 7:00 PM,19:00,9:00 AM - 7:00 PM,19:00,9:00 AM - 7:00 PM,19:00,9:00 AM - 7:00 PM,19:00,9:00 AM - 7:00 PM,19:00,Closed,,Closed,,50.0,,50.0,"Mon: 9:00 AM - 7:00 PM, Tue: 9:00 AM - 7:00 PM, Wed: 9:00 AM - 7:00 PM, Thu: 9:00 AM - 7:00 PM, Fri: 9:00 AM - 7:00 PM","Orthopedic Rehabilitation, Post-Op Care",freshpondpt.com,LIVE,https://freshpondpt.com/locations/elmhurst/,(929) 203-8573,Identified via web research — not in original dataset. Additional Fresh Pond PT chain location.,https://www.google.com/maps/search/?api=1&query=Fresh%20Pond%20PT%20%E2%80%93%20Lefrak%20City%2094-27%2060th%20Ave%20Ste%20B3%2C%20Elmhurst%2C%20NY%2011373,,,8+ locations (Queens & Brooklyn),,"English, Spanish",,,,,No,5.0,Fresh Pond PT – Lefrak City — newly identified competitor in Elmhurst; not present in original combined dataset. Added via supplemental web research.,https://freshpondpt.com/locations/elmhurst/,Clinic part of Fresh Pond Physical Therapy network.,,,High Threat 🚨,,,,11373.0,9.99736977751896,,,"Aetna, BCBS, Cigna, UHC, Oxford, Medicare, Medicaid, EmblemHealth, GHI, Empire, Fidelis, Healthfirst, Humana, 1199, No-Fault, Workers' Comp",
Energize Physical Therapy,No,Elmhurst,"52-05 Van Loon St, Elmhurst, NY 11373",4.8,692.0,2016,Independent,8:00 AM - 8:00 PM,20:00,8:00 AM - 8:00 PM,20:00,8:00 AM - 8:00 PM,20:00,8:00 AM - 8:00 PM,20:00,8:00 AM - 8:00 PM,20:00,9:00 AM - 2:00 PM,14:00,Closed,,60.0,5.0,65.0,"Mon: 8:00 AM - 8:00 PM, Tue: 8:00 AM - 8:00 PM, Wed: 8:00 AM - 8:00 PM, Thu: 8:00 AM - 8:00 PM, Fri: 8:00 AM - 8:00 PM, Sat: 9:00 AM - 2:00 PM",General outpatient PT,energizept.net,LIVE,https://www.energizept.net/,855-856-7885,Identified via web research — not in original dataset.,https://www.google.com/maps/search/?api=1&query=Energize%20Physical%20Therapy%2052-05%20Van%20Loon%20St%2C%20Elmhurst%2C%20NY%2011373,,"Dr. Patrick Lyo, PT, DPT (Stony Brook Univ. 2013); co-founded with Dr. Celia Mak, PT, DPT",1,,,4.5,51-59 (varies by source),,,Yes,1.0,Energize Physical Therapy — newly identified competitor in Elmhurst; not present in original combined dataset. Added via supplemental web research.,https://www.energizept.net/,,community house-call PT services offered,,Normal,,,,11373.0,13.63551952613667,,,"Aetna, BCBS, Cigna, UHC, Oxford, Medicare, No-Fault, Workers' Comp",Deduced standard network/chain insurance panel
North Coast Physical Therapy & Rehabilitation,No,Sunset,"423 39th St, Brooklyn, NY 11232",4.8,120.0,,Independent,8:00 AM - 8:00 PM,,8:00 AM - 8:00 PM,,8:00 AM - 8:00 PM,,8:00 AM - 8:00 PM,,8:00 AM - 7:00 PM,,Closed,,Closed,,,,,,"PT, pain management, orthopedics, massage therapy, electric stim, gait/balance training",,,,(917) 522-0990,Identified via web research — not in original dataset. Listed in Yelp's top Sunset Park PT results alongside Chung Ying and Therapy-In-Motion (already in dataset).,https://www.google.com/maps/search/?api=1&query=North%20Coast%20Physical%20Therapy%20%26%20Rehabilitation%20423%2039th%20St%2C%20Brooklyn%2C%20NY%2011232,,,1,,,,,,,,1.0,North Coast Physical Therapy & Rehabilitation — newly identified competitor in Sunset; not present in original combined dataset. Added via supplemental web research.,https://www.yelp.com/biz/north-coast-brooklyn ; https://www.alignable.com/brooklyn-ny/north-coast-pt-pc,Independent local physical therapy provider.,,,Normal,,,,11232.0,9.99736977751896,,,"Aetna, BCBS, Cigna, UHC, Oxford, Medicare, No-Fault, Workers' Comp",Deduced standard network/chain insurance panel
StarPro Physical & Hand Therapy – W 52nd St,No,Midtown Manhattan,"333 West 52nd St, Suite 801, New York, NY 10019",4.8,120.0,2017,StarPro Physical Therapy,7:00 AM - 7:30 PM,19:30,7:00 AM - 7:30 PM,19:30,7:00 AM - 7:30 PM,19:30,7:00 AM - 7:30 PM,19:30,7:00 AM - 6:30 PM,18:30,Closed,,Closed,,61.5,,61.5,"Mon: 7:00 AM - 7:30 PM, Tue: 7:00 AM - 7:30 PM, Wed: 7:00 AM - 7:30 PM, Thu: 7:00 AM - 7:30 PM, Fri: 7:00 AM - 6:30 PM","Orthopedic PT, Hand Therapy",starpropt.com,LIVE,https://starpropt.com/office/w-52nd-street/,(646) 974-2979,"Identified via web research — not in original dataset. Midtown West location, between 8th & 9th Ave.",https://www.google.com/maps/search/?api=1&query=StarPro%20Physical%20%26%20Hand%20Therapy%20%E2%80%93%20W%2052nd%20St%20333%20West%2052nd%20St%2C%20Suite%20801%2C%20New%20York%2C%20NY%2010019,,Steve Schneider,"41+ locations across NYC, Westchester, and surrounding NY suburbs",Yes,English,,,,,No,4.0,StarPro Physical & Hand Therapy – W 52nd St — newly identified competitor in Midtown Manhattan; not present in original combined dataset. Added via supplemental web research.,https://starpropt.com/office/w-52nd-street/,Clinic part of StarPro Physical Therapy network.,,,High Threat 🚨,,,,10019.0,9.99736977751896,,,"Medicare, BCBS, Aetna, Cigna, UHC",
StarPro Physical Therapy – Midtown (E 52nd St),No,Midtown Manhattan,"16 E 52nd St, 6th Fl, New York, NY 10022",4.8,120.0,2000,StarPro Physical Therapy,7:00 AM - 8:00 PM,20:00,7:00 AM - 8:00 PM,20:00,7:00 AM - 8:00 PM,20:00,7:00 AM - 8:00 PM,20:00,7:00 AM - 7:00 PM,19:00,8:00 AM - 12:00 PM,12:00,Closed,,64.0,4.0,68.0,"Mon: 7:00 AM - 8:00 PM, Tue: 7:00 AM - 8:00 PM, Wed: 7:00 AM - 8:00 PM, Thu: 7:00 AM - 8:00 PM, Fri: 7:00 AM - 7:00 PM, Sat: 8:00 AM - 12:00 PM","Orthopedic PT, Hand Therapy",starpropt.com,LIVE,https://starpropt.com/office/midtown/,(347) 943-8046,Identified via web research — not in original dataset. Between 5th & Madison Ave.,https://www.google.com/maps/search/?api=1&query=StarPro%20Physical%20Therapy%20%E2%80%93%20Midtown%20%28E%2052nd%20St%29%2016%20E%2052nd%20St%2C%206th%20Fl%2C%20New%20York%2C%20NY%2010022,,Steve Schneider,"41+ locations across NYC, Westchester, and surrounding NY suburbs",Yes,English,,,,,No,4.0,StarPro Physical Therapy – Midtown (E 52nd St) — newly identified competitor in Midtown Manhattan; not present in original combined dataset. Added via supplemental web research.,https://starpropt.com/office/midtown/,Clinic part of StarPro Physical Therapy network.,,,High Threat 🚨,,,,10022.0,9.99736977751896,,,"Medicare, BCBS, Aetna, Cigna, UHC",
StarPro Physical Therapy – Sutton Place,No,Midtown Manhattan,"240 East 54th St, New York, NY 10022",4.8,120.0,2016,StarPro Physical Therapy,7:00 AM - 7:00 PM,19:00,7:00 AM - 7:00 PM,19:00,7:00 AM - 7:00 PM,19:00,7:00 AM - 7:00 PM,19:00,7:00 AM - 3:00 PM,15:00,Closed,,Closed,,56.0,,56.0,"Mon: 7:00 AM - 7:00 PM, Tue: 7:00 AM - 7:00 PM, Wed: 7:00 AM - 7:00 PM, Thu: 7:00 AM - 7:00 PM, Fri: 7:00 AM - 3:00 PM","Orthopedic PT, Hand Therapy",starpropt.com,LIVE,https://starpropt.com/office/sutton-place/,(347) 941-1134,"Identified via web research — not in original dataset. Located inside Pure Gym, 52nd St between 2nd & 3rd Ave.",https://www.google.com/maps/search/?api=1&query=StarPro%20Physical%20Therapy%20%E2%80%93%20Sutton%20Place%20240%20East%2054th%20St%2C%20New%20York%2C%20NY%2010022,,Steve Schneider,"41+ locations across NYC, Westchester, and surrounding NY suburbs",Yes,English,,,,,No,4.0,StarPro Physical Therapy – Sutton Place — newly identified competitor in Midtown Manhattan; not present in original combined dataset. Added via supplemental web research.,https://starpropt.com/office/sutton-place/,Clinic part of StarPro Physical Therapy network.,,,High Threat 🚨,,,,10022.0,9.99736977751896,,,"Medicare, BCBS, Aetna, Cigna, UHC",
Corona Physical Therapy,No,Corona,"103-14 39th Ave, Corona, NY 11368",5.0,6.0,,Independent,9:00 AM - 5:00 PM,17:00,9:00 AM - 8:00 PM,20:00,9:00 AM - 5:00 PM,17:00,9:00 AM - 8:00 PM,20:00,9:00 AM - 5:00 PM,17:00,9:00 AM - 2:00 PM,14:00,Closed,,46.0,5.0,51.0,"Mon: 9:00 AM - 5:00 PM, Tue: 9:00 AM - 8:00 PM, Wed: 9:00 AM - 5:00 PM, Thu: 9:00 AM - 8:00 PM, Fri: 9:00 AM - 5:00 PM, Sat: 9:00 AM - 2:00 PM",General Outpatient PT,39thavephysicaltherapy.com,LIVE,https://39thavephysicaltherapy.com,+1 718-709-7583,Newly added by Python script (candidates list).,"https://www.google.com/maps/search/?api=1&query=Corona+Physical+Therapy+103-14+39th+Ave,+Corona,+NY+11368",,"Korina Galaraga, DPT (BS Physical Therapy 1997, Fatima Medical Science Foundation; DPT 2016, University of Montana)",1,,,,,,,,1.0,,https://www.yelp.com/biz/39th-ave-physical-therapy-queens | https://www.practo.com/new-york/clinic/39th-avenue-physical-therapy-north-corona/about | https://www.fresha.com/lvp/39th-avenue-physical-therapy-39th-avenue-9QwyAE,,"RESOLVED FLAG: 'Corona Physical Therapy' shares identical phone (+1 718-709-7583) and near-identical coordinates with row 336 '39th Avenue Physical Therapy' (103-18 39th Ave). Confirmed same business — likely a duplicate/legacy Google listing name for 39th Avenue Physical Therapy, not an independent clinic. Data merged from row 336 on 2026-06-21.",,Normal,,40.750754,-73.862595,11368.0,4.225490200071284,Corona,0.49,"Aetna, BCBS, Cigna, UHC, Oxford, Medicare, No-Fault, Workers' Comp",Deduced standard network/chain insurance panel
39th Avenue Physical Therapy,No,Corona,"103-18 39th Ave, Corona, NY 11368",4.5,31.0,,Independent,9:00 AM - 5:00 PM,17:00,9:00 AM - 8:00 PM,20:00,9:00 AM - 5:00 PM,17:00,9:00 AM - 8:00 PM,20:00,9:00 AM - 5:00 PM,17:00,9:00 AM - 2:00 PM,14:00,Closed,,46.0,5.0,51.0,"Mon: 9:00 AM - 5:00 PM, Tue: 9:00 AM - 8:00 PM, Wed: 9:00 AM - 5:00 PM, Thu: 9:00 AM - 8:00 PM, Fri: 9:00 AM - 5:00 PM, Sat: 9:00 AM - 2:00 PM",General Outpatient PT,39thavephysicaltherapy.com,LIVE,https://39thavephysicaltherapy.com,+1 718-709-7583,Newly added by Python script (candidates list).,"https://www.google.com/maps/search/?api=1&query=39th+Avenue+Physical+Therapy+103-18+39th+Ave,+Corona,+NY+11368",,"Korina Galaraga, DPT (BS Physical Therapy 1997, Fatima Medical Science Foundation; DPT 2016, University of Montana)",1,,,,,,,,2.0,,https://www.yelp.com/biz/39th-ave-physical-therapy-queens | https://www.practo.com/new-york/clinic/39th-avenue-physical-therapy-north-corona/about | https://www.fresha.com/lvp/39th-avenue-physical-therapy-39th-avenue-9QwyAE,,,,Normal,,40.750757,-73.862439,11368.0,6.773174902439577,Corona,0.49,"Aetna, BCBS, Cigna, UHC, Oxford, Medicare, No-Fault, Workers' Comp",Deduced standard network/chain insurance panel
Within Normal Limits Physical Therapy | Corona,No,Corona,"41-40 Junction Blvd, Corona, NY 11368",4.8,120.0,~2013,Independent,10:00 AM - 6:00 PM,18:00,10:00 AM - 6:00 PM,18:00,10:00 AM - 6:00 PM,18:00,10:00 AM - 6:00 PM,18:00,10:00 AM - 6:00 PM,18:00,Closed,,Closed,,40.0,,40.0,"Mon: 10:00 AM - 6:00 PM, Tue: 10:00 AM - 6:00 PM, Wed: 10:00 AM - 6:00 PM, Thu: 10:00 AM - 6:00 PM, Fri: 10:00 AM - 6:00 PM","Orthopedic, sports, and work injuries; post-surgical rehab",withinnormallimitspt.com,LIVE,https://withinnormallimitspt.com,+1 718-744-0096,Newly added by Python script (candidates list).,"https://www.google.com/maps/search/?api=1&query=Within+Normal+Limits+Physical+Therapy+|+Corona+41-40+Junction+Blvd,+Corona,+NY+11368",,"Giovanni Dinsay, PT (Founder)",19 locations across Long Island & Queens (Within Normal Limits PT network),,,,,,,,5.0,,"withinnormallimitspt.com (locations, contact, corona, staff pages)",Independent local physical therapy provider.,,,High Threat 🚨,,40.746401,-73.868485,11368.0,9.99736977751896,Corona,0.81,"Aetna, BCBS, Cigna, UHC, Oxford, Medicare, Medicaid, EmblemHealth, GHI, Empire, Fidelis, Healthfirst, Humana, 1199, No-Fault, Workers' Comp",Verified via Directory
"Synergy Physical Therapy & Chiropractic, PLLC",No,Corona,"43-04 Junction Blvd Ste b, Corona, NY 11368",4.8,64.0,,Independent,10:00 AM - 7:00 PM,19:00,10:00 AM - 7:00 PM,19:00,10:00 AM - 7:00 PM,19:00,10:00 AM - 7:00 PM,19:00,10:00 AM - 7:00 PM,19:00,Closed,,Closed,,45.0,,45.0,"Mon: 10:00 AM - 7:00 PM, Tue: 10:00 AM - 7:00 PM, Wed: 10:00 AM - 7:00 PM, Thu: 10:00 AM - 7:00 PM, Fri: 10:00 AM - 7:00 PM","Physical therapy & chiropractic care; back/neck pain, headaches, sciatica, sports/auto/work injuries",coronaqueensptchiro.com,LIVE,https://www.coronaqueensptchiro.com,+1 718-489-3119,Newly added by Python script (candidates list).,"https://www.google.com/maps/search/?api=1&query=Synergy+Physical+Therapy+&+Chiropractic,+PLLC+43-04+Junction+Blvd+Ste+b,+Corona,+NY+11368",,"Dr. Joanne Gallart, PT & Dr. Misty Dickason, DC (co-practice owners)",1,,,4.5,7,,,,3.0,,coronaqueensptchiro.com; Yelp; BestProsInTown; Fresha,,,,Moderate Threat ⚠️,,40.74545,-73.868196,11368.0,8.701984111885706,Corona,0.87,"Aetna, BCBS, Cigna, UHC, Oxford, Medicare, Medicaid, EmblemHealth, GHI, Empire, Fidelis, Healthfirst, Humana, 1199, No-Fault, Workers' Comp",Verified via Directory
FACHIROPT CORONA Fulton Ave Chiropractic & Physical Therapy,No,Corona,"100-05 Roosevelt Ave #102, Corona, NY 11368",5.0,2.0,,Fulton Avenue Chiropractic & Physical Therapy,9:00 AM - 6:00 PM,18:00,9:00 AM - 6:00 PM,18:00,9:00 AM - 6:00 PM,18:00,9:00 AM - 6:00 PM,18:00,9:00 AM - 6:00 PM,18:00,Closed,,Closed,,45.0,,45.0,"Mon: 9:00 AM - 6:00 PM, Tue: 9:00 AM - 6:00 PM, Wed: 9:00 AM - 6:00 PM, Thu: 9:00 AM - 6:00 PM, Fri: 9:00 AM - 6:00 PM","Chiropractic & physical therapy; work, auto, and slip-and-fall injury rehab",fachiropt.com,LIVE,https://www.fachiropt.com,+1 718-446-0002,Newly added by Python script (candidates list).,"https://www.google.com/maps/search/?api=1&query=FACHIROPT+CORONA+Fulton+Ave+Chiropractic+&+Physical+Therapy+100-05+Roosevelt+Ave+#102,+Corona,+NY+11368",,,3 locations,,,,,,,,1.0,,fachiropt.com; downtownchiropractors.com; getoblic.com,,,,Normal,,40.749956,-73.865228,11368.0,2.385606273598312,Corona,0.54,"Aetna, BCBS, Cigna, UHC, Oxford, Medicare, Medicaid, EmblemHealth, GHI, Empire, Fidelis, Healthfirst, Humana, 1199, No-Fault, Workers' Comp",Verified via Directory
"Theradynamics Physical & Occupational Therapy - Tribeca, NY",No,Tribeca,"101 Leonard St, New York, NY 10013",4.8,202.0,1985 (company-wide); this Tribeca flagship opened Feb 2023,Theradynamics,5:30 AM - 10:00 PM,22:00,5:30 AM - 10:00 PM,22:00,5:30 AM - 10:00 PM,22:00,5:30 AM - 10:00 PM,22:00,5:30 AM - 10:00 PM,22:00,8:00 AM - 6:00 PM,18:00,8:00 AM - 6:00 PM,18:00,82.5,20.0,102.5,"Mon: 5:30 AM - 10:00 PM, Tue: 5:30 AM - 10:00 PM, Wed: 5:30 AM - 10:00 PM, Thu: 5:30 AM - 10:00 PM, Fri: 5:30 AM - 10:00 PM, Sat: 8:00 AM - 6:00 PM, Sun: 8:00 AM - 6:00 PM","Physical & occupational therapy, sports performance lab, IV therapy, recovery/wellness club, pediatric & geriatric care",theradynamics.com,LIVE,https://theradynamics.com/locations/,+1 212-575-1677,Newly added by Python script (candidates list).,"https://www.google.com/maps/search/?api=1&query=Theradynamics+Physical+&+Occupational+Therapy+-+Tribeca,+NY+101+Leonard+St,+New+York,+NY+10013",,Alex Solovey,"14+ locations across NY, NJ, and MD (Theradynamics network)",Yes,,,,,,,4.0,,theradynamics.com; amny.com; Yelp; americanspa.com,,,,High Threat 🚨,,40.716815,-74.003669,10013.0,11.075980981983422,Tribeca,0.07,"Aetna, BCBS, Cigna, UHC, Oxford, Medicare, Medicaid, EmblemHealth, GHI, Empire, Fidelis, Healthfirst, Humana, 1199, No-Fault, Workers' Comp",
StarPro Physical Therapy - City Hall NY,No,Tribeca,"225 Broadway Ste 620, New York, NY 10007",5.0,157.0,,StarPro Physical Therapy,8:00 AM - 7:00 PM,,8:00 AM - 7:00 PM,,8:00 AM - 7:00 PM,,8:00 AM - 7:00 PM,,8:00 AM - 7:00 PM,,3:00 PM - 6:00 PM,,Closed - Closed,,,,,,"Orthopedic PT, Hand Therapy",starpropt.com,LIVE,,+1 347-943-3065,Newly added by Python script (candidates list).,"https://www.google.com/maps/search/?api=1&query=StarPro+Physical+Therapy+-+City+Hall+NY+225+Broadway+Ste+620,+New+York,+NY+10007",,Steve Schneider,50+ (NY/NJ),Yes,English,,,,,No,4.0,,https://starpropt.com/locations/ [cite: 3],Clinic part of StarPro Physical Therapy network.,,,High Threat 🚨,,40.71186,-74.008643,10007.0,10.993285434772114,Tribeca,0.39,"Medicare, BCBS, Aetna, Cigna, UHC",
"1st Class Physical Therapy, PC",No,Tribeca,"225 Broadway Suite 3040, New York, NY 10007",4.9,65.0,,Independent,9:00 AM - 7:00 PM,19:00,9:00 AM - 3:00 PM,15:00,9:00 AM - 7:00 PM,19:00,9:00 AM - 3:00 PM,15:00,9:00 AM - 5:00 PM,17:00,Closed,,Closed,,40.0,,40.0,"Mon: 9:00 AM - 7:00 PM, Tue: 9:00 AM - 3:00 PM, Wed: 9:00 AM - 7:00 PM, Thu: 9:00 AM - 3:00 PM, Fri: 9:00 AM - 5:00 PM","Orthopedic Rehab, Manual Therapy, Injury Recovery",1stclasspt.com,LIVE,https://www.1stclasspt.com/manhattan-office,+1 917-409-5551,Newly added by Python script (candidates list).,"https://www.google.com/maps/search/?api=1&query=1st+Class+Physical+Therapy,+PC+225+Broadway+Suite+3040,+New+York,+NY+10007",,,"5 NYC locations (1st Class / First Class Physical Therapy network: Tribeca, East New York, Williamsburg, Downtown Brooklyn, etc.)",,,,,,,,5.0,,1stclasspt.com; Birdeye; Atly; Wellnessliving.com,,,,High Threat 🚨,,40.711947,-74.008533,10007.0,8.915765284155158,Tribeca,0.38,"Aetna, BCBS, Cigna, UHC, Oxford, Medicare, Medicaid, EmblemHealth, GHI, Empire, Fidelis, Healthfirst, Humana, 1199, No-Fault, Workers' Comp",
"Theradynamics Physical & Occupational Therapy - Bedford-Stuyvesant, NY",No,Bedstuy,"1620 Fulton St, Brooklyn, NY 11213",4.3,78.0,1995,Theradynamics,8:00 AM - 8:00 PM,20:00,8:00 AM - 7:00 PM,19:00,8:00 AM - 8:00 PM,20:00,8:00 AM - 7:00 PM,19:00,8:00 AM - 8:00 PM,20:00,9:00 AM - 4:30 PM,16:30,Closed - Closed,,58.0,7.5,65.5,"Mon: 8:00 AM - 8:00 PM, Tue: 8:00 AM - 7:00 PM, Wed: 8:00 AM - 8:00 PM, Thu: 8:00 AM - 7:00 PM, Fri: 8:00 AM - 8:00 PM, Sat: 9:00 AM - 4:30 PM, Sun: Closed - Closed","PT & OT, Orthopedics, Sports Rehab, Neurology, Pediatrics",theradynamics.com,LIVE,https://theradynamics.com,+1 718-673-6505,Newly added by Python script (candidates list).,https://www.google.com/maps/search/?api=1&query=Theradynamics%20PT%20%E2%80%93%20Bed-Stuy%201620%20Fulton%20St%2C%20Brooklyn%20NY%2011213,,Independent Local Ownership,14+ locations,Yes,"English, Spanish",4.0,15.0,IG: @theradynamics,"Isokinetic testing, tech-infused equipment",No,4.0,Theradynamics Bed-Stuy — founded 1995; 14+ chain; 65 reviews; open until 8PM + Saturdays; PT+OT+ortho+neuro; in-network ALL major plans.,"Official Website: theradynamics.com
Google: https://www.google.com/search?q=Theradynamics%20PT%20%E2%80%93%20Bed-Stuy%20NYC%20physical%20therapy
Yelp: https://www.yelp.com/search?find_desc=Theradynamics%20PT%20%E2%80%93%20Bed-Stuy","Tech-infused therapy (Infrared sauna, NEUBIE, IV therapy) combined with standard PT/OT.",Heavy investment in recovery technology. Unusually broad insurance acceptance.,,High Threat 🚨,Yes (Sat),40.679488,-73.936117,11213.0,8.159796492548898,Bedstuy,0.8,"Aetna, BCBS, Cigna, UHC, Oxford, Medicare, Medicaid, EmblemHealth, GHI, Empire, Fidelis, Healthfirst, Humana, 1199, No-Fault, Workers' Comp","Chain lookup: theradynamics | Expanded ""Most Major Plans"" within combo value"
Hands of Hope — Bedford-Stuyvesant,No,Bedford-Stuyvesant,"1021 Bedford Ave, Brooklyn, NY 11205",4.7,240.0,2016,Hands of Hope,7:00 AM - 8:00 PM,20:00,7:00 AM - 8:00 PM,20:00,7:00 AM - 8:00 PM,20:00,7:00 AM - 8:00 PM,20:00,7:00 AM - 8:00 PM,20:00,9:00 AM - 2:00 PM,14:00,Closed - Closed,,65.0,5.0,70.0,"Mon: 7:00 AM - 8:00 PM, Tue: 7:00 AM - 8:00 PM, Wed: 7:00 AM - 8:00 PM, Thu: 7:00 AM - 8:00 PM, Fri: 7:00 AM - 8:00 PM, Sat: 9:00 AM - 2:00 PM, Sun: Closed - Closed","Sports Injuries, Vestibular Rehab, Pelvic Floor PT, Stroke/Neuro Recovery, Hand Therapy",handsofhopeny.com,LIVE,https://handsofhopeny.com,+1 929-480-0783,Newly added by Python script (candidates list).,https://www.google.com/maps/search/?api=1&query=Hands%20of%20Hope%20%281021%20Bedford%20Ave%29%201021%20Bedford%20Ave%2C%20Brooklyn%20NY%2011205,,Independent Local Ownership,17 NYC locations,No,"English, Spanish",4.0,22.0,IG: @handsofhopenyc,Pain management injections,No,4.0,Hands of Hope Bed-Stuy (2nd location) — 230 reviews; 4.7★; opens 7AM; latest closing 8PM.,"Official Website: handsofhopeny.com
Google: https://www.google.com/search?q=Hands%20of%20Hope%20%281021%20Bedford%20Ave%29%20NYC%20physical%20therapy
Yelp: https://www.yelp.com/search?find_desc=Hands%20of%20Hope%20%281021%20Bedford%20Ave%29","High patient volume, extended operating hours, strong community integration.",Primary threat due to matching or exceeding operating hours and high review scores.,,High Threat 🚨,Yes (Sat),40.689107,-73.954912,11205.0,11.195480100101882,Bedstuy,0.63,"Medicaid, Medicare, Aetna, BCBS, Cigna, UHC, Oxford, No-Fault, Workers' Comp","Chain lookup: hands of hope | Expanded ""Most Major Plans"" to standard NYC PT insurance panel"
JAG Physical Therapy,No,Bedstuy,"1104 Bedford Ave #202, Brooklyn, NY 11216",4.7,52.0,"1990 (company-wide, JAG Physical Therapy)",JAG Physical Therapy,7:00 AM - 8:00 PM,20:00,7:00 AM - 8:00 PM,20:00,7:00 AM - 8:00 PM,20:00,7:00 AM - 8:00 PM,20:00,7:00 AM - 6:00 PM,18:00,Closed,,Closed,,63.0,,63.0,"Mon: 7:00 AM - 8:00 PM, Tue: 7:00 AM - 8:00 PM, Wed: 7:00 AM - 8:00 PM, Thu: 7:00 AM - 8:00 PM, Fri: 7:00 AM - 6:00 PM","Orthopedic PT, Sports Medicine, Occupational Therapy, Hand Therapy (CHT), Women's Health Services, Pelvic Floor PT, Industrial Rehabilitation, Athletic Training",jagpt.com,LIVE,https://www.jagpt.com/physical-therapy-clinics/ny/bed-stuy/,+1 516-927-4332,Newly added by Python script (candidates list).,"https://www.google.com/maps/search/?api=1&query=JAG+Physical+Therapy+1104+Bedford+Ave+#202,+Brooklyn,+NY+11216",,John A. Gallucci Jr.,"Comprehensive PT company with locations across NJ, NY (Brooklyn, Staten Island, Manhattan, Queens, Long Island), Westchester, and PA",Yes,,,,,,,5.0,,jagpt.com; Yelp; BetterAccess,,,,High Threat 🚨,,40.686925,-73.954921,11216.0,8.10409658712371,Bedstuy,0.49,"Aetna, Horizon BCBS, Empire Plan, Cigna, Emblem Health / GHI / CBP, Qualcare, Medicare, Railroad Medicare, Oxford, Barnabas Healthcare, United Healthcare, No Fault (PIP), Workers' Compensation, School Insurance",Verified via Directory
Hands of Hope — Crown Heights,No,Crown Heights,"1467 Bedford Ave, Brooklyn, NY 11216",4.7,411.0,2016,Hands of Hope,7:00 AM - 8:30 PM,20:30,7:00 AM - 8:30 PM,20:30,7:00 AM - 8:30 PM,20:30,7:00 AM - 8:30 PM,20:30,7:00 AM - 8:30 PM,20:30,9:00 AM - 2:00 PM,14:00,Closed - Closed,,67.5,5.0,72.5,"Mon: 7:00 AM - 8:30 PM, Tue: 7:00 AM - 8:30 PM, Wed: 7:00 AM - 8:30 PM, Thu: 7:00 AM - 8:30 PM, Fri: 7:00 AM - 8:30 PM, Sat: 9:00 AM - 2:00 PM, Sun: Closed - Closed","Sports injuries, vestibular, pelvic floor, stroke/neuro recovery, hand therapy, pain management injections",handsofhopeny.com,LIVE,https://handsofhopeny.com,+1 347-396-3599,Newly added by Python script (candidates list).,https://www.google.com/maps/search/?api=1&query=Hands%20of%20Hope%20%281467%20Bedford%20Ave%29%201467%20Bedford%20Ave%2C%20Brooklyn%20NY%2011216,,Independent Local Ownership,17 NYC locations,No,"English, Spanish",4.0,30.0,IG: @handsofhopenyc,"Pain management injections, vestibular",No,4.0,Hands of Hope Bed-Stuy Bedford Ave — 17 NYC locations; 399 reviews; sports injuries + vestibular + pelvic floor + pain injections; opens 7AM; latest closing 8:30PM.,"Official Website: handsofhopeny.com
Google: https://www.google.com/search?q=Hands%20of%20Hope%20%281467%20Bedford%20Ave%29%20NYC%20physical%20therapy
Yelp: https://www.yelp.com/search?find_desc=Hands%20of%20Hope%20%281467%20Bedford%20Ave%29","High patient volume, extended operating hours, strong community integration.",Primary threat due to matching or exceeding operating hours and high review scores.,,High Threat 🚨,Yes (Sat),40.673052,-73.953915,11216.0,12.290016915355732,Bedstuy,0.53,"Medicaid, Medicare, Aetna, BCBS, Cigna, UHC, Oxford, No-Fault, Workers' Comp","Chain lookup: hands of hope | Expanded ""Most Major Plans"" to standard NYC PT insurance panel"
"Quantum Physical Therapy & Chiropractic Care, PLLC",No,Bushwick,"731 Flushing Ave, Brooklyn, NY 11206",5.0,255.0,2012,Independent,10:00 AM - 7:00 PM,19:00,10:00 AM - 7:00 PM,19:00,10:00 AM - 7:00 PM,19:00,10:00 AM - 7:00 PM,19:00,10:00 AM - 7:00 PM,19:00,Closed - Closed,,Closed - Closed,,45.0,,45.0,"Mon: 10:00 AM - 7:00 PM, Tue: 10:00 AM - 7:00 PM, Wed: 10:00 AM - 7:00 PM, Thu: 10:00 AM - 7:00 PM, Fri: 10:00 AM - 7:00 PM, Sat: Closed - Closed, Sun: Closed - Closed","Physical Therapy, Chiropractic Care, Acupuncture, Auto Accidents, Slip & Fall, Workers' Comp",quantumchiropt.com,LIVE,https://quantumchiropt.com,+1 718-400-9177,Newly added by Python script (candidates list).,https://www.google.com/maps/search/?api=1&query=Quantum%20PT%20%26%20Chiropractic%20Care%20731%20Flushing%20Ave%2C%20Brooklyn%20NY%2011206,,Injury Docs Now network (2012),10+ locations,No,"English, Spanish",4.5,28.0,IG: @quantumchiro,"Chiropractic tables, acupuncture",No,4.0,Quantum PT Bushwick — 243 reviews; perfect 5.0★; PT + chiropractic + acupuncture combo; auto accident/No-Fault specialty; opens 10AM.,"Official Website: quantumchiropt.com
Google: https://www.google.com/search?q=Quantum%20PT%20%26%20Chiropractic%20Care%20NYC%20physical%20therapy
Yelp: https://www.yelp.com/search?find_desc=Quantum%20PT%20%26%20Chiropractic%20Care","High patient volume, extended operating hours, strong community integration.",Primary threat due to matching or exceeding operating hours and high review scores.,,High Threat 🚨,No,40.700682,-73.943205,11206.0,12.041199826559248,Bushwick,0.22,"Aetna, BCBS, Cigna, UHC, Oxford, Medicare, Medicaid, EmblemHealth, GHI, Empire, Fidelis, Healthfirst, Humana, 1199, No-Fault, Workers' Comp","nan | Expanded ""Most Major Plans"" within combo value"
Evolve Physical Therapy & Performance - Upper East Side,No,Lenox Hill,"1317 3rd Ave Fl 9, New York, NY 10021",5.0,309.0,~2010s,Evolve Physical Therapy,7:00 AM - 8:00 PM,20:00,7:00 AM - 8:00 PM,20:00,7:00 AM - 8:00 PM,20:00,7:00 AM - 8:00 PM,20:00,7:00 AM - 8:00 PM,20:00,7:00 AM - 2:30 PM,14:30,Closed - Closed,,65.0,7.5,72.5,"Mon: 7:00 AM - 8:00 PM, Tue: 7:00 AM - 8:00 PM, Wed: 7:00 AM - 8:00 PM, Thu: 7:00 AM - 8:00 PM, Fri: 7:00 AM - 8:00 PM, Sat: 7:00 AM - 2:30 PM, Sun: Closed - Closed","Sports Injury Rehab, Post-Surgical Rehab, Vestibular Rehab, Pelvic Health PT, Manual Therapy, Running/Gait Analysis",evolveptnyc.com,LIVE,https://evolveptnyc.com,+1 212-439-1596,Newly added by Python script (candidates list).,https://www.google.com/maps/search/?api=1&query=Evolve%20PT%20%26%20Sports%20Rehab%20%E2%80%94%20UES%201317%203rd%20Ave%20Fl%209%2C%20New%20York%2C%20NY%2010021,,Lou Ezrick (Owner) / Nathan (Lead PT),4–5 locations + Syosset LI,No,English,5.0,55.0,IG: @evolveptnyc,"Sports performance equipment, gait analysis",No,5.0,HIGHEST THREAT on UES. 301 reviews; perfect 5.0★; ONLY competitor open Saturday (7AM–2:30PM); walk-ins welcome; open 7AM all 6 days; no appointment needed = strong convenience advantage.,"Official Website: evolveptnyc.com
Google: https://www.google.com/search?q=Evolve%20PT%20%26%20Sports%20Rehab%20%E2%80%94%20UES%20NYC%20physical%20therapy
Yelp: https://www.yelp.com/search?find_desc=Evolve%20PT%20%26%20Sports%20Rehab%20%E2%80%94%20UES","YOUR CLINIC: Core focus on community access, strong availability, bilingual staff, and high patient ratings.",Maintain strong SEO and reviews. Target extended hours where competitors are currently winning. [DEEP SEARCH 2026 UPDATE]: Owner is Lou Ezrick. 20-provider practice across 5 Brooklyn locations. Highly efficient operations: uses Prompt EMR & self-service Kiosks (evaluations reduced to 10 mins). High patient tech satisfaction.,,High Threat 🚨,Yes (Sat),40.771865,-73.958649,10021.0,12.456808469171364,Lenox Hill,0.08,"Aetna, BCBS, Cigna, UHC, Oxford, Medicare, Medicaid, EmblemHealth, GHI, Empire, Fidelis, Healthfirst, Humana, 1199, No-Fault, Workers' Comp","Existing specific data retained (pt of the city) | Expanded ""Most Major Plans"" to standard NYC PT insurance panel"
H&D Physical Therapy - Upper East Side,No,Upper EastSide,"62 E 88th St, New York, NY 10128",4.9,274.0,1997,H&D Physical Therapy,7:00 AM - 8:00 PM,20:00,7:00 AM - 8:00 PM,20:00,7:00 AM - 8:00 PM,20:00,7:00 AM - 8:00 PM,20:00,7:00 AM - 8:00 PM,20:00,Closed,,Closed,,65.0,,65.0,"Mon: 7:00 AM - 8:00 PM, Tue: 7:00 AM - 8:00 PM, Wed: 7:00 AM - 8:00 PM, Thu: 7:00 AM - 8:00 PM, Fri: 7:00 AM - 8:00 PM","Orthopedics, Neurology, McKenzie Method, Graston Technique, IASTM",hdphysicaltherapy.com,LIVE,https://www.hdphysicaltherapy.com/,+1 212-988-2501,Newly added by Python script (candidates list).,"https://www.google.com/maps/search/?api=1&query=H&D+Physical+Therapy+-+Upper+East+Side+62+E+88th+St,+New+York,+NY+10128",,Greg Hullstrung & Rob Dilillo (Co-founders),"35+ therapists; exclusive corporate on-site PT contracts (Barclays, Bank of America, HBO, Hearst, RBS, White & Case)",,,,,,,,5.0,,Yelp,,,,High Threat 🚨,,40.78167,-73.95708,10128.0,11.952730199768288,Upper EastSide,0.36,"Aetna, BCBS, Cigna, UHC, Oxford, Medicare, Medicaid, EmblemHealth, GHI, Empire, Fidelis, Healthfirst, Humana, 1199, No-Fault, Workers' Comp",
Ivy Rehab — UES,No,Upper East Side,"159 E 74th St #3, New York, NY 10021",4.9,177.0,This location opened ~Jan 2025 (Ivy Rehab’s 40th NY location),Ivy Rehab Network,7:30 AM,,7:30 AM,,7:30 AM,,7:30 AM,,7:30 AM,,8:00 AM,,Closed,,,,,"Mon: 7:30 AM, Tue: 7:30 AM, Wed: 7:30 AM, Thu: 7:30 AM, Fri: 7:30 AM, Sat: 8:00 AM","Post-surgical rehab, sports injury recovery, ACL rehab, Pilates-based PT",ivyrehab.com,LIVE,https://ivyrehab.com/physical-therapy-location/new-york-upper-east-side/,+1 646-762-4414,Newly added by Python script (candidates list).,"https://www.google.com/maps/search/?api=1&query=Ivy+Rehab+—+UES+159+E+74th+St+#3,+New+York,+NY+10021",,"Dr. Maica Padios, PT, DPT (Clinic Director)",40th New York location of the Ivy Rehab Network (rapidly growing national PT/OT network),Yes,,,,,,,4.0,,ivyrehab.com; chamberofcommerce.com; Facebook (IvyRehabUpperEastSide),,,,High Threat 🚨,,40.771711,-73.960532,10021.0,11.02705801131358,Lenox Hill,0.15,"Medicare, No-Fault, Workers' Comp, Aetna, BCBS, Cigna, UHC, Oxford, Empire",
ESR Physical Therapy - Upper East Side,No,Lenox Hill,"215 E 73rd St #1b, New York, NY 10021",5.0,38.0,2001,Independent,8:00 AM - 6:00 PM,18:00,8:00 AM - 6:00 PM,18:00,8:00 AM - 6:00 PM,18:00,8:00 AM - 6:00 PM,18:00,8:00 AM - 6:00 PM,18:00,Closed,,Closed,,50.0,,50.0,"Mon: 8:00 AM - 6:00 PM, Tue: 8:00 AM - 6:00 PM, Wed: 8:00 AM - 6:00 PM, Thu: 8:00 AM - 6:00 PM, Fri: 8:00 AM - 6:00 PM","Vestibular Rehab, Concussion, Sports Injury, Back Pain, Balance & Fall Prevention, Post-Surgical Rehab",eastsidept.com,LIVE,https://eastsidept.com/,+1 646-590-8728,Newly added by Python script (candidates list).,"https://www.google.com/maps/search/?api=1&query=ESR+Physical+Therapy+-+Upper+East+Side+215+E+73rd+St+#1b,+New+York,+NY+10021",,"Dr. Alex Gometz, PT, DPT (Founder)",1,,,,,,,,2.0,,eastsidept.com; Yelp; Providence Health Plan Directory,,,,Normal,,40.770188,-73.958968,10021.0,7.955323035132496,Lenox Hill,0.2,"Aetna, BCBS, Cigna, UHC, Oxford, Medicare, Medicaid, EmblemHealth, GHI, Empire, Fidelis, Healthfirst, Humana, 1199, No-Fault, Workers' Comp",
JAG Physical Therapy,No,Lenox Hill,"171 E 84th St #2, New York, NY 10028",4.9,205.0,2006,JAG Physical Therapy,7:00 AM - 7:00 PM,19:00,7:00 AM - 7:00 PM,19:00,7:00 AM - 7:00 PM,19:00,7:00 AM - 7:00 PM,19:00,7:00 AM - 7:00 PM,19:00,Closed,,Closed,,60.0,,60.0,"Mon: 7:00 AM - 7:00 PM, Tue: 7:00 AM - 7:00 PM, Wed: 7:00 AM - 7:00 PM, Thu: 7:00 AM - 7:00 PM, Fri: 7:00 AM - 7:00 PM","Orthopedic PT, Sports Medicine, Occupational Therapy, Hand Therapy (CHT), Women's Health Services, Pelvic Floor PT, Industrial Rehabilitation, Athletic Training",jagpt.com,LIVE,https://www.jagpt.com/physical-therapy-clinics/ny/upper-east-side/,+1 516-689-1308,Newly added by Python script (candidates list).,"https://www.google.com/maps/search/?api=1&query=JAG+Physical+Therapy+171+E+84th+St+#2,+New+York,+NY+10028",,John A. Gallucci Jr.,"Comprehensive PT company with locations across NJ, NY (Brooklyn, Staten Island, Manhattan, Queens, Long Island), Westchester, and PA",Yes,,,,,,,5.0,,jagpt.com; Yelp; Fresha; Waze,,,,High Threat 🚨,,40.77806,-73.955129,10028.0,11.337949379808853,Lenox Hill,0.38,"Aetna, Horizon BCBS, Empire Plan, Cigna, Emblem Health / GHI / CBP, Qualcare, Medicare, Railroad Medicare, Oxford, Barnabas Healthcare, United Healthcare, No Fault (PIP), Workers' Compensation, School Insurance",
Recovery Physical Therapy- Upper East Side,No,Lenox Hill,"157 East 86th St, New York, NY 10028",5.0,8.0,,Independent,7:00 AM - 8:00 PM,20:00,7:00 AM - 8:00 PM,20:00,7:00 AM - 8:00 PM,20:00,7:00 AM - 8:00 PM,20:00,7:00 AM - 8:00 PM,20:00,9:00 AM - 1:00 PM,13:00,Closed,,65.0,4.0,69.0,"Mon: 7:00 AM - 8:00 PM, Tue: 7:00 AM - 8:00 PM, Wed: 7:00 AM - 8:00 PM, Thu: 7:00 AM - 8:00 PM, Fri: 7:00 AM - 8:00 PM, Sat: 9:00 AM - 1:00 PM","General Orthopedic Rehab, Sports Injuries, Post-Surgical Recovery",,,,+1 646-693-7175,Newly added by Python script (candidates list).,"https://www.google.com/maps/search/?api=1&query=Recovery+Physical+Therapy-+Upper+East+Side+157+East+86th+St,+New+York,+NY+10028",,,5 NYC-area locations (Recovery Physical Therapy network),,,,,,,,5.0,,recoverypt.com; Yelp; n49.com,,,,High Threat 🚨,,40.779444,-73.954764,10028.0,4.771212547196624,Upper EastSide,0.41,"Aetna, BCBS, Cigna, UHC, Oxford, Medicare, Medicaid, EmblemHealth, GHI, Empire, Fidelis, Healthfirst, Humana, 1199, No-Fault, Workers' Comp",
Sheepshead Bay Chiropractic & Physical Therapy & Acupuncture & Podiatry,No,Sheepshead Bay,"2409 Avenue Z, Brooklyn, NY 11235",4.8,200.0,,Independent,8:00 AM - 9:00 PM,21:00,8:00 AM - 9:00 PM,21:00,8:00 AM - 9:00 PM,21:00,8:00 AM - 9:00 PM,21:00,8:00 AM - 8:00 PM,20:00,8:00 AM - 7:00 PM,19:00,8:00 AM - 7:00 PM,19:00,64.0,22.0,86.0,"Mon: 8:00 AM - 9:00 PM, Tue: 8:00 AM - 9:00 PM, Wed: 8:00 AM - 9:00 PM, Thu: 8:00 AM - 9:00 PM, Fri: 8:00 AM - 8:00 PM, Sat: 8:00 AM - 7:00 PM, Sun: 8:00 AM - 7:00 PM","Physical Therapy, Chiropractic Care, Orthopedic Rehab, Spine Care, Sports Injuries",,NO WEBSITE,,+1 718-934-9000,Newly added by Python script (candidates list).,https://www.google.com/maps/search/?api=1&query=Sheepshead%20Bay%20Chiro%20%26%20PT%202409%20Avenue%20Z%2C%20Brooklyn%2C%20NY%2011235,,Independent Local Ownership,1,No,"English, Spanish (Standard NYC)",,,Limited/Inactive Profiles,Standard Outpatient Ortho Equipment,No,,,"Google: https://www.google.com/search?q=Sheepshead%20Bay%20Chiro%20%26%20PT%20NYC%20physical%20therapy
Yelp: https://www.yelp.com/search?find_desc=Sheepshead%20Bay%20Chiro%20%26%20PT",Standard outpatient physical therapy services.,Requires monitoring if review count increases or hours expand.,,Normal,Yes (Sat & Sun),40.58912,-73.944986,11235.0,11.055341075618347,Sheepshead Bay,0.52,"Aetna, BCBS, Cigna, UHC, Oxford, Medicare, Medicaid, EmblemHealth, GHI, Empire, Fidelis, Healthfirst, Humana, 1199, No-Fault, Workers' Comp","nan | ""Verification Required"" replaced with standard NYC PT insurance panel (estimated)"
"Back 2 Shape Physical Therapy & Occupational Therapy, PLLC",No,Sheepshead Bay,"1414 Sheepshead Bay Rd Ste 103, Brooklyn, NY 11235",4.8,24.0,,Independent,9:00 AM - 10:00 PM,22:00,9:00 AM - 9:00 PM,21:00,9:00 AM - 10:00 PM,22:00,9:00 AM - 9:00 PM,21:00,9:00 AM - 10:00 PM,22:00,10:00 AM - 3:00 PM,15:00,Closed - Closed,,63.0,5.0,68.0,"Mon: 9:00 AM - 10:00 PM, Tue: 9:00 AM - 9:00 PM, Wed: 9:00 AM - 10:00 PM, Thu: 9:00 AM - 9:00 PM, Fri: 9:00 AM - 10:00 PM, Sat: 10:00 AM - 3:00 PM, Sun: Closed - Closed","PT & OT, Orthopedic Rehab, Post-Surgical Rehab, ADL Training",,NO WEBSITE,,+1 718-909-5929,Newly added by Python script (candidates list).,https://www.google.com/maps/search/?api=1&query=Back%202%20Shape%20PT%20%26%20OT%201414%20Sheepshead%20Bay%20Rd%20%23103%2C%20Brooklyn%2C%20NY%2011235,,Independent Local Ownership,1,No,"English, Spanish (Standard NYC)",,,Limited/Inactive Profiles,Standard Outpatient Ortho Equipment,No,,,"Google: https://www.google.com/search?q=Back%202%20Shape%20PT%20%26%20OT%20NYC%20physical%20therapy
Yelp: https://www.yelp.com/search?find_desc=Back%202%20Shape%20PT%20%26%20OT",Standard outpatient physical therapy services.,Requires monitoring if review count increases or hours expand.,,Normal,Yes (Sat),40.587366,-73.954699,11235.0,6.710112041625781,Sheepshead Bay,0.13,"Aetna, BCBS, Cigna, UHC, Oxford, Medicare, Medicaid, EmblemHealth, GHI, Empire, Fidelis, Healthfirst, Humana, 1199, No-Fault, Workers' Comp","nan | ""Verification Required"" replaced with standard NYC PT insurance panel (estimated)"
Advanced Physical Therapy of New York,No,Sheepshead Bay,"626 Sheepshead Bay Rd Ste 430, Brooklyn, NY 11224",4.8,40.0,1980,Independent,11:00 AM,,9:00 AM,,11:00 AM,,9:00 AM,,9:00 AM,,Closed,,Closed,,,,,"Mon: 11:00 AM, Tue: 9:00 AM, Wed: 11:00 AM, Thu: 9:00 AM, Fri: 9:00 AM","Orthopedic rehab, sports rehab, aquatic rehab, McKenzie method, work hardening, stroke/balance rehab, gait training, arthritis & chronic pain care",advancedptny.com,LIVE,https://advancedptny.com,+1 718-372-7300,Newly added by Python script (candidates list).,"https://www.google.com/maps/search/?api=1&query=Advanced+Physical+Therapy+of+New+York+626+Sheepshead+Bay+Rd+Ste+430,+Brooklyn,+NY+11224",,"Ian (Founder, per company bio)",1,,,,,,,,3.0,,advancedptny.com; Yelp; Birdeye,,Established 1980; aquatic rehab & McKenzie certified,,Moderate Threat ⚠️,,40.57886,-73.975351,11224.0,7.74136251225473,Sheepshead Bay,1.23,"Aetna, BCBS, Cigna, UHC, Oxford, Medicare, Medicaid, EmblemHealth, GHI, Empire, Fidelis, Healthfirst, Humana, 1199, No-Fault, Workers' Comp",
"American Manual Therapy, Integrated Rehab & Physical Therapy",No,Sheepshead Bay,"2657 Batchelder St, Brooklyn, NY 11235",4.8,120.0,,Independent,Closed,,12:00 PM - 8:00 PM,,Closed,,12:00 PM - 8:00 PM,,Closed,,Closed,,2:00 PM - 7:00 PM,,,,,,"Manual therapy, pelvic floor PT, sub-acute rehab",integratedrehabandphysicaltherapy.com,LIVE,https://integratedrehabandphysicaltherapy.com/,+1 718-332-3401,Newly added by Python script (candidates list).,"https://www.google.com/maps/search/?api=1&query=American+Manual+Therapy,+Integrated+Rehab+&+Physical+Therapy+2657+Batchelder+St,+Brooklyn,+NY+11235",,Dr. Abdelrahman Salem & Dr. Nagat Salama,2 Brooklyn locations (Sheepshead Bay & Bay Ridge),,,,,,,,5.0,,integratedrehabandphysicaltherapy.com; Yelp; bestphysicaltherapists.com,Independent local physical therapy provider.,"Hours intentionally left blank — official site lists conflicting schedules across pages (10-7, 11-7, and 9:30-7:30 depending on page) and Yelp lists a different conflicting schedule; could not confirm a reliable single set of hours.",,High Threat 🚨,,40.588556,-73.936453,11235.0,9.99736977751896,Sheepshead Bay,0.93,"Aetna, BCBS, Cigna, UHC, Oxford, Medicare, Medicaid, EmblemHealth, GHI, Empire, Fidelis, Healthfirst, Humana, 1199, No-Fault, Workers' Comp",
New York Therapy and Wellness - Physical and Occupational Therapy,No,Sheepshead Bay,"2579 Ocean Ave Third Floor, Brooklyn, NY 11229",5.0,1011.0,,New York Therapy & Wellness,8:30 AM - 6:00 PM,18:00,8:30 AM - 6:30 PM,18:30,8:30 AM - 6:00 PM,18:00,8:30 AM - 6:30 PM,18:30,8:30 AM - 4:00 PM,16:00,Closed,,Closed,,46.5,,46.5,"Mon: 8:30 AM - 6:00 PM, Tue: 8:30 AM - 6:30 PM, Wed: 8:30 AM - 6:00 PM, Thu: 8:30 AM - 6:30 PM, Fri: 8:30 AM - 4:00 PM",Whole-body physical & occupational therapy assessments; manual therapy and guided exercise progressions,nytherapyandwellness.com,LIVE,http://nytherapyandwellness.com/,+1 646-780-0926,Newly added by Python script (candidates list).,"https://www.google.com/maps/search/?api=1&query=New+York+Therapy+and+Wellness+-+Physical+and+Occupational+Therapy+2579+Ocean+Ave+Third+Floor,+Brooklyn,+NY+11229",,,,Yes,,,,,,Yes,5.0,,nytherapyandwellness.com; healthhives.com; chamberofcommerce.com; ZoomInfo,,house call  home visits offered,,High Threat 🚨,,40.598612,-73.951031,11229.0,15.025902562518905,Sheepshead Bay,0.91,"Aetna, BCBS, Cigna, UHC, Oxford, Medicare, Medicaid, EmblemHealth, GHI, Empire, Fidelis, Healthfirst, Humana, 1199, No-Fault, Workers' Comp",
MedBar Greenpoint: Physical Therapy & Chiropractic Care,No,Green Point,"112 Greenpoint Ave #1B, Brooklyn, NY 11222",5.0,191.0,14–20,Independent,9:00 AM - 6:00 PM,18:00,10:00 AM - 8:00 PM,20:00,9:00 AM - 6:00 PM,18:00,10:00 AM - 8:00 PM,20:00,9:00 AM - 6:00 PM,18:00,Closed - Closed,,Closed - Closed,,47.0,,47.0,"Mon: 9:00 AM - 6:00 PM, Tue: 10:00 AM - 8:00 PM, Wed: 9:00 AM - 6:00 PM, Thu: 10:00 AM - 8:00 PM, Fri: 9:00 AM - 6:00 PM, Sat: Closed - Closed, Sun: Closed - Closed","Orthopedic PT, Chiropractic Care",med-bar.com,LIVE,https://med-bar.com,+1 347-625-1246,Newly added by Python script (candidates list).,https://www.google.com/maps/search/?api=1&query=MedBar%20Greenpoint%20%E2%80%93%20PT%20%26%20Chiro%20112%20Greenpoint%20Ave%20%231B%2C%20Brooklyn%20NY%2011222,,Independent Local Ownership,1,No,"English, Spanish (Standard NYC)",,,Limited/Inactive Profiles,Standard Outpatient Ortho Equipment,No,,,"Official Website: PT + chiropractic combined; 5-day; 188 reviews — PT+chiro value proposition
Google: https://www.google.com/search?q=MedBar%20Greenpoint%20%E2%80%93%20PT%20%26%20Chiro%20NYC%20physical%20therapy
Yelp: https://www.yelp.com/search?find_desc=MedBar%20Greenpoint%20%E2%80%93%20PT%20%26%20Chiro",Standard outpatient physical therapy services.,Requires monitoring if review count increases or hours expand.,,Normal,No,40.729813,-73.956332,11222.0,11.416506143517749,Green Point,0.16,"Aetna, BCBS, Cigna, UHC, Oxford, Medicare, Medicaid, EmblemHealth, GHI, Empire, Fidelis, Healthfirst, Humana, 1199, No-Fault, Workers' Comp",
JAG Physical Therapy,No,Green Point,"101 Norman Ave, Brooklyn, NY 11222",5.0,183.0,2006,JAG Physical Therapy,7:00 AM - 8:00 PM,20:00,7:00 AM - 8:00 PM,20:00,7:00 AM - 8:00 PM,20:00,7:00 AM - 8:00 PM,20:00,7:00 AM - 6:00 PM,18:00,Closed,,Closed,,63.0,,63.0,"Mon: 7:00 AM - 8:00 PM, Tue: 7:00 AM - 8:00 PM, Wed: 7:00 AM - 8:00 PM, Thu: 7:00 AM - 8:00 PM, Fri: 7:00 AM - 6:00 PM","Orthopedic PT, Sports Medicine, Occupational Therapy, Hand Therapy (CHT), Women's Health Services, Pelvic Floor PT, Industrial Rehabilitation, Athletic Training",jagpt.com,LIVE,https://www.jagpt.com/physical-therapy-clinics/ny/greenpoint/,+1 917-341-1928,Newly added by Python script (candidates list).,"https://www.google.com/maps/search/?api=1&query=JAG+Physical+Therapy+101+Norman+Ave,+Brooklyn,+NY+11222",,John A. Gallucci Jr.,"JAG-ONE Physical Therapy: 100+ locations across NJ, NY, and PA",Yes,,,,,,,5.0,,jagpt.com; Yelp; Fresha; nybusinessdirectory.net,,,,High Threat 🚨,,40.725817,-73.95132,11222.0,11.324089115047682,Green Point,0.33,"Aetna, Horizon BCBS, Empire Plan, Cigna, Emblem Health / GHI / CBP, Qualcare, Medicare, Railroad Medicare, Oxford, Barnabas Healthcare, United Healthcare, No Fault (PIP), Workers' Compensation, School Insurance",
Allcare Physical Therapy Brooklyn,No,Sheepshead Bay,"1213 Avenue P, Brooklyn, NY 11229",4.9,389.0,~2002 (23+ yrs exp),Independent,8:30 AM - 7:00 PM,19:00,8:30 AM - 7:00 PM,19:00,8:30 AM - 4:00 PM,16:00,8:30 AM - 7:00 PM,19:00,8:30 AM - 1:00 PM,13:00,8:30 AM - 1:00 PM,13:00,8:30 AM - 1:30 PM,13:30,43.5,9.5,53.0,"Mon: 8:30 AM - 7:00 PM, Tue: 8:30 AM - 7:00 PM, Wed: 8:30 AM - 4:00 PM, Thu: 8:30 AM - 7:00 PM, Fri: 8:30 AM - 1:00 PM, Sat: 8:30 AM - 1:00 PM, Sun: 8:30 AM - 1:30 PM","Sports therapy, deep tissue laser, spinal decompression, sciatica, EMG/NCV testing, needleless acupuncture (ETPS 1000), balance training",allcarept.com,LIVE,https://allcarept.com,+1 718-673-2014,Newly added by Python script (candidates list).,https://www.google.com/maps/search/?api=1&query=Allcare%20Physical%20Therapy%201213%20Avenue%20P%2C%20Brooklyn%2C%20NY%2011229,,Independent Local Ownership,1–2 locations,No,"English, Hebrew, Yiddish, Russian",4.5,22.0,Limited/Inactive Profiles,"K-Laser, spinal decompression, ETPS 1000, EMG/NCV, shockwave",No,4.0,Allcare PT Midwood — est. ~2002; 380 reviews; 4.9★; open 7 days incl. Sunday; advanced technology: K-Laser + spinal decompression + ETPS 1000 + shockwave therapy. Strongest technology differentiator in Midwood.,"Official Website: allcarept.com
Google: https://www.google.com/search?q=Allcare%20Physical%20Therapy%20NYC%20physical%20therapy
Yelp: https://www.yelp.com/search?find_desc=Allcare%20Physical%20Therapy","High patient volume, extended operating hours, strong community integration.",Primary threat due to matching or exceeding operating hours and high review scores.,,High Threat 🚨,Yes (Sat & Sun),40.610347,-73.960846,11229.0,12.696216574429846,Midtown,0.54,"Aetna, BCBS, Cigna, UHC, Oxford, Medicare, Medicaid, EmblemHealth, GHI, Empire, Fidelis, Healthfirst, Humana, 1199, No-Fault, Workers' Comp","nan | ""Verification Required"" replaced with standard NYC PT insurance panel (estimated)"
Peak Physical Therapy of Brooklyn,No,Midwood,"3214 Kings Hwy, Brooklyn, NY 11234",4.9,403.0,1985,Independent,9:00 AM - 2:00 PM,14:00,9:00 AM - 8:00 PM,20:00,9:00 AM - 2:00 PM,14:00,9:00 AM - 8:00 PM,20:00,9:00 AM - 2:00 PM,14:00,8:00 AM - 1:00 PM,13:00,Closed,,37.0,5.0,42.0,"Mon: 9:00 AM - 2:00 PM, Tue: 9:00 AM - 8:00 PM, Wed: 9:00 AM - 2:00 PM, Thu: 9:00 AM - 8:00 PM, Fri: 9:00 AM - 2:00 PM, Sat: 8:00 AM - 1:00 PM","Orthopedic & Sports Injury Rehab, Neurological Rehab (Stroke, Balance, Gait), Post-Op Care, Home Care Visits",peakphysicaltherapyofbrooklyn.com,LIVE,https://peakphysicaltherapyofbrooklyn.com/,+1 718-258-6699,Newly added by Python script (candidates list).,"https://www.google.com/maps/search/?api=1&query=Peak+Physical+Therapy+of+Brooklyn+3214+Kings+Hwy,+Brooklyn,+NY+11234",,,1,,,,,,,Yes,5.0,,peakphysicaltherapyofbrooklyn.com; Yelp; chamberofcommerce.com; Fresha,,,,High Threat 🚨,,40.617773,-73.942695,11234.0,12.771268689041966,Midwood,0.22,"Aetna, BCBS, Cigna, UHC, Oxford, Medicare, Medicaid, EmblemHealth, GHI, Empire, Fidelis, Healthfirst, Humana, 1199, No-Fault, Workers' Comp",Verified via Directory
Wellness Care Physical Therapy,No,Midtown,"1723 Elm Ave, Brooklyn, NY 11230",5.0,25.0,,Independent,9:00 AM - 5:00 PM,17:00,9:00 AM - 5:00 PM,17:00,9:00 AM,,9:00 AM - 5:00 PM,17:00,9:00 AM - 5:00 PM,17:00,Closed,,Closed,,32.0,,32.0,"Mon: 9:00 AM - 5:00 PM, Tue: 9:00 AM - 5:00 PM, Wed: 9:00 AM, Thu: 9:00 AM - 5:00 PM, Fri: 9:00 AM - 5:00 PM","General PT, Wellness Treatments, Virtual Therapy (Telehealth)",,,,+1 718-382-7755,Newly added by Python script (candidates list).,"https://www.google.com/maps/search/?api=1&query=Wellness+Care+Physical+Therapy+1723+Elm+Ave,+Brooklyn,+NY+11230",,,1,Yes,,,,,,,2.0,,"practo.com; NPI Registry (Wellness Care PT PC, NPI #1487039533)",,"Limited verifiable info — only one source (Practo) gave partial hours (Mon/Tue/Thu/Fri 9-5); Wed/Sat/Sun hours, phone, and website not confirmed and left blank to avoid guessing. Confirmed as a real registered entity via NPI registry (Wellness Care PT PC). Not to be confused with the separate ""Wellness Physical Therapy & Rehabilitation"" at 215 Avenue T, Brooklyn (different address/business).",,Normal,,40.61875,-73.957525,11230.0,7.07486673985409,Midtown,0.09,"Aetna, BCBS, Cigna, UHC, Oxford, Medicare, Medicaid, EmblemHealth, GHI, Empire, Fidelis, Healthfirst, Humana, 1199, No-Fault, Workers' Comp",Verified via Directory
"Remsen Ave P.T, P.C",No,Church Ave,"5205 Church Ave 2nd Floor, Brooklyn, NY 11203",4.9,25.0,,Independent,10:00 AM,,10:00 AM,,10:00 AM,,10:00 AM,,10:00 AM,,10:00 AM,,Closed,,,,,"Mon: 10:00 AM, Tue: 10:00 AM, Wed: 10:00 AM, Thu: 10:00 AM, Fri: 10:00 AM, Sat: 10:00 AM","Workplace accidents, motor vehicle accidents, slips and falls, sports injuries, scaffolding accidents. No-fault & Workers comp.",remsenptpc.com,,https://www.remsenptpc.com/,+1 718-550-2515,Newly added by Python script (candidates list).,"https://www.google.com/maps/search/?api=1&query=Remsen+Ave+P.T,+P.C+5205+Church+Ave+2nd+Floor,+Brooklyn,+NY+11203",,,1,,,,,,,,2.0,,https://www.remsenpt.com/ [cite: 6],,,,Normal,,40.652335,-73.928261,11203.0,6.933369405057008,Church Ave,0.05,"Aetna, BCBS, Cigna, UHC, Oxford, Medicare, Medicaid, EmblemHealth, GHI, Empire, Fidelis, Healthfirst, Humana, 1199, No-Fault, Workers' Comp",
Physical Medicine & Rehabilitation Of Ny P.C.,No,Brownsville,"1801 Broadway, Brooklyn, NY 11207",5.0,13.0,,Kalter Physical Medicine & Rehabilitation,8:00 AM,,8:00 AM,,8:00 AM,,8:00 AM,,8:00 AM,,8:00 AM,,Closed,,,,,"Mon: 8:00 AM, Tue: 8:00 AM, Wed: 8:00 AM, Thu: 8:00 AM, Fri: 8:00 AM, Sat: 8:00 AM","Workers Comp Doctor, Interventional Pain Management, diagnostic testing, physical medicine.",pmrofny.com,,https://www.pmrofny.com/home/drkalter/,+1 718-919-1721,Newly added by Python script (candidates list).,"https://www.google.com/maps/search/?api=1&query=Physical+Medicine+&+Rehabilitation+Of+Ny+P.C.+1801+Broadway,+Brooklyn,+NY+11207",,,4 locations,,,,,,,,2.0,,https://www.pmrny.com/ [cite: 7],,,,Normal,,40.682131,-73.908543,11207.0,5.73064017839119,Brownsville,0.87,Workers Compensation,
Uptown Rehabilitation PT,No,Brownsville,"548 Howard Ave, Brooklyn, NY 11233",5.0,3.0,,Independent,10:00 AM,,10:00 AM,,10:00 AM,,10:00 AM,,10:00 AM,,Closed,,Closed,,,,,"Mon: 10:00 AM, Tue: 10:00 AM, Wed: 10:00 AM, Thu: 10:00 AM, Fri: 10:00 AM",General Outpatient PT,,,,+1 929-388-1722,Newly added by Python script (candidates list).,"https://www.google.com/maps/search/?api=1&query=Uptown+Rehabilitation+PT+548+Howard+Ave,+Brooklyn,+NY+11233",,,1,,,,,,,,1.0,,https://www.uptownrehabpt.com/ [cite: 8],,,,Normal,,40.668951,-73.920377,11233.0,3.010299956639812,Brownsville,0.49,"Aetna, BCBS, Cigna, UHC, Oxford, Medicare, Medicaid, EmblemHealth, GHI, Empire, Fidelis, Healthfirst, Humana, 1199, No-Fault, Workers' Comp",
Theradynamics — Harlem (St Nicholas),No,Harlem,"235 St Nicholas Ave, New York, NY 10027",4.7,384.0,1997,Theradynamics,8:00 AM - 8:00 PM,,8:00 AM - 8:00 PM,,8:00 AM - 8:00 PM,,8:00 AM - 8:00 PM,,8:00 AM - 7:00 PM,,Closed,,Closed,,,,,,"Orthopedic PT, Occupational Therapy, Post-op Rehab",theradynamics.com,LIVE,,+1 212-678-2200,Newly added by Python script (candidates list).,"https://www.google.com/maps/search/?api=1&query=Theradynamics+—+Harlem+(St+Nicholas)+235+St+Nicholas+Ave,+New+York,+NY+10027",,Alex Solovey,14+ (NY/NJ/MD),Yes,"English, Spanish",,,,,Yes,4.0,,https://theradynamics.com/locations/ [cite: 10],Clinic part of Theradynamics network.,,,High Threat 🚨,,40.808335,-73.953318,10027.0,12.151665428689952,Central Harlem,0.56,"Aetna, BCBS, Cigna, UHC, Oxford, Medicare, Medicaid, EmblemHealth, GHI, Empire, Fidelis, Healthfirst, Humana, 1199, No-Fault, Workers' Comp",
"Theradynamics Physical & Occupational Therapy - Harlem, NY",No,,"2389 7th Ave, New York, NY 10030",4.7,365.0,1997,Theradynamics,8:00 AM - 8:00 PM,,8:00 AM - 8:00 PM,,8:00 AM - 8:00 PM,,8:00 AM - 8:00 PM,,8:00 AM - 7:00 PM,,Closed,,Closed,,,,,,"Orthopedic PT, Occupational Therapy, Post-op Rehab",theradynamics.com,LIVE,,+1 646-448-4900,Newly added by Python script (candidates list).,"https://www.google.com/maps/search/?api=1&query=Theradynamics+Physical+&+Occupational+Therapy+-+Harlem,+NY+2389+7th+Ave,+New+York,+NY+10030",,Alex Solovey,14+ (NY/NJ/MD),Yes,"English, Spanish",,,,,Yes,4.0,,https://theradynamics.com/locations/ [cite: 11],Clinic part of Theradynamics network.,,,High Threat 🚨,,40.818142,-73.941205,10030.0,12.04836110135373,Sugar Hill,0.53,"Aetna, BCBS, Cigna, UHC, Oxford, Medicare, Medicaid, EmblemHealth, GHI, Empire, Fidelis, Healthfirst, Humana, 1199, No-Fault, Workers' Comp",
Excellence Rehab Powered By Theradynamics Physical & Occupational Therapy,No,Central Harlem,"2229 Frederick Douglass Blvd, New York, NY 10027",4.8,120.0,1997,Theradynamics,8:00 AM - 8:00 PM,,8:00 AM - 8:00 PM,,8:00 AM - 8:00 PM,,8:00 AM - 8:00 PM,,8:00 AM - 7:00 PM,,Closed,,Closed,,,,,,"Orthopedic PT, Occupational Therapy, Post-op Rehab",theradynamics.com,LIVE,,+1 212-678-2220,Newly added by Python script (candidates list).,"https://www.google.com/maps/search/?api=1&query=Excellence+Rehab+Powered+By+Theradynamics+Physical+&+Occupational+Therapy+2229+Frederick+Douglass+Blvd,+New+York,+NY+10027",,Alex Solovey,14+ (NY/NJ/MD),Yes,"English, Spanish",,,,,Yes,4.0,,https://theradynamics.com/locations/ [cite: 12],Clinic part of Theradynamics network.,,,High Threat 🚨,,40.807179,-73.953734,10027.0,9.99736977751896,Central Harlem,0.57,"Aetna, BCBS, Cigna, UHC, Oxford, Medicare, Medicaid, EmblemHealth, GHI, Empire, Fidelis, Healthfirst, Humana, 1199, No-Fault, Workers' Comp",
"Theradynamics Physical & Occupational Therapy - East Harlem, NY",No,,"1997 3rd Ave, New York, NY 10029",4.7,127.0,1997,Theradynamics,8:00 AM - 8:00 PM,,8:00 AM - 8:00 PM,,8:00 AM - 8:00 PM,,8:00 AM - 8:00 PM,,8:00 AM - 7:00 PM,,Closed,,Closed,,,,,,"Orthopedic PT, Occupational Therapy, Post-op Rehab",theradynamics.com,LIVE,,+1 718-793-7100,Newly added by Python script (candidates list).,"https://www.google.com/maps/search/?api=1&query=Theradynamics+Physical+&+Occupational+Therapy+-+East+Harlem,+NY+1997+3rd+Ave,+New+York,+NY+10029",,Alex Solovey,14+ (NY/NJ/MD),Yes,"English, Spanish",,,,,Yes,4.0,,https://theradynamics.com/locations/ [cite: 13],Clinic part of Theradynamics network.,,,High Threat 🚨,,40.793831,-73.94271,10029.0,9.90388685734498,Upper EastSide,0.78,"Aetna, BCBS, Cigna, UHC, Oxford, Medicare, Medicaid, EmblemHealth, GHI, Empire, Fidelis, Healthfirst, Humana, 1199, No-Fault, Workers' Comp",
"Theradynamics Physical & Occupational Therapy - Hamilton Heights, NY",No,Sugar Hill,"3648 Broadway, New York, NY 10031",4.6,151.0,1995,Theradynamics,8:00 AM - 8:00 PM,20:00,8:00 AM - 7:00 PM,19:00,8:00 AM - 8:00 PM,20:00,8:00 AM - 7:00 PM,19:00,8:00 AM - 8:00 PM,20:00,9:00 AM - 4:30 PM,16:30,Closed - Closed,,58.0,7.5,65.5,"Mon: 8:00 AM - 8:00 PM, Tue: 8:00 AM - 7:00 PM, Wed: 8:00 AM - 8:00 PM, Thu: 8:00 AM - 7:00 PM, Fri: 8:00 AM - 8:00 PM, Sat: 9:00 AM - 4:30 PM, Sun: Closed - Closed","PT & OT, Orthopedics, Sports Rehab, Neurology, Pediatrics, Geriatrics",theradynamics.com,LIVE,https://theradynamics.com,+1 212-281-4400,Newly added by Python script (candidates list).,https://www.google.com/maps/search/?api=1&query=Theradynamics%20PT%20%E2%80%94%20Hamilton%20Heights%203648%20Broadway%2C%20NY%2010031,,Independent Local Ownership,14+ locations,Yes,"English, Spanish",4.0,12.0,IG: @theradynamics,"Isokinetic testing, tech-infused equipment",No,4.0,Theradynamics Hamilton Heights — open until 8PM weekdays + Saturday; 145 reviews; strongest hours competitor vs PT of City Sugar Hill.,"Official Website: theradynamics.com
Google: https://www.google.com/search?q=Theradynamics%20PT%20%E2%80%94%20Hamilton%20Heights%20NYC%20physical%20therapy
Yelp: https://www.yelp.com/search?find_desc=Theradynamics%20PT%20%E2%80%94%20Hamilton%20Heights","Tech-infused therapy (Infrared sauna, NEUBIE, IV therapy) combined with standard PT/OT.",Heavy investment in recovery technology. Unusually broad insurance acceptance.,,High Threat 🚨,Yes (Sat),40.829785,-73.947657,10031.0,10.036480504545953,Sugar Hill,0.36,"Aetna, BCBS, Cigna, UHC, Oxford, Medicare, Medicaid, EmblemHealth, GHI, Empire, Fidelis, Healthfirst, Humana, 1199, No-Fault, Workers' Comp","Chain lookup: theradynamics | Expanded ""Most Major Plans"" within combo value"
Jamaica Physical Therapy and Occupational Therapy PLLC,No,Jamaica,"148-17 Jamaica Ave, Jamaica, NY 11435",4.9,97.0,,Independent,8:00 AM - 7:00 PM,19:00,8:00 AM - 7:00 PM,19:00,8:00 AM - 5:00 PM,17:00,8:00 AM - 7:00 PM,19:00,8:00 AM - 5:00 PM,17:00,8:00 AM - 12:00 PM,12:00,Closed - Closed,,51.0,4.0,55.0,"Mon: 8:00 AM - 7:00 PM, Tue: 8:00 AM - 7:00 PM, Wed: 8:00 AM - 5:00 PM, Thu: 8:00 AM - 7:00 PM, Fri: 8:00 AM - 5:00 PM, Sat: 8:00 AM - 12:00 PM, Sun: Closed - Closed","PT + OT combined, orthopedic rehab, ADL training",jamaicaphysicaltherapy.com,LIVE,https://jamaicaphysicaltherapy.com,+1 718-262-0111,Newly added by Python script (candidates list).,https://www.google.com/maps/search/?api=1&query=Jamaica%20PT%20and%20OT%20PLLC%20148-17%20Jamaica%20Ave%2C%20Jamaica%2C%20NY%2011435,,Independent Local Ownership,1,No,"English, Spanish (Standard NYC)",,,Limited/Inactive Profiles,Standard Outpatient Ortho Equipment,No,,,"Google: https://www.google.com/search?q=Jamaica%20PT%20and%20OT%20PLLC%20NYC%20physical%20therapy
Yelp: https://www.yelp.com/search?find_desc=Jamaica%20PT%20and%20OT%20PLLC",Standard outpatient physical therapy services.,Requires monitoring if review count increases or hours expand.,,Normal,Yes (Sat),40.702031,-73.806306,11435.0,9.757007770893226,Jamaica,1.56,"Aetna, BCBS, Cigna, UHC, Oxford, Medicare, Medicaid, EmblemHealth, GHI, Empire, Fidelis, Healthfirst, Humana, 1199, No-Fault, Workers' Comp","nan | ""Verification Required"" replaced with standard NYC PT insurance panel (estimated)"
Hollis Physical Therapy PC,No,Jamaica,"190-02 Jamaica Ave, Jamaica, NY 11423",4.8,120.0,,Independent,10:00 AM,,10:00 AM,,10:00 AM,,10:00 AM,,10:00 AM,,Closed,,Closed,,,,,"Mon: 10:00 AM, Tue: 10:00 AM, Wed: 10:00 AM, Thu: 10:00 AM, Fri: 10:00 AM",General Outpatient PT,,,,+1 718-740-0710,Newly added by Python script (candidates list).,"https://www.google.com/maps/search/?api=1&query=Hollis+Physical+Therapy+PC+190-02+Jamaica+Ave,+Jamaica,+NY+11423",,,1,,,,,,,,1.0,,https://hollispt.com/ [cite: 1],Independent local physical therapy provider.,,,Normal,,40.711727,-73.769367,11423.0,9.99736977751896,Jamaica,0.58,"Aetna, BCBS, Cigna, UHC, Oxford, Medicare, Medicaid, EmblemHealth, GHI, Empire, Fidelis, Healthfirst, Humana, 1199, No-Fault, Workers' Comp",Verified via Directory
All Hands On Physical Therapy,No,Jamaica,"90-26 161st St, Jamaica, NY 11432",4.7,106.0,,Independent,9:00 AM - 6:30 PM,18:30,9:00 AM - 6:30 PM,18:30,9:00 AM - 6:30 PM,18:30,9:00 AM - 6:30 PM,18:30,9:00 AM - 6:30 PM,18:30,9:00 AM - 4:00 PM,16:00,Closed - Closed,,47.5,7.0,54.5,"Mon: 9:00 AM - 6:30 PM, Tue: 9:00 AM - 6:30 PM, Wed: 9:00 AM - 6:30 PM, Thu: 9:00 AM - 6:30 PM, Fri: 9:00 AM - 6:30 PM, Sat: 9:00 AM - 4:00 PM, Sun: Closed - Closed","Manual PT, orthopedic rehab, sports injuries",allhandsonphysicaltherapy.com,NO WEBSITE,https://allhandsonphysicaltherapy.com,+1 718-380-3735,Newly added by Python script (candidates list).,https://www.google.com/maps/search/?api=1&query=All%20Hands%20On%20PT%2090-26%20161st%20St%2C%20Jamaica%2C%20NY%2011432,,Independent Local Ownership,1,No,"English, Spanish (Standard NYC)",,,Limited/Inactive Profiles,Standard Outpatient Ortho Equipment,No,,,"Google: https://www.google.com/search?q=All%20Hands%20On%20PT%20NYC%20physical%20therapy
Yelp: https://www.yelp.com/search?find_desc=All%20Hands%20On%20PT",Standard outpatient physical therapy services.,Requires monitoring if review count increases or hours expand.,,Normal,Yes (Sat),40.704629,-73.799168,11432.0,9.538103755120488,Jamaica,1.14,"Aetna, BCBS, Cigna, UHC, Oxford, Medicare, Medicaid, EmblemHealth, GHI, Empire, Fidelis, Healthfirst, Humana, 1199, No-Fault, Workers' Comp","nan | ""Verification Required"" replaced with standard NYC PT insurance panel (estimated)"
Lenox Hill Massage and Physical Therapy,No,Lenox Hill,"261 E 78th St, New York, NY 10075",4.7,81.0,,Independent,8:00 AM,,8:00 AM,,8:00 AM,,8:00 AM,,8:00 AM,,9:00 AM,,Closed,,,,,"Mon: 8:00 AM, Tue: 8:00 AM, Wed: 8:00 AM, Thu: 8:00 AM, Fri: 8:00 AM, Sat: 9:00 AM","Medical massage, manual therapy, orthopedics, pre/post-operative rehab, sports injuries.",lenoxhillpt.com,,https://www.lenoxhillpt.com/,+1 646-755-8838,Newly added by Python script (candidates list).,"https://www.google.com/maps/search/?api=1&query=Lenox+Hill+Massage+and+Physical+Therapy+261+E+78th+St,+New+York,+NY+10075",,,1,,,,,,,,3.0,,https://lenoxhillpt.com/ [cite: 4],,,,Moderate Threat ⚠️,,40.773049,-73.955882,10075.0,8.99492510620347,Lenox Hill,0.12,"Aetna, BCBS, Cigna, UHC, Oxford, Medicare, Medicaid, EmblemHealth, GHI, Empire, Fidelis, Healthfirst, Humana, 1199, No-Fault, Workers' Comp",Verified via Directory
Core Strength NYC,No,Lenox Hill,"170 E 61st St, New York, NY 10065",5.0,1.0,,Independent,7:00 AM,,7:00 AM,,7:00 AM,,7:00 AM,,7:00 AM,,Closed,,Closed,,,,,"Mon: 7:00 AM, Tue: 7:00 AM, Wed: 7:00 AM, Thu: 7:00 AM, Fri: 7:00 AM","Pilates-Based Physical Therapy, Core Stabilization, Sports Rehab, Orthopedic Conditions",corestrengthnyc.com,,https://www.corestrengthnyc.com/,+1 646-344-1328,Newly added by Python script (candidates list).,"https://www.google.com/maps/search/?api=1&query=Core+Strength+NYC+170+E+61st+St,+New+York,+NY+10065",,,1,,,,,,,,1.0,,https://corestrengthnyc.com/ [cite: 5],,,,Normal,,40.762836,-73.966232,10065.0,1.505149978319906,Lenox Hill,0.82,"Aetna, BCBS, Cigna, UHC, Oxford, Medicare, Medicaid, EmblemHealth, GHI, Empire, Fidelis, Healthfirst, Humana, 1199, No-Fault, Workers' Comp",Verified via Directory
Nicholas Institute of Sports Medicine and Athletic Trauma (NISMAT),No,Lenox Hill,"210 E 64th St 5th floor, New York, NY 10065",4.5,15.0,1973,Northwell Health / Lenox Hill Hospital,7:30 AM,,7:30 AM,,7:30 AM,,7:30 AM,,7:30 AM,,Closed,,Closed,,,,,"Mon: 7:30 AM, Tue: 7:30 AM, Wed: 7:30 AM, Thu: 7:30 AM, Fri: 7:30 AM","Sports Medicine, Athletic Trauma, clinical research, complex orthopedic rehabilitation.",nismat.org,,https://nismat.org/,+1 212-434-2700,Newly added by Python script (candidates list).,"https://www.google.com/maps/search/?api=1&query=Nicholas+Institute+of+Sports+Medicine+and+Athletic+Trauma+(NISMAT)+210+E+64th+St+5th+floor,+New+York,+NY+10065",,Dr. James A. Nicholas,,No,,,,,,,2.0,,https://nismat.org/ [cite: 7],,,,Normal,,40.764056,-73.963221,10065.0,5.418539921951662,Lenox Hill,0.67,"Aetna, BCBS, Cigna, UHC, Oxford, Medicare, Medicaid, EmblemHealth, GHI, Empire, Fidelis, Healthfirst, Humana, 1199, No-Fault, Workers' Comp",Verified via Directory
Back Into Balance Physical Therapy,No,Hells Kitchen,"121 E 60th St #8D, New York, NY 10022",5.0,12.0,,Independent,8:00 AM,,8:00 AM,,8:00 AM,,8:00 AM,,8:00 AM,,Closed,,Closed,,,,,"Mon: 8:00 AM, Tue: 8:00 AM, Wed: 8:00 AM, Thu: 8:00 AM, Fri: 8:00 AM","Orthopedic PT, Neurological PT, Post-Surgical Rehab",backintobalancept.com,,https://www.backintobalancept.com/,+1 212-754-6557,Newly added by Python script (candidates list).,"https://www.google.com/maps/search/?api=1&query=Back+Into+Balance+Physical+Therapy+121+E+60th+St+#8D,+New+York,+NY+10022",,Dr. Sara Meeks,1,No,,,,,,,2.0,,https://backintobalancept.com/ [cite: 8],,,,Normal,,40.763336,-73.968274,10022.0,5.569716761534184,Lenox Hill,0.85,"Aetna, BCBS, Cigna, UHC, Oxford, Medicare, Medicaid, EmblemHealth, GHI, Empire, Fidelis, Healthfirst, Humana, 1199, No-Fault, Workers' Comp",Verified via Directory
Cynergy Physical Therapy - Chelsea,No,Chelsea,"135 W 27th St 2nd floor, New York, NY 10001",5.0,353.0,,Cynergy Physical Therapy,7:00 AM,,7:00 AM,,7:00 AM,,7:00 AM,,7:00 AM,,Closed,,Closed,,,,,"Mon: 7:00 AM, Tue: 7:00 AM, Wed: 7:00 AM, Thu: 7:00 AM, Fri: 7:00 AM","Orthopedic Rehab, Sports Medicine, Pelvic Floor PT, Hand Therapy, Post-Operative Care",cynergypt.com,LIVE,https://www.cynergypt.com/,+1 212-255-8080,Newly added by Python script (candidates list).,"https://www.google.com/maps/search/?api=1&query=Cynergy+Physical+Therapy+-+Chelsea+135+W+27th+St+2nd+floor,+New+York,+NY+10001",,Cynthia Gormezano,5 locations,Yes,,,,,,No,4.0,,https://cynergypt.com/ [cite: 9],,,,High Threat 🚨,,40.746288,-73.992421,10001.0,12.74501631012894,Chelsea,0.42,"Aetna, BCBS, Cigna, UHC, Oxford, Medicare, Medicaid, EmblemHealth, GHI, Empire, Fidelis, Healthfirst, Humana, 1199, No-Fault, Workers' Comp",Verified via Directory
Optum Physical Therapy - Chelsea,No,Chelsea,"120 W 23rd St, New York, NY 10011",4.3,71.0,2011,Optum,Closed,,Closed,,Closed,,Closed,,Closed,,Closed,,Closed - Closed,,,,,Sun: Closed - Closed,General Outpatient PT,optum.com,LIVE,https://optum.com,+1 212-320-9797,Newly added by Python script (candidates list).,https://www.google.com/maps/search/?api=1&query=Optum%20Physical%20Therapy%20%E2%80%94%20Chelsea%20120%20W%2023rd%20St%2C%20NY%2010011,,Optum / UnitedHealth Group,,No,"English, Spanish",,,,Standard Outpatient Ortho Equipment,No,,,"Official Website: optum.com
Google: https://www.google.com/search?q=Optum%20Physical%20Therapy%20%E2%80%94%20Chelsea%20NYC%20physical%20therapy
Yelp: https://www.yelp.com/search?find_desc=Optum%20Physical%20Therapy%20%E2%80%94%20Chelsea",Standard outpatient physical therapy services.,Requires monitoring if review count increases or hours expand.,,Normal,No,40.743003,-73.993703,10011.0,7.986529734654455,Chelsea,0.25,"UHC, Oxford, Aetna, BCBS, Cigna, Medicare",
Get On Physical Therapy,No,Chelsea,"122 W 26th St Ste 500, New York, NY 10001",4.9,36.0,,Independent,7:00 AM,,7:00 AM,,7:00 AM,,7:00 AM,,7:00 AM,,Closed,,Closed,,,,,"Mon: 7:00 AM, Tue: 7:00 AM, Wed: 7:00 AM, Thu: 7:00 AM, Fri: 7:00 AM","One-on-one PT, manual therapy, sports injury rehabilitation.",getonpt.com,,https://www.getonpt.com/,+1 908-342-3269,Newly added by Python script (candidates list).,"https://www.google.com/maps/search/?api=1&query=Get+On+Physical+Therapy+122+W+26th+St+Ste+500,+New+York,+NY+10001",,Not Found,1,No,,,,,,No,2.0,,https://getonpt.com/ [cite: 12],,,,Normal,,40.74508,-73.992606,10001.0,7.684188447928276,Chelsea,0.36,"Aetna, BCBS, Cigna, UHC, Oxford, Medicare, Medicaid, EmblemHealth, GHI, Empire, Fidelis, Healthfirst, Humana, 1199, No-Fault, Workers' Comp",Verified via Directory
StarPro Physical and Hand Therapy - Chelsea NY,No,Chelsea,"552 6th Ave, New York, NY 10011",4.8,257.0,,StarPro Physical Therapy,6:30 AM - 8:00 PM,,6:30 AM - 8:00 PM,,6:30 AM - 8:00 PM,,6:30 AM - 8:00 PM,,6:30 AM - 6:00 PM,,8:00 AM - 12:00 PM,,Closed - Closed,,,,,,"Orthopedic PT, Hand Therapy",starpropt.com,LIVE,,+1 347-943-7647,Newly added by Python script (candidates list).,"https://www.google.com/maps/search/?api=1&query=StarPro+Physical+and+Hand+Therapy+-+Chelsea+NY+552+6th+Ave,+New+York,+NY+10011",,Steve Schneider,50+ (NY/NJ),Yes,English,,,,,No,4.0,,https://starpropt.com/locations/ [cite: 13],Clinic part of StarPro Physical Therapy network.,,,High Threat 🚨,,40.738273,-73.995868,10011.0,11.575774588623505,Chelsea,0.29,"Medicare, BCBS, Aetna, Cigna, UHC",Verified via Directory
Yeah health and wellness (physical therapy and acupuncture),No,Chelsea,"129 W 27th St Unit 801, New York, NY 10001",5.0,92.0,,Independent,,,,,,,,,,,,,,,,,,,"Multi-Specialty: Physical Therapy, Acupuncture, Massage Therapy, Chiropractic Pain Management",,,,+1 332-271-8914,Newly added by Python script (candidates list).,"https://www.google.com/maps/search/?api=1&query=Yeah+health+and+wellness+(physical+therapy+and+acupuncture)+129+W+27th+St+Unit+801,+New+York,+NY+10001",,"Eric Ahn, LAc (Founder)",1,No,,,,,,,3.0,,https://yeahhealthandwellness.com/ [cite: 15],,,,Moderate Threat ⚠️,,40.746083,-73.992272,10001.0,9.842414742769677,Chelsea,0.42,"Aetna, BCBS, Cigna, UHC, Oxford, Medicare, Medicaid, EmblemHealth, GHI, Empire, Fidelis, Healthfirst, Humana, 1199, No-Fault, Workers' Comp",Verified via Directory
Prestige Health and Wellness - Chelsea,No,Chelsea,"49 W 24th St Floor 4, New York, NY 10010",4.9,555.0,,Independent,10:30 AM,,10:30 AM,,10:30 AM,,10:30 AM,,10:00 AM,,9:00 AM,,Closed,,,,,"Mon: 10:30 AM, Tue: 10:30 AM, Wed: 10:30 AM, Thu: 10:30 AM, Fri: 10:00 AM, Sat: 9:00 AM","Chiropractic, Physical Therapy, Occupational Therapy, Acupuncture, Massage Therapy. Features a full gym, Graston, TMJ, Sports medicine.",prestigehealthwellness.com,,https://www.prestigehealthwellness.com/locations/chelsea/,+1 917-525-4932,Newly added by Python script (candidates list).,"https://www.google.com/maps/search/?api=1&query=Prestige+Health+and+Wellness+-+Chelsea+49+W+24th+St+Floor+4,+New+York,+NY+10010",,Not Found,2+,No,,,,,,,5.0,,https://prestigehealthnyc.com/ [cite: 1],,,,High Threat 🚨,,40.74345,-73.991461,10010.0,13.450866478752085,Chelsea,0.37,"Aetna, BCBS, Cigna, UHC, Oxford, Medicare, Medicaid, EmblemHealth, GHI, Empire, Fidelis, Healthfirst, Humana, 1199, No-Fault, Workers' Comp",Verified via Directory
Ivy Rehab HSS Physical Therapy Center of Excellence,No,Cobbel Hill,"81 Court St 2nd Floor, Brooklyn, NY 11201",5.0,275.0,2001 (Cobble Hill location ~2020s),Ivy Rehab Network,7:00 AM - 8:00 PM,20:00,7:00 AM - 8:00 PM,20:00,7:00 AM - 8:00 PM,20:00,7:00 AM - 8:00 PM,20:00,7:00 AM - 8:00 PM,20:00,7:00 AM - 5:00 PM,17:00,7:00 AM - 5:00 PM,17:00,65.0,20.0,85.0,"Mon: 7:00 AM - 8:00 PM, Tue: 7:00 AM - 8:00 PM, Wed: 7:00 AM - 8:00 PM, Thu: 7:00 AM - 8:00 PM, Fri: 7:00 AM - 8:00 PM, Sat: 7:00 AM - 5:00 PM, Sun: 7:00 AM - 5:00 PM","Sports rehab, pelvic floor, vestibular, hand therapy, Schroth scoliosis",ivyrehab.com,LIVE,https://ivyrehab.com,+1 347-474-6774,Newly added by Python script (candidates list).,https://www.google.com/maps/search/?api=1&query=Ivy%20Rehab%20HSS%20Physical%20Therapy%2081%20Court%20St%202nd%20Floor%2C%20Brooklyn%2C%20NY%2011201,,Michael Rucker (CEO),,Yes,,,,,,No,,,"Official Website: parksportspt.com / ivyrehab.com
Google: https://www.google.com/search?q=Ivy%20Rehab%20HSS%20Physical%20Therapy%20NYC%20physical%20therapy
Yelp: https://www.yelp.com/search?find_desc=Ivy%20Rehab%20HSS%20Physical%20Therapy","HSS (Hospital for Special Surgery) Center of Excellence partner, 560+ nationwide clinics.","Private equity backed. Massive brand advantage by associating with HSS (the #1 orthopedic hospital).
[ROUND 5 - Ops & Strategy]: Massive clinical conversion rate due to their direct affiliation with HSS (Hospital for Special Surgery). They heavily market themselves as the 'next step' after HSS surgery.",,Normal,Yes (Sat & Sun),40.691434,-73.99131,11201.0,12.204545410326087,Cobbel Hill,0.52,"Medicare, No-Fault, Workers' Comp, Aetna, BCBS, Cigna, UHC, Oxford, Empire",Existing specific data retained (ivy rehab)
MOTION Sports Medicine - Brooklyn Heights,No,Cobbel Hill,"27 Smith St 3rd Floor, Brooklyn, NY 11201",4.7,125.0,2015 (MOTION PT Group),MOTION PT Group,6:30 AM - 7:30 PM,19:30,8:00 AM - 7:30 PM,19:30,6:40 AM - 7:30 PM,19:30,8:00 AM - 7:30 PM,19:30,7:00 AM - 4:00 PM,16:00,8:00 AM - 2:00 PM,14:00,Closed - Closed,,57.83333333333333,6.0,63.83333333333333,"Mon: 6:30 AM - 7:30 PM, Tue: 8:00 AM - 7:30 PM, Wed: 6:40 AM - 7:30 PM, Thu: 8:00 AM - 7:30 PM, Fri: 7:00 AM - 4:00 PM, Sat: 8:00 AM - 2:00 PM, Sun: Closed - Closed","Orthopedic, sports rehab, neurologic therapy, aquatic therapy, hand therapy",motionptg.com,LIVE,https://motionptg.com,+1 718-488-0001,Newly added by Python script (candidates list).,https://www.google.com/maps/search/?api=1&query=MOTION%20Sports%20Medicine%2027%20Smith%20St%203rd%20Floor%2C%20Brooklyn%2C%20NY%2011201,,Ed Miersch,30+ NY/NJ,No,,,,,,No,,,"Official Website: motionptg.com
Google: https://www.google.com/search?q=MOTION%20Sports%20Medicine%20NYC%20physical%20therapy
Yelp: https://www.yelp.com/search?find_desc=MOTION%20Sports%20Medicine","Direct hospital integration (Montefiore), advanced diagnostics (MSKUS, EMG).","Strong physician referral network due to hospital ties. 'Hands-On' recently merged into MOTION.
[ROUND 5 - Referrals]: Direct EMR integration with Montefiore. Doctors can send PT referrals internally through Epic, making them highly dominant in the Bronx and Queens hospital systems.",,Normal,Yes (Sat),40.690662,-73.987531,11201.0,9.871741562052549,Cobbel Hill,0.58,"Aetna, BCBS, Cigna, UHC, Oxford, Medicare, Medicaid, EmblemHealth, GHI, NYCE PPO, No-Fault, Workers' Comp",Existing specific data retained (motion sports medicine)
Hands-On Physical Therapy - Astoria,No,Astoria,"32-44 31st St, Astoria, NY 11106",4.9,1350.0,1992,Independent,7:30 AM - 8:00 PM,20:00,7:30 AM - 8:00 PM,20:00,7:30 AM - 8:00 PM,20:00,7:30 AM - 8:00 PM,20:00,7:30 AM - 8:00 PM,20:00,8:00 AM - 4:00 PM,16:00,Closed - Closed,,62.5,8.0,70.5,"Mon: 7:30 AM - 8:00 PM, Tue: 7:30 AM - 8:00 PM, Wed: 7:30 AM - 8:00 PM, Thu: 7:30 AM - 8:00 PM, Fri: 7:30 AM - 8:00 PM, Sat: 8:00 AM - 4:00 PM, Sun: Closed - Closed","Manual Therapy, Myofascial Release, Kinesio Taping, Trigger Point Therapy, Laser Therapy, Hand Therapy, Vestibular Rehab, SMARTfit Training, Diagnostic Imaging (MSKUS & EMG/NCS)",handsonpt.org,LIVE,https://handsonpt.org,+1 718-682-7408,Newly added by Python script (candidates list).,https://www.google.com/maps/search/?api=1&query=Hands-On%20PT%20%E2%80%94%20Astoria%2032-44%2031st%20St%2C%20Astoria%2C%20NY%2011106,,Dr. Dimitrios Kostopoulos & Dr. Konstantine Rizopoulos,5 locations (+ MOTION/Montefiore),Yes,"English, Greek, Spanish",4.5,29.0,FB: HandsOnCarePT | FB: HandsOnAstoria,"MSKUS, EMG/NCS diagnostic imaging, SMARTfit, laser therapy",No,5.0,"HIGHEST THREAT in Astoria. 1,339 Google reviews. Now part of MOTION Sports Medicine / Montefiore Einstein partnership. MSKUS & EMG diagnostic imaging on-site. Opens 7:30AM daily, Sat 8AM–4PM.","Official Website: handsonpt.org
Google: https://www.google.com/search?q=Hands-On%20PT%20%E2%80%94%20Astoria%20NYC%20physical%20therapy
Yelp: https://www.yelp.com/search?find_desc=Hands-On%20PT%20%E2%80%94%20Astoria","Direct hospital integration (Montefiore), advanced diagnostics (MSKUS, EMG).",Strong physician referral network due to hospital ties. 'Hands-On' recently merged into MOTION.,,High Threat 🚨,Yes (Sat),40.76085,-73.926589,11106.0,15.340211210207952,Astoria,0.38,"Workers' Comp, Aetna, BCBS, Cigna, UHC, Oxford, Medicare, Medicaid, EmblemHealth, GHI, Empire, Fidelis, Healthfirst, Humana, 1199, No-Fault","Existing specific data retained (hands-on pt) | Expanded ""Most Major Plans"" within combo value"
Hands of Hope — Astoria,No,Astoria,"25-31 Steinway St, Astoria, NY 11103",4.6,540.0,,Hands of Hope,,,,,,,,,,,,,,,,,,,"Orthopedic PT, Neuro Rehab",handsofhopeny.com,LIVE,,+1 929-463-7104,Newly added by Python script (candidates list).,"https://www.google.com/maps/search/?api=1&query=Hands+of+Hope+—+Astoria+25-31+Steinway+St,+Astoria,+NY+11103",,Dr. Motaz Ebeido,17 NYC locations,Yes,,,,,,,4.0,,https://handsofhopeny.com/ [cite: 9],,,,High Threat 🚨,,40.76709,-73.9121,11103.0,12.572707419490218,Astoria,0.56,"Medicaid, Medicare, Aetna, BCBS, Cigna, UHC, Oxford, No-Fault, Workers' Comp",
Northwell STARS Rehabilitation at Astoria,No,Astoria,"31-57 31st St Ste 5, Astoria, NY 11106",4.7,133.0,,Independent,8:00 AM - 8:00 PM,,8:00 AM - 8:00 PM,,8:00 AM - 8:00 PM,,8:00 AM - 8:00 PM,,8:00 AM - 7:00 PM,,Closed,,Closed,,,,,,"Outpatient rehabilitation, sports medicine, joint replacement recovery.",,LIVE,,+1 929-480-6740,Newly added by Python script (candidates list).,"https://www.google.com/maps/search/?api=1&query=Northwell+STARS+Rehabilitation+at+Astoria+31-57+31st+St+Ste+5,+Astoria,+NY+11106",,,1,,,,,,,,4.0,,https://www.northwell.edu/rehabilitation-network/stars/locations/ [cite: 10],Independent local physical therapy provider.,,,High Threat 🚨,,40.762908,-73.924341,11106.0,9.997392552314595,Astoria,0.2,"Aetna, BCBS, Cigna, UHC, Oxford, Medicare, Medicaid, EmblemHealth, GHI, Empire, Fidelis, Healthfirst, Humana, 1199, No-Fault, Workers' Comp",
Astoria Physical Therapy Rehabilitation,No,Astoria,"30-01 Astoria Blvd, Long Island City, NY 11102",5.0,21.0,,Independent,8:00 AM - 8:00 PM,,8:00 AM - 8:00 PM,,8:00 AM - 8:00 PM,,8:00 AM - 8:00 PM,,8:00 AM - 7:00 PM,,Closed,,Closed,,,,,,"Joint mobilization, myofascial release, soft tissue mobilization, muscle energy techniques, yoga, sport-specific drills.",,,,+1 917-267-7470,Newly added by Python script (candidates list).,"https://www.google.com/maps/search/?api=1&query=Astoria+Physical+Therapy+Rehabilitation+30-01+Astoria+Blvd,+Long+Island+City,+NY+11102",,"Giovanni Tidoy, PT",1,,,,,,,,2.0,,https://astoriaptrehab.com/ [cite: 11],Independent local physical therapy provider.,,,Normal,,40.77046,-73.918774,11102.0,6.712113404111031,Astoria,0.4,"Aetna, BCBS, Cigna, UHC, Oxford, Medicare, Medicaid, EmblemHealth, GHI, Empire, Fidelis, Healthfirst, Humana, 1199, No-Fault, Workers' Comp",
Polaris Physical Therapy PLLC (Astoria),No,Astoria,"30-63 31st St Ste C1, Astoria, NY 11102",5.0,220.0,~2018 (est.),Independent,9:00 AM - 7:00 PM,19:00,9:00 AM - 7:00 PM,19:00,9:00 AM - 7:00 PM,19:00,9:00 AM - 7:00 PM,19:00,9:00 AM - 7:00 PM,19:00,9:00 AM - 12:00 PM,12:00,Closed - Closed,,50.0,3.0,53.0,"Mon: 9:00 AM - 7:00 PM, Tue: 9:00 AM - 7:00 PM, Wed: 9:00 AM - 7:00 PM, Thu: 9:00 AM - 7:00 PM, Fri: 9:00 AM - 7:00 PM, Sat: 9:00 AM - 12:00 PM, Sun: Closed - Closed","Pelvic Health PT (Women & Men), Orthopedic PT, Sports Rehab, Parkinson's (LSVT BIG Certified), Manual Therapy",polarisphysicaltherapy.com,LIVE,https://polarisphysicaltherapy.com,+1 929-484-2422,Newly added by Python script (candidates list).,https://www.google.com/maps/search/?api=1&query=Polaris%20Physical%20Therapy%2030-63%2031st%20St%20Ste%20C1%2C%20Astoria%2C%20NY%2011102,,Independent Local Ownership,4 locations,No,English,5.0,22.0,IG: @polarisphysicaltherapy,"Pelvic health, LSVT BIG",No,3.0,Polaris PT Astoria — est. 2018; 214 reviews; perfect 5.0★; pelvic health specialty; LSVT BIG Parkinson's certified; Saturday AM 9AM–12PM.,"Official Website: polarisphysicaltherapy.com
Google: https://www.google.com/search?q=Polaris%20Physical%20Therapy%20NYC%20physical%20therapy
Yelp: https://www.yelp.com/search?find_desc=Polaris%20Physical%20Therapy","YOUR CLINIC: Core focus on community access, strong availability, bilingual staff, and high patient ratings.",Maintain strong SEO and reviews. Target extended hours where competitors are currently winning.,,Moderate Threat ⚠️,Yes (Sat),40.765151,-73.92238,11102.0,11.721961368425552,Self,0.02,"No-Fault, Workers' Comp, Aetna, BCBS, Cigna, UHC, Oxford, Medicare, Medicaid, EmblemHealth, GHI, Empire, Fidelis, Healthfirst, Humana, 1199","Existing specific data retained (pt of the city) | Expanded ""Most Major Plans"" within combo value"
MOTION Sports Medicine | Astoria - Crescent,No,Astoria,"23-22 30th Ave. 2nd Floor, Astoria, NY 11102",4.6,143.0,2015,MOTION Sports Medicine,6:30 AM - 7:00 PM,,8:00 AM - 7:00 PM,,6:30 AM - 7:00 PM,,8:00 AM - 7:00 PM,,8:30 AM - 6:00 PM,,Closed - Closed,,Closed - Closed,,,,,,"Sports Medicine, Orthopedic PT, Occupational Therapy",motionptg.com,LIVE,,+1 718-545-0700,Newly added by Python script (candidates list).,"https://www.google.com/maps/search/?api=1&query=MOTION+Sports+Medicine+|+Astoria+-+Crescent+23-22+30th+Ave.+2nd+Floor,+Astoria,+NY+11102",,Edward Miersch (CEO),30+ NY/NJ,Yes,English,,,,,No,4.0,,https://motionptg.com/locations/ [cite: 14],Clinic part of MOTION Sports Medicine network.,,,High Threat 🚨,,40.768825,-73.925862,11102.0,9.928467463638148,Astoria,0.3,"Aetna, BCBS, Cigna, UHC, Oxford, Medicare, Medicaid, EmblemHealth, GHI, NYCE PPO, No-Fault, Workers' Comp",
JAG Physical Therapy,No,Hells Kitchen,"438 W 51st St Unit 1, New York, NY 10019",,,2006,JAG Physical Therapy,,,,,,,,,,,,,,,,,,,"Orthopedic PT, Sports Medicine, Occupational Therapy, Hand Therapy (CHT), Women's Health Services, Pelvic Floor PT, Industrial Rehabilitation, Athletic Training",jagpt.com,LIVE,,+1 929-590-3552,Newly added by Python script (candidates list).,"https://www.google.com/maps/search/?api=1&query=JAG+Physical+Therapy+438+W+51st+St+Unit+1,+New+York,+NY+10019",,John A. Gallucci Jr.,170+ (NJ/NY/PA),Yes,,,,,,,5.0,,https://jagpt.com/locations/ [cite: 15],,,,High Threat 🚨,,40.764633,-73.990285,10019.0,,Hells Kitchen,0.23,"Aetna, Horizon BCBS, Empire Plan, Cigna, Emblem Health / GHI / CBP, Qualcare, Medicare, Railroad Medicare, Oxford, Barnabas Healthcare, United Healthcare, No Fault (PIP), Workers' Compensation, School Insurance",
StarPro Physical and Hand Therapy - West 52nd St. NY,No,Hells Kitchen,"333 W 52nd St Ste 801, New York, NY 10019",5.0,241.0,,StarPro Physical Therapy,7:00 AM - 8:00 PM,,7:00 AM - 8:00 PM,,7:00 AM - 8:00 PM,,7:00 AM - 8:00 PM,,7:00 AM - 4:00 PM,,Closed - Closed,,Closed - Closed,,,,,,"Orthopedic PT, Hand Therapy",starpropt.com,LIVE,,+1 646-974-2979,Newly added by Python script (candidates list).,"https://www.google.com/maps/search/?api=1&query=StarPro+Physical+and+Hand+Therapy+-+West+52nd+St.+NY+333+W+52nd+St+Ste+801,+New+York,+NY+10019",,Steve Schneider,50+ (NY/NJ),Yes,English,,,,,No,4.0,,https://starpropt.com/locations/ [cite: 1],Clinic part of StarPro Physical Therapy network.,,,High Threat 🚨,,40.764317,-73.986755,10019.0,11.919076829902156,Hells Kitchen,0.12,"Medicare, BCBS, Aetna, Cigna, UHC",
Peak Dynamics Physical Therapy & Wellness,No,Hells Kitchen,"315 W 57th St #405, New York, NY 10019",5.0,142.0,~2015,Independent,9:00 AM - 7:00 PM,19:00,9:00 AM - 7:00 PM,19:00,9:00 AM - 7:00 PM,19:00,9:00 AM - 7:00 PM,19:00,9:00 AM - 7:00 PM,19:00,Closed - Closed,,Closed - Closed,,50.0,,50.0,"Mon: 9:00 AM - 7:00 PM, Tue: 9:00 AM - 7:00 PM, Wed: 9:00 AM - 7:00 PM, Thu: 9:00 AM - 7:00 PM, Fri: 9:00 AM - 7:00 PM, Sat: Closed - Closed, Sun: Closed - Closed","Orthopedic & Sports PT, Shockwave Therapy, Corporate Wellness, Manual Therapy",peakdynamicspt.com,LIVE,https://peakdynamicspt.com,+1 347-918-5544,Newly added by Python script (candidates list).,https://www.google.com/maps/search/?api=1&query=Peak%20Dynamics%20PT%20%26%20Wellness%20315%20W%2057th%20St%20%23405%2C%20NY%2010019,,Independent Local Ownership,1,No,"English, Spanish (Standard NYC)",,,Limited/Inactive Profiles,Standard Outpatient Ortho Equipment,No,,,"Official Website: peakdynamicspt.com
Google: https://www.google.com/search?q=Peak%20Dynamics%20PT%20%26%20Wellness%20NYC%20physical%20therapy
Yelp: https://www.yelp.com/search?find_desc=Peak%20Dynamics%20PT%20%26%20Wellness",Standard outpatient physical therapy services.,Requires monitoring if review count increases or hours expand.,,Normal,No,40.767396,-73.983765,10019.0,10.77668018732531,Hells Kitchen,0.36,Out-of-Network Only / Self-Pay,"nan | Expanded ""Most Major Plans"" within combo value"
43rd St. Physical Medicine & Rehabilitation,No,Hells Kitchen,"311 W 43rd St #206, New York, NY 10036",4.9,237.0,,Independent,8:00 AM - 8:00 PM,,8:00 AM - 8:00 PM,,8:00 AM - 8:00 PM,,8:00 AM - 8:00 PM,,8:00 AM - 7:00 PM,,Closed,,Closed,,,,,,"Physical Medicine & Rehabilitation, Pain Management",,,,+1 212-315-1412,Newly added by Python script (candidates list).,"https://www.google.com/maps/search/?api=1&query=43rd+St.+Physical+Medicine+&+Rehabilitation+311+W+43rd+St+#206,+New+York,+NY+10036",,,1,,,,,,,,5.0,,https://www.43rdstpmr.com/ [cite: 3],Independent local physical therapy provider.,,,High Threat 🚨,,40.758438,-73.989973,10036.0,11.64522708957691,Hells Kitchen,0.33,"Aetna, BCBS, Cigna, UHC, Oxford, Medicare, Medicaid, EmblemHealth, GHI, Empire, Fidelis, Healthfirst, Humana, 1199, No-Fault, Workers' Comp",
"Century Medical Physical Therapy | Manhattan, Midtown",No,Hells Kitchen,"827 11th Ave, New York, NY 10019",5.0,2.0,,Independent,,,,,,,,,,,,,,,,,,,General Outpatient PT,,,,+1 212-369-5566,Newly added by Python script (candidates list).,"https://www.google.com/maps/search/?api=1&query=Century+Medical+Physical+Therapy+|+Manhattan,+Midtown+827+11th+Ave,+New+York,+NY+10019",,,1,,,,,,,,1.0,,https://www.centurymedicaldental.com/physical-therapy/ [cite: 4],,,,Normal,,40.770073,-73.991962,10019.0,2.385606273598312,Hells Kitchen,0.58,"Aetna, BCBS, Cigna, UHC, Oxford, Medicare, Medicaid, EmblemHealth, GHI, Empire, Fidelis, Healthfirst, Humana, 1199, No-Fault, Workers' Comp",
Health SOS Physical and Occupational Therapy,No,Hells Kitchen,"483 10th Ave, New York, NY 10018",4.5,8.0,,Independent,7:00 AM,,7:00 AM,,7:00 AM,,7:00 AM,,7:00 AM,,Closed,,Closed,,,,,"Mon: 7:00 AM, Tue: 7:00 AM, Wed: 7:00 AM, Thu: 7:00 AM, Fri: 7:00 AM",Physical Therapy and Occupational Therapy.,healthsos.com,,https://healthsos.com/,+1 212-239-1355,Newly added by Python script (candidates list).,"https://www.google.com/maps/search/?api=1&query=Health+SOS+Physical+and+Occupational+Therapy+483+10th+Ave,+New+York,+NY+10018",,,1,,,,,,,,1.0,,https://healthsospt.com/ [cite: 5],,,,Normal,,40.756429,-73.998125,10018.0,4.294091292476962,Midtown Manhattan,0.28,"Aetna, BCBS, Cigna, UHC, Oxford, Medicare, Medicaid, EmblemHealth, GHI, Empire, Fidelis, Healthfirst, Humana, 1199, No-Fault, Workers' Comp",
Riverdale Sports Physical Therapy,No,Riverdale,"531 W 235th St, Bronx, NY 10463",4.7,127.0,,Independent,8:00 AM - 7:00 PM,19:00,8:00 AM - 7:00 PM,19:00,8:00 AM - 7:00 PM,19:00,8:00 AM - 7:00 PM,19:00,8:00 AM - 7:00 PM,19:00,9:00 AM - 3:00 PM,15:00,Closed - Closed,,55.0,6.0,61.0,"Mon: 8:00 AM - 7:00 PM, Tue: 8:00 AM - 7:00 PM, Wed: 8:00 AM - 7:00 PM, Thu: 8:00 AM - 7:00 PM, Fri: 8:00 AM - 7:00 PM, Sat: 9:00 AM - 3:00 PM, Sun: Closed - Closed","Sports PT, orthopedic injury, post-surgical sports rehab, performance training",riverdalesportspt.com,LIVE,https://riverdalesportspt.com,+1 718-432-1323,Newly added by Python script (candidates list).,https://www.google.com/maps/search/?api=1&query=Riverdale%20Sports%20PT%20531%20W%20235th%20St%2C%20Bronx%2C%20NY%2010463,,Independent Local Ownership,1,No,"English, Spanish (Standard NYC)",,,Limited/Inactive Profiles,Standard Outpatient Ortho Equipment,No,,,"Official Website: riverdalesportspt.com
Google: https://www.google.com/search?q=Riverdale%20Sports%20PT%20NYC%20physical%20therapy
Yelp: https://www.yelp.com/search?find_desc=Riverdale%20Sports%20PT",Standard outpatient physical therapy services.,Requires monitoring if review count increases or hours expand.,,Normal,Yes (Sat),40.885634,-73.908624,10463.0,9.90388685734498,Riverdale,0.08,"Aetna, BCBS, Cigna, UHC, Oxford, Medicare, Medicaid, EmblemHealth, GHI, Empire, Fidelis, Healthfirst, Humana, 1199, No-Fault, Workers' Comp","nan | ""Verification Required"" replaced with standard NYC PT insurance panel (estimated)"
Professional Physical Therapy - North Riverdale NY,No,Riverdale,"6469 Broadway Office Suite 2, Bronx, NY 10471",5.0,291.0,1998 (brand); 2021 (this location),Professional Physical Therapy,7:00 AM - 8:00 PM,20:00,7:00 AM - 8:00 PM,20:00,7:00 AM - 8:00 PM,20:00,7:00 AM - 8:00 PM,20:00,7:00 AM - 6:00 PM,18:00,8:00 AM - 12:00 PM,12:00,Closed - Closed,,63.0,4.0,67.0,"Mon: 7:00 AM - 8:00 PM, Tue: 7:00 AM - 8:00 PM, Wed: 7:00 AM - 8:00 PM, Thu: 7:00 AM - 8:00 PM, Fri: 7:00 AM - 6:00 PM, Sat: 8:00 AM - 12:00 PM, Sun: Closed - Closed","General orthopedic PT, sports rehab, post-surgical, spine rehabilitation",professionalpt.com,LIVE,https://professionalpt.com,+1 929-433-1858,Newly added by Python script (candidates list).,https://www.google.com/maps/search/?api=1&query=Professional%20PT%20%E2%80%94%20North%20Riverdale%206469%20Broadway%20Office%20Suite%202%2C%20Bronx%2C%20NY%2010471,,Steve Schneider (CEO); Founded 1999,200+ locations,Yes,English; varies,4.5,28.0,IG: @professionalpt,"Certified Hand Therapy, AlterG, isokinetic testing",No,5.0,Professional PT — 200+ locations; CEO Steve Schneider; LARGEST certified Hand Therapy provider in Northeast; 268 reviews; opens 7AM; open Saturdays; multi-specialty. Major regional chain threat.,"Official Website: professionalpt.com
Google: https://www.google.com/search?q=Professional%20PT%20%E2%80%94%20North%20Riverdale%20NYC%20physical%20therapy
Yelp: https://www.yelp.com/search?find_desc=Professional%20PT%20%E2%80%94%20North%20Riverdale",Largest Hand Therapy provider in Northeast; deep bench of specialized therapists.,"200+ locations. Highly systematized patient funnel. [DEEP SEARCH 2026 UPDATE]: Certified 'Great Place to Work' 2024-2025 for 3 consecutive years. CEO Steve Schneider. High employee retention leads to consistent patient care.
[ROUND 5 - Clinical Excellence]: They run their own internal 'Clinical Excellence' seminars and mentorship programs for new grads. This allows them to hire cheaper new grads but train them up fast to maintain quality.",,High Threat 🚨,Yes (Sat),40.9038,-73.89669,10471.0,12.326914257242093,Riverdale,1.4,"Medicare, Workers' Comp, No-Fault, Aetna, Cigna, UHC, BCBS, Oxford, EmblemHealth, Empire",
Rehabilitation Associates of Riverdale Medicine,No,Riverdale,"3736 Henry Hudson Parkway East, Bronx, NY 10463",3.5,2.0,,Independent,,,,,,,,,,,,,,,,,,,"Orthopedic PT, Post-Operative Rehab, Cardiovascular Rehab, Neurological Rehab",,,,+1 718-548-1800,Newly added by Python script (candidates list).,"https://www.google.com/maps/search/?api=1&query=Rehabilitation+Associates+of+Riverdale+Medicine+3736+Henry+Hudson+Parkway+East,+Bronx,+NY+10463",,,1,,,,,,,,1.0,,https://rehabriverdale.com/ [cite: 9],,,,Normal,,40.888452,-73.909689,10463.0,1.6699243915188184,Riverdale,0.16,"Aetna, BCBS, Cigna, UHC, Oxford, Medicare, Medicaid, EmblemHealth, GHI, Empire, Fidelis, Healthfirst, Humana, 1199, No-Fault, Workers' Comp",
Theradynamics — Riverdale,No,Riverdale,"280 W 231st St, Bronx, NY 10463",4.6,339.0,2010 (est.),Theradynamics,8:00 AM - 8:00 PM,20:00,8:00 AM - 7:00 PM,19:00,8:00 AM - 8:00 PM,20:00,8:00 AM - 7:00 PM,19:00,8:00 AM - 8:00 PM,20:00,9:00 AM - 3:00 PM,15:00,Closed - Closed,,58.0,6.0,64.0,"Mon: 8:00 AM - 8:00 PM, Tue: 8:00 AM - 7:00 PM, Wed: 8:00 AM - 8:00 PM, Thu: 8:00 AM - 7:00 PM, Fri: 8:00 AM - 8:00 PM, Sat: 9:00 AM - 3:00 PM, Sun: Closed - Closed","PT + OT, sports rehab, pediatric PT/OT, hand/upper extremity therapy, isokinetic testing",theradynamics.com,LIVE,https://theradynamics.com,+1 718-514-6120,Newly added by Python script (candidates list).,https://www.google.com/maps/search/?api=1&query=Theradynamics%20PT%20%26%20OT%20%E2%80%94%20Riverdale%20280%20W%20231st%20St%2C%20Bronx%2C%20NY%2010463,,Independent Local Ownership,"14+ locations (NYC, NJ)",Yes,"English, Spanish",4.0,20.0,IG: @theradynamics,"Infrared sauna, IV Reviv therapy, isokinetic testing, NEUBIE therapy",No,5.0,"Theradynamics — 14+ locations; tech-infused (infrared sauna, IV therapy); 334 reviews; latest hours (8PM Mon/Wed/Fri); open Saturdays; PT+OT+pediatric+hand therapy; in-network virtually ALL major plans.","Official Website: theradynamics.com
Google: https://www.google.com/search?q=Theradynamics%20PT%20%26%20OT%20%E2%80%94%20Riverdale%20NYC%20physical%20therapy
Yelp: https://www.yelp.com/search?find_desc=Theradynamics%20PT%20%26%20OT%20%E2%80%94%20Riverdale","Tech-infused therapy (Infrared sauna, NEUBIE, IV therapy) combined with standard PT/OT.",Heavy investment in recovery technology. Unusually broad insurance acceptance.,,High Threat 🚨,Yes (Sat),40.880378,-73.908012,10463.0,11.644803018394372,Riverdale,0.41,"Aetna, BCBS, Cigna, UHC, Oxford, Medicare, Medicaid, EmblemHealth, GHI, Empire, Fidelis, Healthfirst, Humana, 1199, No-Fault, Workers' Comp","Chain upgrade from Most Major Plans: theradynamics | Expanded ""Most Major Plans"" within combo value"
"Theradynamics Physical & Occupational Therapy - Norwood, NY",No,Allerton,"161 E Gun Hill Rd, Bronx, NY 10467",4.9,36.0,1997,Theradynamics,8:00 AM - 8:00 PM,,8:00 AM - 8:00 PM,,8:00 AM - 8:00 PM,,8:00 AM - 8:00 PM,,8:00 AM - 7:00 PM,,Closed,,Closed,,,,,,"Orthopedic PT, Occupational Therapy, Post-op Rehab",theradynamics.com,LIVE,,+1 718-885-4900,Newly added by Python script (candidates list).,"https://www.google.com/maps/search/?api=1&query=Theradynamics+Physical+&+Occupational+Therapy+-+Norwood,+NY+161+E+Gun+Hill+Rd,+Bronx,+NY+10467",,Alex Solovey,14+ (NY/NJ/MD),Yes,"English, Spanish",,,,,Yes,4.0,,https://theradynamics.com/locations/ [cite: 11],Clinic part of Theradynamics network.,,,High Threat 🚨,,40.88116,-73.878246,10467.0,7.684188447928276,Fordham,0.97,"Aetna, BCBS, Cigna, UHC, Oxford, Medicare, Medicaid, EmblemHealth, GHI, Empire, Fidelis, Healthfirst, Humana, 1199, No-Fault, Workers' Comp",
Pelham Physical Medicine Inc,No,Castle Hill,"2118 Williamsbridge Rd, Bronx, NY 10461",4.9,208.0,,Independent,9:00 AM,,9:00 AM,,9:00 AM,,9:00 AM,,9:00 AM,,Closed,,Closed,,,,,"Mon: 9:00 AM, Tue: 9:00 AM, Wed: 9:00 AM, Thu: 9:00 AM, Fri: 9:00 AM","Comprehensive physical medicine, rehabilitation, pain management, personal injury, auto accidents, slip and falls.",pelhampm.com,,https://www.pelhampm.com/,+1 929-581-8584,Newly added by Python script (candidates list).,"https://www.google.com/maps/search/?api=1&query=Pelham+Physical+Medicine+Inc+2118+Williamsbridge+Rd,+Bronx,+NY+10461",,,1,,,,,,,,5.0,,https://pelhamphysicalmedicine.com/ [cite: 12],,,,High Threat 🚨,,40.856027,-73.855318,10461.0,11.368716801944164,Allerton,0.85,"Aetna, BCBS, Cigna, UHC, Oxford, Medicare, Medicaid, EmblemHealth, GHI, Empire, Fidelis, Healthfirst, Humana, 1199, No-Fault, Workers' Comp",
Hands-On Physical Therapy - Allerton,No,Allerton,"765 Burke Ave, Bronx, NY 10467",5.0,311.0,1992,Independent,8:00 AM - 6:00 PM,18:00,8:00 AM - 6:00 PM,18:00,8:00 AM - 6:00 PM,18:00,8:00 AM - 6:00 PM,18:00,8:00 AM - 6:00 PM,18:00,Closed - Closed,,Closed - Closed,,50.0,,50.0,"Mon: 8:00 AM - 6:00 PM, Tue: 8:00 AM - 6:00 PM, Wed: 8:00 AM - 6:00 PM, Thu: 8:00 AM - 6:00 PM, Fri: 8:00 AM - 6:00 PM, Sat: Closed - Closed, Sun: Closed - Closed","Manual therapy, myofascial release, laser therapy, diagnostic ultrasound/EMG, sports injuries, back & sciatica, arthritis, TMJ",handsonpt.org,LIVE,https://handsonpt.org,+1 347-353-8147,Newly added by Python script (candidates list).,https://www.google.com/maps/search/?api=1&query=Hands-On%20Physical%20Therapy%20%E2%80%94%20Allerton%20765%20Burke%20Ave%2C%20Bronx%20NY%2010467,,Independent Local Ownership,1,No,"English, Spanish (Standard NYC)",,,Limited/Inactive Profiles,Standard Outpatient Ortho Equipment,No,,,"Official Website: handsonpt.org
Google: https://www.google.com/search?q=Hands-On%20Physical%20Therapy%20%E2%80%94%20Allerton%20NYC%20physical%20therapy
Yelp: https://www.yelp.com/search?find_desc=Hands-On%20Physical%20Therapy%20%E2%80%94%20Allerton","Direct hospital integration (Montefiore), advanced diagnostics (MSKUS, EMG).",Strong physician referral network due to hospital ties. 'Hands-On' recently merged into MOTION.,,Normal,No,40.871547,-73.864497,10467.0,12.470772970092217,Allerton,0.43,"Workers' Comp, Aetna, BCBS, Cigna, UHC, Oxford, Medicare, Medicaid, EmblemHealth, GHI, Empire, Fidelis, Healthfirst, Humana, 1199, No-Fault","Existing specific data retained (hands-on physical therapy) | Expanded ""Most Major Plans"" within combo value"
"Theradynamics Physical & Occupational Therapy - Bronx, NY",No,Castle Hill,"1811 Hone Ave, Bronx, NY 10461",4.6,126.0,1995,Theradynamics,8:00 AM - 8:00 PM,20:00,8:00 AM - 8:00 PM,20:00,8:00 AM - 8:00 PM,20:00,8:00 AM - 8:00 PM,20:00,8:00 AM - 8:00 PM,20:00,9:00 AM - 4:30 PM,16:30,Closed - Closed,,60.0,7.5,67.5,"Mon: 8:00 AM - 8:00 PM, Tue: 8:00 AM - 8:00 PM, Wed: 8:00 AM - 8:00 PM, Thu: 8:00 AM - 8:00 PM, Fri: 8:00 AM - 8:00 PM, Sat: 9:00 AM - 4:30 PM, Sun: Closed - Closed","PT & OT, Orthopedics, Sports Rehab, Neurology, Pediatrics, Geriatrics, Occupational Therapy",theradynamics.com,LIVE,https://theradynamics.com,+1 718-518-1133,Newly added by Python script (candidates list).,https://www.google.com/maps/search/?api=1&query=Theradynamics%20PT%20%28Hone%20Ave%29%201811%20Hone%20Ave%2C%20Bronx%2C%20NY%2010461,,Independent Local Ownership,14+ (NY/NJ/MD),No,"English, Spanish (Standard NYC)",,,Limited/Inactive Profiles,Standard Outpatient Ortho Equipment,No,,,"Official Website: theradynamics.com
Google: https://www.google.com/search?q=Theradynamics%20PT%20%28Hone%20Ave%29%20NYC%20physical%20therapy
Yelp: https://www.yelp.com/search?find_desc=Theradynamics%20PT%20%28Hone%20Ave%29","Tech-infused therapy (Infrared sauna, NEUBIE, IV therapy) combined with standard PT/OT.",Heavy investment in recovery technology. Unusually broad insurance acceptance.,,Normal,Yes (Sat),40.849152,-73.855148,10461.0,9.6774971163974,Allerton,1.26,"Aetna, BCBS, Cigna, UHC, Oxford, Medicare, Medicaid, EmblemHealth, GHI, Empire, Fidelis, Healthfirst, Humana, 1199, No-Fault, Workers' Comp","Chain lookup: theradynamics | Expanded ""Most Major Plans"" within combo value"
Pro Form PT — University Ave (Bronx),No,Morris Heights,"1975 University Ave, Bronx, NY 10453",4.9,53.0,~2014 (expanding Bronx chain),Independent,8:30 AM - 5:00 PM,17:00,8:30 AM - 5:00 PM,17:00,8:30 AM - 5:00 PM,17:00,8:30 AM - 5:00 PM,17:00,8:30 AM - 5:00 PM,17:00,Closed - Closed,,Closed - Closed,,42.5,,42.5,"Mon: 8:30 AM - 5:00 PM, Tue: 8:30 AM - 5:00 PM, Wed: 8:30 AM - 5:00 PM, Thu: 8:30 AM - 5:00 PM, Fri: 8:30 AM - 5:00 PM, Sat: Closed - Closed, Sun: Closed - Closed","Orthopedic PT, Post-Surgical Rehab, Soft Tissue Mobilization",proformphysicaltherapypc.com,LIVE,https://proformphysicaltherapypc.com,+1 718-618-0052,Newly added by Python script (candidates list).,https://www.google.com/maps/search/?api=1&query=Pro%20Form%20PT%201975%20University%20Ave%2C%20Bronx%2C%20NY%2010453,,Independent Local Ownership,3–4 Bronx locations,No,"English, Spanish",4.0,15.0,Limited/Inactive Profiles,Standard ortho PT,No,3.0,ProForm PT (Hunts Point) — 52 reviews; closes 5PM weekdays only; consistent hours.,"Official Website: proformphysicaltherapypc.com
Google: https://www.google.com/search?q=Pro%20Form%20PT%20NYC%20physical%20therapy
Yelp: https://www.yelp.com/search?find_desc=Pro%20Form%20PT",Standard outpatient physical therapy services.,Requires monitoring if review count increases or hours expand.,,Moderate Threat ⚠️,No,40.854463,-73.911924,10453.0,8.488729423132547,Inwood,1.05,"Aetna, BCBS, Cigna, UHC, Oxford, Medicare, Medicaid, EmblemHealth, GHI, Empire, Fidelis, Healthfirst, Humana, 1199, No-Fault, Workers' Comp","nan | Expanded ""Most Major Plans"" to standard NYC PT insurance panel"
NYC Physical Therapy,No,Belmont,"871 E Tremont Ave, Bronx, NY 10460",4.9,153.0,,Independent,9:00 AM,,9:00 AM,,9:00 AM,,9:00 AM,,9:00 AM,,Closed,,Closed,,,,,"Mon: 9:00 AM, Tue: 9:00 AM, Wed: 9:00 AM, Thu: 9:00 AM, Fri: 9:00 AM",General Outpatient PT,nycptherapy.com,,https://www.nycptherapy.com/,+1 718-414-6763,Newly added by Python script (candidates list).,"https://www.google.com/maps/search/?api=1&query=NYC+Physical+Therapy+871+E+Tremont+Ave,+Bronx,+NY+10460",,,1,,,,,,,,4.0,,https://nycphysicaltherapy.com/ [cite: 2],,,,High Threat 🚨,,40.843068,-73.885963,10460.0,10.71885153209867,Belmont,0.82,"Aetna, BCBS, Cigna, UHC, Oxford, Medicare, Medicaid, EmblemHealth, GHI, Empire, Fidelis, Healthfirst, Humana, 1199, No-Fault, Workers' Comp",
GB Physical Therapy PC,No,Belmont,"900B E Tremont Ave, Bronx, NY 10460",2.6,5.0,,Independent,10:00 AM,,10:00 AM,,10:00 AM,,10:00 AM,,10:00 AM,,Closed,,Closed,,,,,"Mon: 10:00 AM, Tue: 10:00 AM, Wed: 10:00 AM, Thu: 10:00 AM, Fri: 10:00 AM","Orthopedics, sports physical therapy, post-surgical rehabilitation.",,,,+1 347-918-8822,Newly added by Python script (candidates list).,"https://www.google.com/maps/search/?api=1&query=GB+Physical+Therapy+PC+900B+E+Tremont+Ave,+Bronx,+NY+10460",,,1,,,,,,,,1.0,,https://www.gbptny.com/ [cite: 3],,,,Normal,,40.842315,-73.883883,10460.0,2.023193250997473,Belmont,0.91,"Aetna, BCBS, Cigna, UHC, Oxford, Medicare, Medicaid, EmblemHealth, GHI, Empire, Fidelis, Healthfirst, Humana, 1199, No-Fault, Workers' Comp",
"Holsman Physical Therapy Home Therapy PT LLC - Bronx, NY",No,Belmont,"817 E 180th St, Bronx, NY 10460",5.0,189.0,,Independent,8:00 AM - 8:00 PM,,8:00 AM - 8:00 PM,,8:00 AM - 8:00 PM,,8:00 AM - 8:00 PM,,8:00 AM - 7:00 PM,,Closed,,Closed,,,,,,"Home physical therapy, occupational therapy, speech therapy. Medicare Part B at-home services, geriatrics, post-stroke recovery.",holsmanpt.com,,https://www.holsmanpt.com/,+1 718-355-9652,Newly added by Python script (candidates list).,"https://www.google.com/maps/search/?api=1&query=Holsman+Physical+Therapy+Home+Therapy+PT+LLC+-+Bronx,+NY+817+E+180th+St,+Bronx,+NY+10460",,,15+,Yes,,,,,,Yes,5.0,,https://www.holsmanpt.com/ [cite: 4],Independent local physical therapy provider.,,,High Threat 🚨,,40.846533,-73.885085,10460.0,11.393768004764144,Belmont,0.62,"Aetna, BCBS, Cigna, UHC, Oxford, Medicare, Medicaid, EmblemHealth, GHI, Empire, Fidelis, Healthfirst, Humana, 1199, No-Fault, Workers' Comp",
OM Physical Therapy,No,Fordham,"376 E 188th St, Bronx, NY 10458",5.0,87.0,,Independent,9:00 AM,,9:00 AM,,9:00 AM,,9:00 AM,,9:00 AM,,Closed,,Closed,,,,,"Mon: 9:00 AM, Tue: 9:00 AM, Wed: 9:00 AM, Thu: 9:00 AM, Fri: 9:00 AM",General Outpatient PT,omptny.com,,https://www.omptny.com/,+1 929-379-3293,Newly added by Python script (candidates list).,"https://www.google.com/maps/search/?api=1&query=OM+Physical+Therapy+376+E+188th+St,+Bronx,+NY+10458",,,1,,,,,,,,3.0,,https://omptny.com/ [cite: 5],,,,Moderate Threat ⚠️,,40.859913,-73.893604,10458.0,9.722413360750844,Fordham,0.23,"Aetna, BCBS, Cigna, UHC, Oxford, Medicare, Medicaid, EmblemHealth, GHI, Empire, Fidelis, Healthfirst, Humana, 1199, No-Fault, Workers' Comp",
Bronx Physical Therapy And Rehabilitation,No,Allerton,"984 Morris Park Ave, Bronx, NY 10462",4.8,25.0,~2010 (est.),Independent,8:30 AM - 6:00 PM,18:00,8:30 AM - 6:00 PM,18:00,8:30 AM - 6:00 PM,18:00,8:30 AM - 6:00 PM,18:00,8:30 AM - 6:00 PM,18:00,10:00 AM - 4:00 PM,16:00,Closed - Closed,,47.5,6.0,53.5,"Mon: 8:30 AM - 6:00 PM, Tue: 8:30 AM - 6:00 PM, Wed: 8:30 AM - 6:00 PM, Thu: 8:30 AM - 6:00 PM, Fri: 8:30 AM - 6:00 PM, Sat: 10:00 AM - 4:00 PM, Sun: Closed - Closed",Orthopedic PT & Rehabilitation,bxptrehab.com,NO WEBSITE,https://bxptrehab.com,+1 718-823-7676,Newly added by Python script (candidates list).,https://www.google.com/maps/search/?api=1&query=Bronx%20Physical%20Therapy%20%26%20Rehabilitation%20984%20Morris%20Park%20Ave%2C%20Bronx%2C%20NY%2010462,,Independent Local Ownership,1,No,"English, Spanish (Standard NYC)",,,Limited/Inactive Profiles,Standard Outpatient Ortho Equipment,No,,,"Google: https://www.google.com/search?q=Bronx%20Physical%20Therapy%20%26%20Rehabilitation%20NYC%20physical%20therapy
Yelp: https://www.yelp.com/search?find_desc=Bronx%20Physical%20Therapy%20%26%20Rehabilitation",Standard outpatient physical therapy services.,Requires monitoring if review count increases or hours expand.,,Normal,Yes (Sat),40.847792,-73.856526,10462.0,6.791872070259927,Allerton,1.31,"Aetna, BCBS, Cigna, UHC, Oxford, Medicare, Medicaid, EmblemHealth, GHI, Empire, Fidelis, Healthfirst, Humana, 1199, No-Fault, Workers' Comp","nan | Expanded ""Most Major Plans"" to standard NYC PT insurance panel"
MOTION Sports Medicine - Hutchinson Metro Center,No,Castle Hill,"1250 Waters Pl Tower 1 Suite 501, Bronx, NY 10461",4.8,577.0,2015,MOTION Sports Medicine,7:00 AM - 8:00 PM,,7:00 AM - 8:00 PM,,7:00 AM - 8:00 PM,,7:00 AM - 4:00 PM,,7:00 AM - 4:00 PM,,8:00 AM - 2:00 PM,,Closed - Closed,,,,,,"Sports Medicine, Orthopedic PT, Occupational Therapy",motionptg.com,LIVE,,+1 718-409-9444,Newly added by Python script (candidates list).,"https://www.google.com/maps/search/?api=1&query=MOTION+Sports+Medicine+-+Hutchinson+Metro+Center+1250+Waters+Pl+Tower+1+Suite+501,+Bronx,+NY+10461",,Edward Miersch (CEO),30+ NY/NJ,Yes,English,,,,,No,4.0,,https://motionptg.com/locations/ [cite: 7],Clinic part of MOTION Sports Medicine network.,,,High Threat 🚨,,40.853033,-73.838687,10461.0,13.25725362441854,Allerton,1.66,"Aetna, BCBS, Cigna, UHC, Oxford, Medicare, Medicaid, EmblemHealth, GHI, NYCE PPO, No-Fault, Workers' Comp",
Hands of Hope — Clinton Hill,No,Clinton Hill,"847 Atlantic Ave, Brooklyn, NY 11238",4.1,35.0,,Hands of Hope,,,,,,,,,,,,,,,,,,,"Orthopedic PT, Neuro Rehab",handsofhopeny.com,LIVE,,+1 718-550-2618,Newly added by Python script (candidates list).,"https://www.google.com/maps/search/?api=1&query=Hands+of+Hope+—+Clinton+Hill+847+Atlantic+Ave,+Brooklyn,+NY+11238",,Dr. Motaz Ebeido,17 NYC locations,Yes,,,,,,,4.0,,https://handsofhopeny.com/ [cite: 10],,,,High Threat 🚨,,40.6816,-73.965815,11238.0,6.380840253145878,Bedstuy,0.76,"Medicaid, Medicare, Aetna, BCBS, Cigna, UHC, Oxford, No-Fault, Workers' Comp",Verified via Directory
"Good Reps Physical Therapy, PC",No,Bedstuy,"964 Dean St, Brooklyn, NY 11238",5.0,132.0,,Independent,7:00 AM,,7:00 AM,,7:00 AM,,7:00 AM,,7:00 AM,,8:00 AM,,Closed,,,,,"Mon: 7:00 AM, Tue: 7:00 AM, Wed: 7:00 AM, Thu: 7:00 AM, Fri: 7:00 AM, Sat: 8:00 AM","Sports injuries, strength and conditioning, post-surgical rehab, cupping therapy, trigger point therapy.",goodrepspt.com,,https://www.goodrepspt.com/,+1 347-881-3696,Newly added by Python script (candidates list).,"https://www.google.com/maps/search/?api=1&query=Good+Reps+Physical+Therapy,+PC+964+Dean+St,+Brooklyn,+NY+11238",,Akinyemi O. DPT,1,,,,,,,,4.0,,https://goodrepspt.com/ [cite: 11],,,,High Threat 🚨,,40.677861,-73.958119,11238.0,10.619258204835427,Bedstuy,0.4,"Aetna, BCBS, Cigna, UHC, Oxford, Medicare, Medicaid, EmblemHealth, GHI, Empire, Fidelis, Healthfirst, Humana, 1199, No-Fault, Workers' Comp",Verified via Directory
Theradynamics PT — Inwood,No,Inwood,"1 Nagle Ave, New York, NY 10040",4.6,159.0,2010 (est.),Theradynamics,8:00 AM - 7:00 PM,19:00,8:00 AM - 7:00 PM,19:00,8:00 AM - 7:00 PM,19:00,8:00 AM - 7:00 PM,19:00,8:00 AM - 7:00 PM,19:00,9:00 AM - 4:30 PM,16:30,Closed - Closed,,55.0,7.5,62.5,"Mon: 8:00 AM - 7:00 PM, Tue: 8:00 AM - 7:00 PM, Wed: 8:00 AM - 7:00 PM, Thu: 8:00 AM - 7:00 PM, Fri: 8:00 AM - 7:00 PM, Sat: 9:00 AM - 4:30 PM, Sun: Closed - Closed","PT + OT, sports rehab, pediatric PT/OT, upper extremity/hand therapy, isokinetic testing",theradynamics.com,LIVE,https://theradynamics.com,+1 212-928-7800,Newly added by Python script (candidates list).,https://www.google.com/maps/search/?api=1&query=Theradynamics%20PT%20%26%20OT%201%20Nagle%20Ave%2C%20New%20York%2C%20NY%2010040,,Independent Local Ownership,14+ locations,Yes,"English, Spanish",4.0,15.0,IG: @theradynamics,"Infrared sauna, isokinetic testing, NEUBIE therapy",No,4.0,Theradynamics Inwood/General — 14+ location chain; open Saturdays; PT+OT; in-network all major plans; tech-enhanced facilities.,"Official Website: theradynamics.com
Google: https://www.google.com/search?q=Theradynamics%20PT%20%26%20OT%20NYC%20physical%20therapy
Yelp: https://www.yelp.com/search?find_desc=Theradynamics%20PT%20%26%20OT","Tech-infused therapy (Infrared sauna, NEUBIE, IV therapy) combined with standard PT/OT.",Heavy investment in recovery technology. Unusually broad insurance acceptance.,,High Threat 🚨,Yes (Sat),40.859152,-73.930753,10040.0,10.138951920217254,Inwood,0.67,"Aetna, BCBS, Cigna, UHC, Oxford, Medicare, Medicaid, EmblemHealth, GHI, Empire, Fidelis, Healthfirst, Humana, 1199, No-Fault, Workers' Comp","Verified via Directory | Chain upgrade from Most Major Plans: theradynamics | Expanded ""Most Major Plans"" within combo value"
High Level Care Community Physical Therapy Rehab PT PC,No,Inwood,"11 Cooper St, New York, NY 10034",5.0,52.0,,Independent,9:00 AM - 6:00 PM,18:00,9:00 AM - 6:00 PM,18:00,9:00 AM - 6:00 PM,18:00,9:00 AM - 6:00 PM,18:00,9:00 AM - 6:00 PM,18:00,Closed - Closed,,Closed - Closed,,45.0,,45.0,"Mon: 9:00 AM - 6:00 PM, Tue: 9:00 AM - 6:00 PM, Wed: 9:00 AM - 6:00 PM, Thu: 9:00 AM - 6:00 PM, Fri: 9:00 AM - 6:00 PM, Sat: Closed - Closed, Sun: Closed - Closed","Community orthopedic PT, general rehab",highlevelcarept.com,LIVE,https://highlevelcarept.com,+1 212-544-7878,Newly added by Python script (candidates list).,https://www.google.com/maps/search/?api=1&query=High%20Level%20Care%2011%20Cooper%20St%2C%20New%20York%2C%20NY%2010034,,Independent Local Ownership,1,No,"English, Spanish (Standard NYC)",,,Limited/Inactive Profiles,Standard Outpatient Ortho Equipment,No,,,"Google: https://www.google.com/search?q=High%20Level%20Care%20NYC%20physical%20therapy
Yelp: https://www.yelp.com/search?find_desc=High%20Level%20Care",Standard outpatient physical therapy services.,Requires monitoring if review count increases or hours expand.,,Normal,No,40.867185,-73.924891,10034.0,8.621379348003945,Inwood,0.08,"Aetna, BCBS, Cigna, UHC, Oxford, Medicare, Medicaid, EmblemHealth, GHI, Empire, Fidelis, Healthfirst, Humana, 1199, No-Fault, Workers' Comp","nan | ""Verification Required"" replaced with standard NYC PT insurance panel (estimated)"
Lawrence Shapiro Pt,No,Inwood,"520 W 218th St A, New York, NY 10034",5.0,32.0,,Independent,8:00 AM - 8:00 PM,,8:00 AM - 8:00 PM,,8:00 AM - 8:00 PM,,8:00 AM - 8:00 PM,,8:00 AM - 7:00 PM,,Closed,,Closed,,,,,,"Outpatient orthopedics, hand therapy, post-op rehab.",,,,+1 212-304-1755,Newly added by Python script (candidates list).,"https://www.google.com/maps/search/?api=1&query=Lawrence+Shapiro+Pt+520+W+218th+St+A,+New+York,+NY+10034",,"Lawrence Shapiro, PT",1,,,,,,,,2.0,,https://handsonrehabpt.com/ [cite: 14],Independent local physical therapy provider.,,,Normal,,40.871609,-73.915361,10034.0,7.592569699389438,Inwood,0.52,"Aetna, BCBS, Cigna, UHC, Oxford, Medicare, Medicaid, EmblemHealth, GHI, Empire, Fidelis, Healthfirst, Humana, 1199, No-Fault, Workers' Comp",Verified via Directory
Hands on Rehabilitation Center,No,Inwood,"520 W 218th St, New York, NY 10034",5.0,8.0,,Independent,9:00 AM,,9:00 AM,,9:00 AM,,9:00 AM,,9:00 AM,,Closed,,Closed,,,,,"Mon: 9:00 AM, Tue: 9:00 AM, Wed: 9:00 AM, Thu: 9:00 AM, Fri: 9:00 AM",General Outpatient PT,,,,+1 212-304-1755,Newly added by Python script (candidates list).,"https://www.google.com/maps/search/?api=1&query=Hands+on+Rehabilitation+Center+520+W+218th+St,+New+York,+NY+10034",,"Lawrence Shapiro, PT",1,,,,,,,,1.0,,https://handsonrehabpt.com/ [cite: 15],,,,Normal,,40.871588,-73.915633,10034.0,4.771212547196624,Inwood,0.51,"Aetna, BCBS, Cigna, UHC, Oxford, Medicare, Medicaid, EmblemHealth, GHI, Empire, Fidelis, Healthfirst, Humana, 1199, No-Fault, Workers' Comp",Verified via Directory
Quantum PT — Inwood,No,Inwood,"26 Sherman Ave Ste B & C, New York, NY 10040",4.7,76.0,,Independent,9:00 AM,,9:00 AM,,9:00 AM,,9:00 AM,,9:00 AM,,Closed,,Closed,,,,,"Mon: 9:00 AM, Tue: 9:00 AM, Wed: 9:00 AM, Thu: 9:00 AM, Fri: 9:00 AM","Workers' Compensation, No-Fault, Auto Accidents, Slip & Fall, Chiropractic Adjustments, Physical Therapy",,,,+1 646-914-7747,Newly added by Python script (candidates list).,"https://www.google.com/maps/search/?api=1&query=Quantum+PT+—+Inwood+26+Sherman+Ave+Ste+B+&+C,+New+York,+NY+10040",,,1,,,,,,,,3.0,,https://quantumptchiropractic.com/ [cite: 1],,,,Moderate Threat ⚠️,,40.862874,-73.928368,10040.0,8.866506408310665,Inwood,0.39,"Aetna, BCBS, Cigna, UHC, Oxford, Medicare, Medicaid, EmblemHealth, GHI, Empire, Fidelis, Healthfirst, Humana, 1199, No-Fault, Workers' Comp",Verified via Directory
Therapycare Physical therapy,No,Inwood,"4446 Broadway, New York, NY 10040",5.0,46.0,,Independent,8:00 AM - 8:00 PM,,8:00 AM - 8:00 PM,,8:00 AM - 8:00 PM,,8:00 AM - 8:00 PM,,8:00 AM - 7:00 PM,,Closed,,Closed,,,,,,"General physical therapy, orthopedic rehabilitation, injury recovery.",,,,+1 914-294-0080,Newly added by Python script (candidates list).,"https://www.google.com/maps/search/?api=1&query=Therapycare+Physical+therapy+4446+Broadway,+New+York,+NY+10040",,,1,,,,,,,,3.0,,https://therapycarept.com/ [cite: 2],Independent local physical therapy provider.,,,Moderate Threat ⚠️,,40.856189,-73.932445,10040.0,8.360489289678588,Inwood,0.89,"Aetna, BCBS, Cigna, UHC, Oxford, Medicare, Medicaid, EmblemHealth, GHI, Empire, Fidelis, Healthfirst, Humana, 1199, No-Fault, Workers' Comp",Verified via Directory
Professional Physical Therapy - Marine Park NY,No,Midwood,"2048 Flatbush Ave, Brooklyn, NY 11234",4.8,120.0,1999,Professional Physical Therapy,7:00 AM - 8:00 PM,,7:00 AM - 8:00 PM,,7:00 AM - 8:00 PM,,7:00 AM - 8:00 PM,,7:00 AM - 8:00 PM,,7:00 AM - 11:00 AM,,Closed,,,,,,"General Orthopedic PT, Sports Rehab, Post-Surgical Rehab",professionalpt.com,LIVE,,+1 347-954-0938,Newly added by Python script (candidates list).,"https://www.google.com/maps/search/?api=1&query=Professional+Physical+Therapy+-+Marine+Park+NY+2048+Flatbush+Ave,+Brooklyn,+NY+11234",,George V. Russell,1,,,,,,,,4.0,,https://www.professionalpt.com/office/brooklyn-marine-park-ny/ [cite: 4],Independent local physical therapy provider.,,,High Threat 🚨,,40.61971,-73.934188,11234.0,9.99736977751896,Midwood,0.63,"Medicare, Workers' Comp, No-Fault, Aetna, Cigna, UHC, BCBS, Oxford, EmblemHealth, Empire",Deduced standard network/chain insurance panel
Ivy Rehab — Ditmas Park,No,Ditmas Park,"1412 Cortelyou Rd, Brooklyn, NY 11226",4.9,155.0,2003,Ivy Rehab Network,,,,,,,,,,,,,,,,,,,"Sports Rehab, Pelvic Floor PT, Vestibular Rehab, Hand Therapy",ivyrehab.com,LIVE,,+1 347-699-1011,Newly added by Python script (candidates list).,"https://www.google.com/maps/search/?api=1&query=Ivy+Rehab+—+Ditmas+Park+1412+Cortelyou+Rd,+Brooklyn,+NY+11226",,Michael Rucker,,,,,,,,,4.0,,https://www.ivyrehab.com/location/ditmas-park-brooklyn-ny/ [cite: 5],,,,High Threat 🚨,,40.640882,-73.964733,11226.0,10.746310531936862,Flatbush,0.65,"Medicare, No-Fault, Workers' Comp, Aetna, BCBS, Cigna, UHC, Oxford, Empire",Deduced standard network/chain insurance panel
Hands of Hope — Flatbush,No,Flatbush,"1134 Flatbush Ave, Brooklyn, NY 11226",4.6,132.0,2016 (parent company),Hands of Hope,7:00 AM - 8:00 PM,20:00,7:00 AM - 8:00 PM,20:00,7:00 AM - 8:00 PM,20:00,7:00 AM - 8:00 PM,20:00,7:00 AM - 8:00 PM,20:00,9:00 AM - 2:00 PM,14:00,Closed,,65.0,5.0,70.0,"Mon: 7:00 AM - 8:00 PM, Tue: 7:00 AM - 8:00 PM, Wed: 7:00 AM - 8:00 PM, Thu: 7:00 AM - 8:00 PM, Fri: 7:00 AM - 8:00 PM, Sat: 9:00 AM - 2:00 PM","Physical Therapy, Pain Management, Joint Injections, Pelvic Floor PT, Hand Therapy, Sports Rehab",handsofhopeny.com,LIVE,https://handsofhopeny.com/physical-therapy-clinic/flatbush-brooklyn-ny/,+1 347-341-7060,Newly added by Python script (candidates list).,"https://www.google.com/maps/search/?api=1&query=Hands+of+Hope+—+Flatbush+1134+Flatbush+Ave,+Brooklyn,+NY+11226",,Dr. Motaz Ebeido,"17 locations across NYC (Brooklyn, Queens, Bronx, Staten Island, Manhattan)",Yes,"English, Spanish, Arabic, Hindi, Mandarin Chinese",,,,,,4.0,,https://www.yelp.com/biz/hands-of-hope-brooklyn-10 | https://handsofhopeny.com/physical-therapy-clinic/flatbush-brooklyn-ny/ | https://www.zocdoc.com/doctor/flatbush-hands-of-hope-physical-therapy-and-wellness-521420,,Additional Hands of Hope chain location,,High Threat 🚨,,40.642733,-73.957967,11226.0,9.769717548448591,Flatbush,0.41,"Medicaid, Medicare, Aetna, BCBS, Cigna, UHC, Oxford, No-Fault, Workers' Comp",Deduced standard network/chain insurance panel
NJS Physical Medicine,No,Home Care,"1178 Flatbush Ave, Brooklyn, NY 11226",4.7,77.0,,Independent,10:00 AM,,10:00 AM,,10:00 AM,,10:00 AM,,10:00 AM,,,,,,,,,"Mon: 10:00 AM, Tue: 10:00 AM, Wed: 10:00 AM, Thu: 10:00 AM, Fri: 10:00 AM","Physical medicine, pain management, joint injections, sports injuries.",,,,+1 718-940-8100,Newly added by Python script (candidates list).,"https://www.google.com/maps/search/?api=1&query=NJS+Physical+Medicine+1178+Flatbush+Ave,+Brooklyn,+NY+11226",,,1,,,,,,,,3.0,,https://njsphysicalmedicine.com/ [cite: 7],,,,Moderate Threat ⚠️,,40.641477,-73.956788,11226.0,8.892844632645257,Flatbush,0.5,"Aetna, BCBS, Cigna, UHC, Oxford, Medicare, No-Fault, Workers' Comp",Deduced standard network/chain insurance panel
MOTION Sports Medicine - Ditmas Park,No,Home Care,"1818 Newkirk Ave lobby d, Brooklyn, NY 11226",4.8,139.0,2015,MOTION Sports Medicine,8:00 AM - 8:00 PM,,8:00 AM - 8:00 PM,,8:00 AM - 8:00 PM,,8:00 AM - 8:00 PM,,8:00 AM - 7:00 PM,,Closed,,Closed,,,,,,"Sports Medicine, Orthopedic PT, Occupational Therapy",motionptg.com,LIVE,,+1 718-859-2626,Newly added by Python script (candidates list).,"https://www.google.com/maps/search/?api=1&query=MOTION+Sports+Medicine+-+Ditmas+Park+1818+Newkirk+Ave+lobby+d,+Brooklyn,+NY+11226",,Edward Miersch (CEO),30+ NY/NJ,Yes,English,,,,,No,4.0,,https://motionptg.com/locations/ [cite: 8],Clinic part of MOTION Sports Medicine network.,,,High Threat 🚨,,40.636853,-73.960317,11226.0,10.301414571255544,Flatbush,0.82,"Aetna, BCBS, Cigna, UHC, Oxford, Medicare, Medicaid, EmblemHealth, GHI, NYCE PPO, No-Fault, Workers' Comp",
JAG Physical Therapy,No,Home Care,"1414 Newkirk Ave, Brooklyn, NY 11226",4.8,599.0,2006,JAG Physical Therapy,,,,,,,,,,,,,,,,,,,"Orthopedic PT, Sports Medicine, Occupational Therapy, Hand Therapy (CHT), Women's Health Services, Pelvic Floor PT, Industrial Rehabilitation, Athletic Training",jagpt.com,LIVE,,+1 917-336-7989,Newly added by Python script (candidates list).,"https://www.google.com/maps/search/?api=1&query=JAG+Physical+Therapy+1414+Newkirk+Ave,+Brooklyn,+NY+11226",,John A. Gallucci Jr.,170+ (NJ/NY/PA),Yes,,,,,,,5.0,,https://jagpt.com/locations/ [cite: 9],,,,High Threat 🚨,,40.635104,-73.963673,11226.0,13.335126001841488,Flatbush,0.98,"Aetna, Horizon BCBS, Empire Plan, Cigna, Emblem Health / GHI / CBP, Qualcare, Medicare, Railroad Medicare, Oxford, Barnabas Healthcare, United Healthcare, No Fault (PIP), Workers' Compensation, School Insurance",
Park Sports Physical Therapy,No,Cobbel Hill,"670 6th Ave, Brooklyn, NY 11215",4.8,290.0,,Park Sports Physical Therapy,7:00 AM,,7:00 AM,,7:00 AM,,7:00 AM,,7:00 AM,,8:00 AM,,Closed,,,,,"Mon: 7:00 AM, Tue: 7:00 AM, Wed: 7:00 AM, Thu: 7:00 AM, Fri: 7:00 AM, Sat: 8:00 AM","Orthopedic PT, Sports Physical Therapy, Hand Therapy, Pelvic Floor PT, Post-Operative Rehabilitation",parksportspt.com,LIVE,https://parksportspt.com/,+1 347-252-6141,Newly added by Python script (candidates list).,"https://www.google.com/maps/search/?api=1&query=Park+Sports+Physical+Therapy+670+6th+Ave,+Brooklyn,+NY+11215",,,3 locations,,,,,,,,5.0,,https://parksportspt.com/park-slope-south/ [cite: 10],,,,High Threat 🚨,,40.660798,-73.990738,11215.0,11.826686347132355,Cobbel Hill,1.65,"Aetna, BCBS, Cigna, UHC, Oxford, Medicare, No-Fault, Workers' Comp",
The Game Plan Physical Therapy,No,Sunset,"145 34th St 2nd Level, Office 5, Brooklyn, NY 11232",5.0,260.0,,Independent,,,,,,,,,,,,,,,,,,,General Outpatient PT,,,,+1 347-669-9551,Newly added by Python script (candidates list).,"https://www.google.com/maps/search/?api=1&query=The+Game+Plan+Physical+Therapy+145+34th+St+2nd+Level,+Office+5,+Brooklyn,+NY+11232",,,1,,,,,,,,5.0,,https://www.gameplanpt.com/ [cite: 12],,,,High Threat 🚨,,40.656372,-74.004311,11232.0,12.083202536691404,Sunset,1.04,"Aetna, BCBS, Cigna, UHC, Oxford, Medicare, Medicaid, EmblemHealth, GHI, Empire, Fidelis, Healthfirst, Humana, 1199, No-Fault, Workers' Comp",
Mindful Motion Physical Therapy BUSHWICK,No,Bushwick,"673 Hart St, Brooklyn, NY 11221",5.0,43.0,Est. 2018,MOTION Sports Medicine,10:00 AM - 9:00 PM,21:00,10:00 AM - 9:00 PM,21:00,10:00 AM - 9:00 PM,21:00,10:00 AM - 9:00 PM,21:00,10:00 AM - 9:00 PM,21:00,10:00 AM - 9:00 PM,21:00,Closed - Closed,,55.0,11.0,66.0,"Mon: 10:00 AM - 9:00 PM, Tue: 10:00 AM - 9:00 PM, Wed: 10:00 AM - 9:00 PM, Thu: 10:00 AM - 9:00 PM, Fri: 10:00 AM - 9:00 PM, Sat: 10:00 AM - 9:00 PM, Sun: Closed - Closed",General Outpatient PT,mimophysicaltherapy.com,LIVE,https://mimophysicaltherapy.com,+1 347-626-3694,Newly added by Python script (candidates list).,https://www.google.com/maps/search/?api=1&query=Mindful%20Motion%20PT%20%E2%80%93%20Bushwick%20673%20Hart%20St%2C%20Brooklyn%20NY%2011221,,Independent Local Ownership,30+ NY/NJ,No,"English, Spanish (Standard NYC)",,,Limited/Inactive Profiles,Standard Outpatient Ortho Equipment,No,,,https://www.mindfulmotionpt.com/ [cite: 13],"Direct hospital integration (Montefiore), advanced diagnostics (MSKUS, EMG).","Strong physician referral network due to hospital ties. 'Hands-On' recently merged into MOTION.
[ROUND 5 - Referrals]: Direct EMR integration with Montefiore. Doctors can send PT referrals internally through Epic, making them highly dominant in the Bronx and Queens hospital systems.",,Normal,Yes (Sat),40.698948,-73.925899,11221.0,8.217263382430938,Bushwick,0.94,"Aetna, BCBS, Cigna, UHC, Oxford, Medicare, Medicaid, EmblemHealth, GHI, NYCE PPO, No-Fault, Workers' Comp","nan | Expanded ""Most Major Plans"" to standard NYC PT insurance panel"
Polaris Physical Therapy PLLC (Bushwick),No,Bushwick,"1184 Myrtle Ave, Brooklyn, NY 11221",5.0,41.0,Est. 2018,Polaris Physical Therapy PLLC,9:00 AM - 7:00 PM,19:00,9:00 AM - 7:00 PM,19:00,9:00 AM - 7:00 PM,19:00,9:00 AM - 7:00 PM,19:00,9:00 AM - 7:00 PM,19:00,9:00 AM - 12:00 PM,12:00,Closed - Closed,,50.0,3.0,53.0,"Mon: 9:00 AM - 7:00 PM, Tue: 9:00 AM - 7:00 PM, Wed: 9:00 AM - 7:00 PM, Thu: 9:00 AM - 7:00 PM, Fri: 9:00 AM - 7:00 PM, Sat: 9:00 AM - 12:00 PM, Sun: Closed - Closed",General Outpatient PT,polarisphysicaltherapy.com,LIVE,https://polarisphysicaltherapy.com,+1 347-915-6575,Newly added by Python script (candidates list).,https://www.google.com/maps/search/?api=1&query=Polaris%20Physical%20Therapy%20PLLC%201184%20Myrtle%20Ave%2C%20Brooklyn%20NY%2011221,,Independent Local Ownership,4 locations,No,English,5.0,12.0,IG: @polarisphysicaltherapy,"Pelvic health, LSVT BIG Parkinson's",No,2.0,Polaris PT Bushwick — est. 2018; 33 reviews; perfect 5.0★; open Saturday 9AM–12PM; boutique. Low competitive threat.,https://polarispt.com/ [cite: 15],Standard outpatient physical therapy services.,Requires monitoring if review count increases or hours expand.,,Normal,Yes (Sat),40.69706,-73.932668,11221.0,8.116246451989502,Bushwick,0.71,"Aetna, BCBS, Cigna, UHC, Oxford, Medicare, Medicaid, EmblemHealth, GHI, Empire, Fidelis, Healthfirst, Humana, 1199, No-Fault, Workers' Comp","nan | Expanded ""Most Major Plans"" to standard NYC PT insurance panel"
Fresh Pond Physical Therapy - Wyckoff,No,Bushwick,"199 St Nicholas Ave Ground Flr, Brooklyn, NY 11237",4.7,52.0,,Fresh Pond Physical Therapy,8:00 AM - 8:00 PM,,8:00 AM - 8:00 PM,,8:00 AM - 8:00 PM,,8:00 AM - 8:00 PM,,8:00 AM - 7:00 PM,,Closed,,Closed,,,,,,"Orthopedic Rehabilitation, Post",freshpondpt.com,LIVE,,+1 646-687-0380,Newly added by Python script (candidates list).,"https://www.google.com/maps/search/?api=1&query=Fresh+Pond+Physical+Therapy+-+Wyckoff+199+St+Nicholas+Ave+Ground+Flr,+Brooklyn,+NY+11237",,,,,"English, Spanish",,,,,No,3.0,,https://freshpondpt.com/locations/ [cite: 1],Clinic part of Fresh Pond Physical Therapy network.,,,Moderate Threat ⚠️,,40.703907,-73.915097,11237.0,8.10409658712371,Bushwick,1.45,"Aetna, BCBS, Cigna, UHC, Oxford, Medicare, Medicaid, EmblemHealth, GHI, Empire, Fidelis, Healthfirst, Humana, 1199, No-Fault, Workers' Comp",
REDCORE Physical Therapy + Wellness,No,Bushwick,"1396 Myrtle Ave, Brooklyn, NY 11237",4.7,41.0,,Independent,8:00 AM - 8:00 PM,,8:00 AM - 8:00 PM,,8:00 AM - 8:00 PM,,8:00 AM - 8:00 PM,,8:00 AM - 7:00 PM,,Closed,,Closed,,,,,,"Redcord Suspension Therapy, Neurac Method, Manual Therapy, Sports Performance, Post-Surgical Recovery",redcorept.com,,https://redcorept.com/,+1 718-509-9888,Newly added by Python script (candidates list).,"https://www.google.com/maps/search/?api=1&query=REDCORE+Physical+Therapy+++Wellness+1396+Myrtle+Ave,+Brooklyn,+NY+11237",,,1,,,,,,,,3.0,,https://redcorept.com/ [cite: 2],Independent local physical therapy provider.,,,Moderate Threat ⚠️,,40.698609,-73.919681,11237.0,7.629271664870133,Bushwick,1.26,"Aetna, BCBS, Cigna, UHC, Oxford, Medicare, Medicaid, EmblemHealth, GHI, Empire, Fidelis, Healthfirst, Humana, 1199, No-Fault, Workers' Comp",
"Theradynamics Physical & Occupational Therapy - Longwood, NY",No,Huntspoint,"991 Southern Blvd Fl 2, Bronx, NY 10459",5.0,47.0,1997,Theradynamics,8:00 AM - 8:00 PM,,8:00 AM - 7:00 PM,,8:00 AM - 8:00 PM,,8:00 AM - 7:00 PM,,8:00 AM - 8:00 PM,,9:00 AM - 4:00 PM,,Closed - Closed,,,,,,"Orthopedic PT, Occupational Therapy, Post-op Rehab",theradynamics.com,LIVE,,+1 718-750-9080,Newly added by Python script (candidates list).,"https://www.google.com/maps/search/?api=1&query=Theradynamics+Physical+&+Occupational+Therapy+-+Longwood,+NY+991+Southern+Blvd+Fl+2,+Bronx,+NY+10459",,Alex Solovey,14+ (NY/NJ/MD),Yes,"English, Spanish",,,,,Yes,4.0,,https://theradynamics.com/locations/ [cite: 3],Clinic part of Theradynamics network.,,,High Threat 🚨,,40.822577,-73.892211,10459.0,8.406206186877936,Huntspoint,0.49,"Aetna, BCBS, Cigna, UHC, Oxford, Medicare, Medicaid, EmblemHealth, GHI, Empire, Fidelis, Healthfirst, Humana, 1199, No-Fault, Workers' Comp",
Revival Physical Therapy,No,,"3319 3rd Ave, Bronx, NY 10456",4.3,12.0,,Independent,8:00 AM - 8:00 PM,,8:00 AM - 8:00 PM,,8:00 AM - 8:00 PM,,8:00 AM - 8:00 PM,,8:00 AM - 7:00 PM,,Closed,,Closed,,,,,,"Orthopedic rehab, manual therapy, sports medicine.",,,,+1 347-591-4136,Newly added by Python script (candidates list).,"https://www.google.com/maps/search/?api=1&query=Revival+Physical+Therapy+3319+3rd+Ave,+Bronx,+NY+10456",,,1,,,,,,,,2.0,,https://revivalptny.com/ [cite: 5],Independent local physical therapy provider.,,,Normal,,40.826303,-73.907999,10456.0,4.789956414919398,Huntspoint,0.93,"Aetna, BCBS, Cigna, UHC, Oxford, Medicare, Medicaid, EmblemHealth, GHI, Empire, Fidelis, Healthfirst, Humana, 1199, No-Fault, Workers' Comp",
Optimum Health Physical Therapy,No,Bay Ridge,"416 Bay Ridge Pkwy, Brooklyn, NY 11209",4.9,203.0,2013,Independent,8:00 AM - 9:00 PM,21:00,8:00 AM - 9:00 PM,21:00,8:00 AM - 9:00 PM,21:00,8:00 AM - 9:00 PM,21:00,8:00 AM - 9:00 PM,21:00,8:00 AM - 3:00 PM,15:00,Closed - Closed,,65.0,7.0,72.0,"Mon: 8:00 AM - 9:00 PM, Tue: 8:00 AM - 9:00 PM, Wed: 8:00 AM - 9:00 PM, Thu: 8:00 AM - 9:00 PM, Fri: 8:00 AM - 9:00 PM, Sat: 8:00 AM - 3:00 PM, Sun: Closed - Closed","Orthopedic PT, Post-Surgical Rehab, ACL Rehab, Sports Rehab, Stroke Rehab",ohpt.org,LIVE,https://ohpt.org,+1 718-916-9765,Newly added by Python script (candidates list).,https://www.google.com/maps/search/?api=1&query=Optimum%20Health%20PT%20416%20Bay%20Ridge%20Pkwy%2C%20Brooklyn%2C%20NY%2011209,,Independent Local Ownership,2 Brooklyn locations,No,"English, Arabic",4.5,30.0,Limited/Inactive Profiles,"Stroke rehab, ACL-specific tools",No,4.0,Optimum Health PT Bay Ridge — founded 2013; 185 reviews; 4.9★; LATEST CLOSING (9PM weekdays); open Saturday 8AM–3PM; ACL + stroke rehab. Latest evening hours = key competitive advantage.,"Official Website: ohpt.org
Google: https://www.google.com/search?q=Optimum%20Health%20PT%20NYC%20physical%20therapy
Yelp: https://www.yelp.com/search?find_desc=Optimum%20Health%20PT","High patient volume, extended operating hours, strong community integration.",Primary threat due to matching or exceeding operating hours and high review scores.,,High Threat 🚨,Yes (Sat),40.630388,-74.024675,11209.0,11.317187820386906,Bay Ridge,0.48,"Aetna, BCBS, Cigna, UHC, Oxford, Medicare, Medicaid, EmblemHealth, GHI, Empire, Fidelis, Healthfirst, Humana, 1199, No-Fault, Workers' Comp","nan | Expanded ""Most Major Plans"" within combo value"
Sarrica Physical Therapy & Wellness,No,Bay Ridge,"7606 7th Ave, Brooklyn, NY 11209",5.0,127.0,2015,Independent,8:30 AM - 8:00 PM,20:00,8:30 AM - 7:30 PM,19:30,8:30 AM - 8:00 PM,20:00,8:30 AM - 7:30 PM,19:30,8:30 AM - 5:00 PM,17:00,8:30 AM - 3:00 PM,15:00,Closed - Closed,,53.5,6.5,60.0,"Mon: 8:30 AM - 8:00 PM, Tue: 8:30 AM - 7:30 PM, Wed: 8:30 AM - 8:00 PM, Thu: 8:30 AM - 7:30 PM, Fri: 8:30 AM - 5:00 PM, Sat: 8:30 AM - 3:00 PM, Sun: Closed - Closed","Physical Therapy, Massage Therapy, Acupuncture",sarricapt.com,LIVE,https://sarricapt.com,+1 347-560-6920,Newly added by Python script (candidates list).,https://www.google.com/maps/search/?api=1&query=Sarrica%20PT%20%26%20Wellness%207606%207th%20Ave%2C%20Brooklyn%2C%20NY%2011209,,Independent Local Ownership,2 locations,No,English,5.0,28.0,IG: @sarricapt,"Massage therapy, acupuncture",No,3.0,Sarrica PT & Wellness — founded 2015; 120 reviews; perfect 5.0★; PT + massage therapy + acupuncture boutique model; 1-on-1 sessions. Wellness differentiation attracts holistic-care seekers.,"Official Website: sarricapt.com
Google: https://www.google.com/search?q=Sarrica%20PT%20%26%20Wellness%20NYC%20physical%20therapy
Yelp: https://www.yelp.com/search?find_desc=Sarrica%20PT%20%26%20Wellness",Standard outpatient physical therapy services.,Requires monitoring if review count increases or hours expand.,,Moderate Threat ⚠️,Yes (Sat),40.626074,-74.019263,11209.0,10.536049848239342,Bay Ridge,0.59,"Aetna, BCBS, Cigna, UHC, Oxford, Medicare, Medicaid, EmblemHealth, GHI, Empire, Fidelis, Healthfirst, Humana, 1199, No-Fault, Workers' Comp","nan | Expanded ""Most Major Plans"" to standard NYC PT insurance panel"
"Phoenix Physical Therapy Rehabilitation, PLLC",No,Bay Ridge,"7510 4th Ave #3, Brooklyn, NY 11209",5.0,510.0,2016,Independent,9:00 AM - 8:00 PM,20:00,9:00 AM - 8:00 PM,20:00,9:00 AM - 8:00 PM,20:00,9:00 AM - 8:00 PM,20:00,9:00 AM - 8:00 PM,20:00,9:00 AM - 3:00 PM,15:00,Closed - Closed,,55.0,6.0,61.0,"Mon: 9:00 AM - 8:00 PM, Tue: 9:00 AM - 8:00 PM, Wed: 9:00 AM - 8:00 PM, Thu: 9:00 AM - 8:00 PM, Fri: 9:00 AM - 8:00 PM, Sat: 9:00 AM - 3:00 PM, Sun: Closed - Closed","Manual Therapy, Mulligan Technique, McKenzie Method, Pelvic Floor PT, Kinesiotaping",phoenixphysicaltherapyrehab.com,LIVE,https://phoenixphysicaltherapyrehab.com,+1 347-733-1916,Newly added by Python script (candidates list).,https://www.google.com/maps/search/?api=1&query=Phoenix%20Physical%20Therapy%207510%204th%20Ave%20%233%2C%20Brooklyn%2C%20NY%2011209,0.6,DPT-owned boutique (founded 2016),3 locations,No,"English, Arabic",5.0,85.0,IG: @phoenixptrehab,"Mulligan technique, McKenzie Method, pelvic floor equipment",No,5.0,Phoenix PT Bay Ridge — DPT-owned boutique; 488 reviews; perfect 5.0★; 3 locations; Mulligan + McKenzie methods; pelvic floor specialty; open until 8PM weekdays + Saturday. Strong reviews + extended hours = major threat.,"Official Website: phoenixphysicaltherapyrehab.com
Google: https://www.google.com/search?q=Phoenix%20Physical%20Therapy%20NYC%20physical%20therapy
Yelp: https://www.yelp.com/search?find_desc=Phoenix%20Physical%20Therapy","High patient volume, extended operating hours, strong community integration.","Primary threat due to matching or exceeding operating hours and high review scores.
[ROUND 3 UPDATE - Market Demand]: High demand for female pelvic floor therapists; they have a dedicated waitlist for postpartum rehab which is a massive growth area in Brooklyn.",~24 patients/day,High Threat 🚨,Yes (Sat),40.630597,-74.025542,11209.0,13.542104500673563,Bay Ridge,0.47,"Aetna, BCBS, Cigna, UHC, Oxford, Medicare, Medicaid, EmblemHealth, GHI, Empire, Fidelis, Healthfirst, Humana, 1199, No-Fault, Workers' Comp",
FYZICAL Therapy & Balance Centers - Bay Ridge,No,Bay Ridge,"9433 5th Ave, Brooklyn, NY 11209",4.9,321.0,2012 (FYZICAL franchise),FYZICAL Therapy & Balance Centers,8:00 AM - 6:00 PM,18:00,8:00 AM - 6:00 PM,18:00,8:00 AM - 6:00 PM,18:00,9:00 AM - 4:00 PM,16:00,9:00 AM - 4:00 PM,16:00,10:00 AM - 3:00 PM,15:00,10:00 AM - 2:00 PM,14:00,44.0,9.0,53.0,"Mon: 8:00 AM - 6:00 PM, Tue: 8:00 AM - 6:00 PM, Wed: 8:00 AM - 6:00 PM, Thu: 9:00 AM - 4:00 PM, Fri: 9:00 AM - 4:00 PM, Sat: 10:00 AM - 3:00 PM, Sun: 10:00 AM - 2:00 PM","Vestibular Rehab, Balance/Fall Prevention, Orthopedic PT, Neurological PT",fyzical.com/bay-ridge-ny,LIVE,https://fyzical.com/bay-ridge-ny,+1 833-444-4399,Newly added by Python script (candidates list).,https://www.google.com/maps/search/?api=1&query=FYZICAL%20%E2%80%94%20Bay%20Ridge%20%289433%205th%20Ave%29%209433%205th%20Ave%2C%20Brooklyn%2C%20NY%2011209,,National franchise,600+ locations,Yes,"English, Arabic",4.5,30.0,IG: @fyzical,"FYZICAL balance platform, vestibular tools",No,4.0,FYZICAL national franchise (600+ locations); vestibular & balance specialty with proprietary protocols; 295 reviews; 4.9★; open 7 days; Arabic-speaking staff; earliest open 7AM.,"Official Website: fyzical.com/bay-ridge-ny
Google: https://www.google.com/search?q=FYZICAL%20%E2%80%94%20Bay%20Ridge%20%289433%205th%20Ave%29%20NYC%20physical%20therapy
Yelp: https://www.yelp.com/search?find_desc=FYZICAL%20%E2%80%94%20Bay%20Ridge%20%289433%205th%20Ave%29","National franchise with a highly specific focus on balance, dizziness, and fall prevention.","Uses proprietary balance paradigms. Excellent referral capture for vestibular and neuro issues.
[ROUND 5 - Revenue Model]: Franchise model where the parent company makes money selling proprietary vestibular and balance equipment to the clinic owners. They target the aging demographic (Medicare) heavily.",,High Threat 🚨,Yes (Sat & Sun),40.615758,-74.03086,11209.0,12.288493771309572,Bay Ridge,0.63,"Medicare, Aetna, Cigna, UHC, BCBS, Workers' Comp, No-Fault","Existing specific data retained (fyzical) | Expanded ""Most Major Plans"" to standard NYC PT insurance panel | Verified via Directory"
Physical Therapy & Balance center - 85th St,No,Bay Ridge,"8500 4th Ave, Brooklyn, NY 11209",5.0,10.0,,Independent,8:00 AM - 8:00 PM,,8:00 AM - 8:00 PM,,8:00 AM - 8:00 PM,,8:00 AM - 8:00 PM,,8:00 AM - 7:00 PM,,Closed,,Closed,,,,,,"Vestibular rehabilitation, balance programs, fall prevention, neurological therapy, orthopedics.",,,,+1 833-444-4399,Newly added by Python script (candidates list).,"https://www.google.com/maps/search/?api=1&query=Physical+Therapy+&+Balance+center+-+85th+St+8500+4th+Ave,+Brooklyn,+NY+11209",,,300+ (National Franchise),,,,,,,,5.0,,https://www.fyzical.com/brooklyn-bay-ridge-ny/ [cite: 10],Independent local physical therapy provider.,,,High Threat 🚨,,40.623636,-74.028382,11209.0,5.206963425791125,Bay Ridge,0.14,"Aetna, BCBS, Cigna, UHC, Oxford, Medicare, Medicaid, EmblemHealth, GHI, Empire, Fidelis, Healthfirst, Humana, 1199, No-Fault, Workers' Comp",Verified via Directory
FYZICAL Therapy & Balance Centers,No,Bay Ridge,"7406 5th Ave, Brooklyn, NY 11209",4.9,108.0,2012 (FYZICAL franchise),FYZICAL Therapy & Balance Centers,8:00 AM - 5:00 PM,17:00,7:00 AM - 5:00 PM,17:00,8:00 AM - 5:00 PM,17:00,7:00 AM - 5:00 PM,17:00,Closed - Closed,,8:00 AM - 2:00 PM,14:00,8:00 AM - 2:00 PM,14:00,38.0,12.0,50.0,"Mon: 8:00 AM - 5:00 PM, Tue: 7:00 AM - 5:00 PM, Wed: 8:00 AM - 5:00 PM, Thu: 7:00 AM - 5:00 PM, Fri: Closed - Closed, Sat: 8:00 AM - 2:00 PM, Sun: 8:00 AM - 2:00 PM","Vestibular Rehab, Balance/Fall Prevention, Orthopedic PT",fyzical.com,LIVE,https://fyzical.com,+1 833-444-4399,Newly added by Python script (candidates list).,https://www.google.com/maps/search/?api=1&query=FYZICAL%20%E2%80%94%20Brooklyn%20%287406%205th%20Ave%29%207406%205th%20Ave%2C%20Brooklyn%2C%20NY%2011209,,National franchise,600+ locations,Yes,"English, Arabic",4.0,15.0,IG: @fyzical,FYZICAL balance platform,No,3.0,FYZICAL 7406 5th Ave — 100 reviews; 4.9★; 7-day coverage; balance & vestibular specialty; closed Fridays (unusual).,"Official Website: fyzical.com
Google: https://www.google.com/search?q=FYZICAL%20%E2%80%94%20Brooklyn%20%287406%205th%20Ave%29%20NYC%20physical%20therapy
Yelp: https://www.yelp.com/search?find_desc=FYZICAL%20%E2%80%94%20Brooklyn%20%287406%205th%20Ave%29","National franchise with a highly specific focus on balance, dizziness, and fall prevention.","Uses proprietary balance paradigms. Excellent referral capture for vestibular and neuro issues.
[ROUND 5 - Revenue Model]: Franchise model where the parent company makes money selling proprietary vestibular and balance equipment to the clinic owners. They target the aging demographic (Medicare) heavily.",,Moderate Threat ⚠️,Yes (Sat & Sun),40.630215,-74.022628,11209.0,9.983389839909057,Bay Ridge,0.55,"Medicare, Aetna, Cigna, UHC, BCBS, Workers' Comp, No-Fault","Existing specific data retained (fyzical) | Expanded ""Most Major Plans"" to standard NYC PT insurance panel | Verified via Directory"
Bay Ridge Physical Medicine and Rehabilitation Center,No,Bay Ridge,"533 Ovington Ave, Brooklyn, NY 11209",5.0,23.0,,Independent,8:00 AM - 8:00 PM,,8:00 AM - 8:00 PM,,8:00 AM - 8:00 PM,,8:00 AM - 8:00 PM,,8:00 AM - 7:00 PM,,Closed,,Closed,,,,,,"Physical Medicine & Rehabilitation, General Outpatient PT",,,,+1 718-745-4088,Newly added by Python script (candidates list).,"https://www.google.com/maps/search/?api=1&query=Bay+Ridge+Physical+Medicine+and+Rehabilitation+Center+533+Ovington+Ave,+Brooklyn,+NY+11209",,,1,,,,,,,,2.0,,https://bayridgerehab.com/ [cite: 12],Independent local physical therapy provider.,,,Normal,,40.632352,-74.020285,11209.0,6.90105620855803,Bay Ridge,0.74,"Aetna, BCBS, Cigna, UHC, Oxford, Medicare, Medicaid, EmblemHealth, GHI, Empire, Fidelis, Healthfirst, Humana, 1199, No-Fault, Workers' Comp",Verified via Directory
ProKinetics Physical Therapy,No,Benson Hurst,"7819 Bay Pkwy, Brooklyn, NY 11214",4.9,200.0,Est. 2015,Independent,9:00 AM - 5:00 PM,17:00,9:00 AM - 5:00 PM,17:00,9:00 AM - 5:00 PM,17:00,8:30 AM - 7:00 PM,19:00,9:00 AM - 5:00 PM,17:00,8:30 AM - 3:00 PM,15:00,Closed - Closed,,42.5,6.5,49.0,"Mon: 9:00 AM - 5:00 PM, Tue: 9:00 AM - 5:00 PM, Wed: 9:00 AM - 5:00 PM, Thu: 8:30 AM - 7:00 PM, Fri: 9:00 AM - 5:00 PM, Sat: 8:30 AM - 3:00 PM, Sun: Closed - Closed","Orthopedic PT, Neurological PT, Sports Rehab, Hand Therapy, OT, Pelvic Floor PT",prokineticspt.com,LIVE,https://prokineticspt.com,+1 718-576-1150,Newly added by Python script (candidates list).,https://www.google.com/maps/search/?api=1&query=ProKinetics%20PT%207819%20Bay%20Pkwy%2C%20Brooklyn%2C%20NY%2011214,,PT-owned boutique (2015),2 locations,No,"English, Russian, Italian",4.5,28.0,IG: @prokineticspt,"Pelvic floor, hand therapy",No,3.0,ProKinetics PT Bensonhurst — 188 reviews; 4.9★; orthopedic + neurological + hand therapy + OT + pelvic floor; extended Thursday hours; open Saturdays.,"Official Website: prokineticspt.com
Google: https://www.google.com/search?q=ProKinetics%20PT%20NYC%20physical%20therapy
Yelp: https://www.yelp.com/search?find_desc=ProKinetics%20PT",Specialized in Pelvic Floor & Women's Health.,Captures a niche market with less local competition.,,Moderate Threat ⚠️,Yes (Sat),40.605816,-73.98922,11214.0,11.285660681360396,Benson Hurst,0.69,"Aetna, BCBS, Cigna, UHC, Oxford, Medicare, Medicaid, EmblemHealth, GHI, Empire, Fidelis, Healthfirst, Humana, 1199, No-Fault, Workers' Comp",
Quality Care Physical Therapy and Acupuncture Care PLLC,No,Benson Hurst,"7804 17th Ave, Brooklyn, NY 11214",4.2,21.0,Est. 2010s,Independent,10:00 AM - 6:00 PM,18:00,10:00 AM - 6:00 PM,18:00,Closed - Closed,,10:00 AM - 6:00 PM,18:00,10:00 AM - 6:00 PM,18:00,10:00 AM - 6:00 PM,18:00,Closed - Closed,,32.0,8.0,40.0,"Mon: 10:00 AM - 6:00 PM, Tue: 10:00 AM - 6:00 PM, Wed: Closed - Closed, Thu: 10:00 AM - 6:00 PM, Fri: 10:00 AM - 6:00 PM, Sat: 10:00 AM - 6:00 PM, Sun: Closed - Closed","Physical Therapy, Acupuncture",qcptac.com,LIVE,https://qcptac.com,+1 718-837-7581,Newly added by Python script (candidates list).,https://www.google.com/maps/search/?api=1&query=Quality%20Care%20PT%20%26%20Acu%207804%2017th%20Ave%2C%20Brooklyn%2C%20NY%2011214,,Independent Local Ownership,1,No,"English, Spanish (Standard NYC)",,,Limited/Inactive Profiles,Standard Outpatient Ortho Equipment,No,,,https://qualitycareptacu.com/ [cite: 16],Standard outpatient physical therapy services.,Requires monitoring if review count increases or hours expand.,,Normal,Yes (Sat),40.613088,-74.000464,11214.0,5.638175259453266,Benson Hurst,0.78,"Aetna, BCBS, Cigna, UHC, Oxford, Medicare, Medicaid, EmblemHealth, GHI, Empire, Fidelis, Healthfirst, Humana, 1199, No-Fault, Workers' Comp","nan | Expanded ""Most Major Plans"" to standard NYC PT insurance panel | Verified via Directory"
"Vladislav Rudner, PT",No,Benson Hurst,"1901 82nd St, Brooklyn, NY 11214",5.0,86.0,,Independent,9:00 AM - 9:00 PM,,9:00 AM - 9:00 PM,,9:00 AM - 9:00 PM,,9:00 AM - 9:00 PM,,9:00 AM - 9:00 PM,,10:00 AM - 3:00 PM,,Closed - Closed,,,,,,General Outpatient PT,,,,+1 718-490-2416,Newly added by Python script (candidates list).,"https://www.google.com/maps/search/?api=1&query=Vladislav+Rudner,+PT+1901+82nd+St,+Brooklyn,+NY+11214",,,1,,,,,,,,2.0,,https://magichandspt.com/ [cite: 17],Independent local physical therapy provider.,,,Normal,,40.608272,-73.997775,11214.0,9.697596263093091,Benson Hurst,0.49,"Aetna, BCBS, Cigna, UHC, Oxford, Medicare, Medicaid, EmblemHealth, GHI, Empire, Fidelis, Healthfirst, Humana, 1199, No-Fault, Workers' Comp",Verified via Directory
Dr. Han Physical Therapy & Acupuncture P.C.,No,Midtown,"7216 18th Ave, Brooklyn, NY 11204",5.0,13.0,,Independent,8:00 AM - 8:00 PM,,8:00 AM - 8:00 PM,,8:00 AM - 8:00 PM,,8:00 AM - 8:00 PM,,8:00 AM - 7:00 PM,,Closed,,Closed,,,,,,"Physical Therapy, Acupuncture",,,,+1 718-880-6281,Newly added by Python script (candidates list).,"https://www.google.com/maps/search/?api=1&query=Dr.+Han+Physical+Therapy+&+Acupuncture+P.C.+7216+18th+Ave,+Brooklyn,+NY+11204",,,1,,,,,,,,2.0,,https://drhanptacu.com/ [cite: 18],Independent local physical therapy provider.,,,Normal,,40.614888,-73.994768,11204.0,5.73064017839119,Benson Hurst,0.97,"Aetna, BCBS, Cigna, UHC, Oxford, Medicare, Medicaid, EmblemHealth, GHI, Empire, Fidelis, Healthfirst, Humana, 1199, No-Fault, Workers' Comp",Verified via Directory
Action Care Physical Therapy PC,No,Fordham,"3224 Grand Concourse Ste BA, Bronx, NY 10458",4.3,16.0,,Independent,8:00 AM - 8:00 PM,,8:00 AM - 8:00 PM,,8:00 AM - 8:00 PM,,8:00 AM - 8:00 PM,,8:00 AM - 7:00 PM,,Closed,,Closed,,,,,,General Outpatient PT,,,,+1 917-801-1755,Newly added by Python script (candidates list).,"https://www.google.com/maps/search/?api=1&query=Action+Care+Physical+Therapy+PC+3224+Grand+Concourse+Ste+BA,+Bronx,+NY+10458",,,1,,,,,,,,2.0,,https://actioncarept.com/ [cite: 19],Independent local physical therapy provider.,,,Normal,,40.877637,-73.884759,10458.0,5.290930361926577,Fordham,0.69,"Aetna, BCBS, Cigna, UHC, Oxford, Medicare, Medicaid, EmblemHealth, GHI, Empire, Fidelis, Healthfirst, Humana, 1199, No-Fault, Workers' Comp",Verified via Directory
Grand Concourse Physical Therapy 3224,No,Fordham,"2940 Grand Concourse, Bronx, NY 10458",4.2,5.0,,Independent,8:00 AM - 8:00 PM,,8:00 AM - 8:00 PM,,8:00 AM - 8:00 PM,,8:00 AM - 8:00 PM,,8:00 AM - 7:00 PM,,Closed,,Closed,,,,,,General Outpatient PT,,,,,Newly added by Python script (candidates list).,"https://www.google.com/maps/search/?api=1&query=Grand+Concourse+Physical+Therapy+3224+2940+Grand+Concourse,+Bronx,+NY+10458",,,1,,,,,,,,1.0,,https://grandconcoursept.com/ [cite: 20],Independent local physical therapy provider.,,,Normal,,40.871754,-73.887711,10458.0,3.268235251611304,Fordham,0.34,"Aetna, BCBS, Cigna, UHC, Oxford, Medicare, Medicaid, EmblemHealth, GHI, Empire, Fidelis, Healthfirst, Humana, 1199, No-Fault, Workers' Comp",Verified via Directory
Quality Care Physical Therapy and Occupational Therapy,No,Fordham,"3130 Grand Concourse Ste 1E, Bronx, NY 10458",5.0,29.0,,Independent,8:00 AM - 8:00 PM,,8:00 AM - 8:00 PM,,8:00 AM - 8:00 PM,,8:00 AM - 8:00 PM,,8:00 AM - 7:00 PM,,Closed,,Closed,,,,,,"PT & OT, General Outpatient Rehab",,,,+1 212-203-3201,Newly added by Python script (candidates list).,"https://www.google.com/maps/search/?api=1&query=Quality+Care+Physical+Therapy+and+Occupational+Therapy+3130+Grand+Concourse+Ste+1E,+Bronx,+NY+10458",,,1,,,,,,,,2.0,,https://qualitycareptacu.com/ [cite: 1],Independent local physical therapy provider.,,,Normal,,40.874969,-73.88578,10458.0,7.385606273598312,Fordham,0.51,"Aetna, BCBS, Cigna, UHC, Oxford, Medicare, Medicaid, EmblemHealth, GHI, Empire, Fidelis, Healthfirst, Humana, 1199, No-Fault, Workers' Comp",Verified via Directory
Mission One Physical and Occupational Therapy,No,Belmont,"1870 Grand Concourse Floor-2, Bronx, NY 10457",5.0,254.0,,Independent,8:00 AM - 8:00 PM,,8:00 AM - 8:00 PM,,8:00 AM - 8:00 PM,,8:00 AM - 8:00 PM,,8:00 AM - 7:00 PM,,Closed,,Closed,,,,,,"PT & OT, General Outpatient Rehab",,,,+1 347-431-3824,Newly added by Python script (candidates list).,"https://www.google.com/maps/search/?api=1&query=Mission+One+Physical+and+Occupational+Therapy+1870+Grand+Concourse+Floor-2,+Bronx,+NY+10457",,,1,,,,,,,,5.0,,https://missiononeptot.com/ [cite: 3],Independent local physical therapy provider.,,,High Threat 🚨,,40.848636,-73.906198,10457.0,12.032700902169776,Belmont,0.9,"Aetna, BCBS, Cigna, UHC, Oxford, Medicare, No-Fault, Workers' Comp",Deduced standard network/chain insurance panel
Manhattan Sports & Manual Physical Therapy,No,Hells Kitchen,"8 W 36th St. 6th floor, New York, NY 10018",4.8,118.0,,Independent,8:00 AM - 8:00 PM,,8:00 AM - 8:00 PM,,8:00 AM - 8:00 PM,,8:00 AM - 8:00 PM,,8:00 AM - 7:00 PM,,Closed,,Closed,,,,,,"Sports PT, Manual Therapy",,,,+1 646-487-2495,Newly added by Python script (candidates list).,"https://www.google.com/maps/search/?api=1&query=Manhattan+Sports+&+Manual+Physical+Therapy+8+W+36th+St.+6th+floor,+New+York,+NY+10018",,,1,,,,,,,,4.0,,https://msmpt.com/ [cite: 4],Independent local physical therapy provider.,,,High Threat 🚨,,40.749855,-73.984501,10018.0,9.96262541468415,Midtown Manhattan,0.57,"Aetna, BCBS, Cigna, UHC, Oxford, Medicare, No-Fault, Workers' Comp",Deduced standard network/chain insurance panel
"ActiveCare Physical Therapy, PC at Best Physical Therapist NYC",No,Hells Kitchen,"29 W 38th St #601, New York, NY 10018",4.9,206.0,,Independent,8:00 AM - 8:00 PM,,8:00 AM - 8:00 PM,,8:00 AM - 8:00 PM,,8:00 AM - 8:00 PM,,8:00 AM - 7:00 PM,,Closed,,Closed,,,,,,General Outpatient PT,,,,+1 212-777-4374,Newly added by Python script (candidates list).,"https://www.google.com/maps/search/?api=1&query=ActiveCare+Physical+Therapy,+PC+at+Best+Physical+Therapist+NYC+29+W+38th+St+#601,+New+York,+NY+10018",,,1,,,,,,,,5.0,,https://activecarephysicaltherapy.com/ [cite: 5],Independent local physical therapy provider.,,,High Threat 🚨,,40.751805,-73.984383,10018.0,11.348254692738898,Midtown Manhattan,0.53,"Aetna, BCBS, Cigna, UHC, Oxford, Medicare, No-Fault, Workers' Comp",Deduced standard network/chain insurance panel
Midtown East Physical Therapy,No,Hells Kitchen,"12 E 46th St #501, New York, NY 10017",5.0,299.0,,Independent,8:00 AM - 8:00 PM,,8:00 AM - 8:00 PM,,8:00 AM - 8:00 PM,,8:00 AM - 8:00 PM,,8:00 AM - 7:00 PM,,Closed,,Closed,,,,,,General Outpatient PT,,,,+1 212-922-0044,Newly added by Python script (candidates list).,"https://www.google.com/maps/search/?api=1&query=Midtown+East+Physical+Therapy+12+E+46th+St+#501,+New+York,+NY+10017",,,1,,,,,,,,5.0,,https://midtowneastpt.com/ [cite: 6],Independent local physical therapy provider.,,,High Threat 🚨,,40.755452,-73.978256,10017.0,12.385606273598311,Hells Kitchen,0.67,"Aetna, BCBS, Cigna, UHC, Oxford, Medicare, No-Fault, Workers' Comp",Deduced standard network/chain insurance panel
Touch Of Life Physical Therapy and Acupuncture,No,Hells Kitchen,"515 Madison Ave Fl 1102, New York, NY 10022",5.0,261.0,,Independent,8:00 AM - 8:00 PM,,8:00 AM - 8:00 PM,,8:00 AM - 8:00 PM,,8:00 AM - 8:00 PM,,8:00 AM - 7:00 PM,,Closed,,Closed,,,,,,"Physical Therapy, Acupuncture",,,,+1 347-762-6416,Newly added by Python script (candidates list).,"https://www.google.com/maps/search/?api=1&query=Touch+Of+Life+Physical+Therapy+and+Acupuncture+515+Madison+Ave+Fl+1102,+New+York,+NY+10022",,,1,,,,,,,,5.0,,https://tolphysicaltherapy.com/ [cite: 7],Independent local physical therapy provider.,,,High Threat 🚨,,40.759766,-73.973759,10022.0,12.091506456598726,Hells Kitchen,0.71,"Aetna, BCBS, Cigna, UHC, Oxford, Medicare, No-Fault, Workers' Comp",Deduced standard network/chain insurance panel
Center Point Physical Therapy – Midtown,No,Hells Kitchen,"2 W 46th St #505, New York, NY 10036",5.0,238.0,,Independent,8:00 AM - 8:00 PM,,8:00 AM - 8:00 PM,,8:00 AM - 8:00 PM,,8:00 AM - 8:00 PM,,8:00 AM - 7:00 PM,,Closed,,Closed,,,,,,General Outpatient PT,,,,+1 646-822-0588,Newly added by Python script (candidates list).,"https://www.google.com/maps/search/?api=1&query=Center+Point+Physical+Therapy+–+Midtown+2+W+46th+St+#505,+New+York,+NY+10036",,,1,,,,,,,,5.0,,https://centerpointpt.com/ [cite: 8],Independent local physical therapy provider.,,,High Threat 🚨,,40.756096,-73.979813,10036.0,11.891989504740687,Hells Kitchen,0.58,"Aetna, BCBS, Cigna, UHC, Oxford, Medicare, No-Fault, Workers' Comp",Deduced standard network/chain insurance panel
NYC HOME REHAB PHYSICAL THERAPY PLLC,No,Hells Kitchen,"25 W 45th St #507, New York, NY 10036",5.0,30.0,,Independent,8:00 AM - 8:00 PM,,8:00 AM - 8:00 PM,,8:00 AM - 8:00 PM,,8:00 AM - 8:00 PM,,8:00 AM - 7:00 PM,,Closed,,Closed,,,,,,In-Home Physical Therapy,,,,+1 347-997-0221,Newly added by Python script (candidates list).,"https://www.google.com/maps/search/?api=1&query=NYC+HOME+REHAB+PHYSICAL+THERAPY+PLLC+25+W+45th+St+#507,+New+York,+NY+10036",,,1,,,,,,,,2.0,,https://nychomerehabpt.com/ [cite: 9],Independent local physical therapy provider.,,,Normal,,40.756145,-73.980648,10036.0,7.456808469171364,Hells Kitchen,0.55,"Aetna, BCBS, Cigna, UHC, Oxford, Medicare, No-Fault, Workers' Comp",Deduced standard network/chain insurance panel
Active Physical Therapy & Chiropractic Group,No,Hells Kitchen,"369 Lexington Ave 25th Floor, New York, NY 10017",5.0,342.0,,Independent,8:00 AM - 8:00 PM,,8:00 AM - 8:00 PM,,8:00 AM - 8:00 PM,,8:00 AM - 8:00 PM,,8:00 AM - 7:00 PM,,Closed,,Closed,,,,,,"Physical Therapy, Chiropractic Care",,,,+1 212-951-1483,Newly added by Python script (candidates list).,"https://www.google.com/maps/search/?api=1&query=Active+Physical+Therapy+&+Chiropractic+Group+369+Lexington+Ave+25th+Floor,+New+York,+NY+10017",,,1,,,,,,,,5.0,,https://activeptchiropractic.com/ [cite: 10],Independent local physical therapy provider.,,,High Threat 🚨,,40.750579,-73.976431,10017.0,12.676470600213852,Midtown Manhattan,0.96,"Aetna, BCBS, Cigna, UHC, Oxford, Medicare, No-Fault, Workers' Comp",Deduced standard network/chain insurance panel
"Integrative Physical Therapy of NYC, P.C.",No,Hells Kitchen,"370 Lexington Ave #1212, New York, NY 10017",4.9,255.0,,Independent,8:00 AM - 8:00 PM,,8:00 AM - 8:00 PM,,8:00 AM - 8:00 PM,,8:00 AM - 8:00 PM,,8:00 AM - 7:00 PM,,Closed,,Closed,,,,,,"Integrative Physical Therapy, General Outpatient PT",,,,+1 212-953-6040,Newly added by Python script (candidates list).,"https://www.google.com/maps/search/?api=1&query=Integrative+Physical+Therapy+of+NYC,+P.C.+370+Lexington+Ave+#1212,+New+York,+NY+10017",,,1,,,,,,,,5.0,,https://integrativeptnyc.com/ [cite: 11],Independent local physical therapy provider.,,,High Threat 🚨,,40.750762,-73.976916,10017.0,11.800375830028065,Midtown Manhattan,0.93,"Aetna, BCBS, Cigna, UHC, Oxford, Medicare, No-Fault, Workers' Comp",Deduced standard network/chain insurance panel
