Clinic Name,Is PT of The City?,Neighborhood / Area,Address,Google Rating,# Reviews,Founded / Est.,Parent Organization,Mon Hours,Mon Close,Tue Hours,Tue Close,Wed Hours,Wed Close,Thu Hours,Thu Close,Fri Hours,Fri Close,Sat Hours,Sat Close,Sun Hours,Sun Close,Weekday Hrs/Wk,Weekend Hrs/Wk,Total Hrs/Wk,Full Weekly Schedule,Specializations,Insurances Accepted,Website,Phone,Competitor Notes,Google Maps Link,Distance from PTotC (mi),Owner_Founder,Chain_Size,Telehealth,Languages_Spoken,Yelp_Rating,Yelp_Reviews,Social_Media,Key_Equipment,Home_Care,Competitive_Threat_1to5,RAG_Summary,Information_Sources (URLs),Unique_Selling_Proposition_USP,Deep_Search_Extra_Notes,Estimated_Daily_Volume,Top_Threat_Flag,Weekend_Advantage,Latitude,Longitude,insurances_companies,Insurance_Verified_Source,insurance_companies_enriched,Zip_Code,Google Score
Theradynamics PT & OT,No,Inwood,"1 Nagle Ave, New York, NY 10040",4.3,75.0,2010 (est.),,8:00 AM - 7:00 PM,,8:00 AM - 7:00 PM,,8:00 AM - 7:00 PM,,8:00 AM - 7:00 PM,,8:00 AM - 7:00 PM,,9:00 AM - 4:30 PM,,Closed - Closed,,,,,,"PT + OT, sports rehab, pediatric PT/OT, upper extremity/hand therapy, isokinetic testing",Most major plans; verify with clinic (insurance-friendly),theradynamics.com,(212) 928-7800,Saturday hours — advantage over PT of the City. Multi-location chain. OT on-site.,https://www.google.com/maps/search/?api=1&query=Theradynamics%20PT%20%26%20OT%201%20Nagle%20Ave%2C%20New%20York%2C%20NY%2010040,,Independent Local Ownership,14+ locations,Yes,"English, Spanish",4.0,15.0,IG: @theradynamics,"Infrared sauna, isokinetic testing, NEUBIE therapy",No,4,Theradynamics Inwood/General — 14+ location chain; open Saturdays; PT+OT; in-network all major plans; tech-enhanced facilities.,"Official Website: theradynamics.com
Google: https://www.google.com/search?q=Theradynamics%20PT%20%26%20OT%20NYC%20physical%20therapy
Yelp: https://www.yelp.com/search?find_desc=Theradynamics%20PT%20%26%20OT","Tech-infused therapy (Infrared sauna, NEUBIE, IV therapy) combined with standard PT/OT.",Heavy investment in recovery technology. Unusually broad insurance acceptance.,Unknown,Normal,Yes (Sat),40.859274274289,-73.931230286926,"Aetna, Cigna, UHC, Medicare, Medicaid, Fidelis, Healthfirst, Department of Labor, BCBS, Oxford, EmblemHealth, GHI, Empire, Humana, 1199, No-Fault, Workers' Comp","Chain upgrade from Most Major Plans: theradynamics | Expanded ""Most Major Plans"" within combo value",Most Major Plans,10040.0,8.09
Fresh Pond PT – Greenpoint,No,Greenpoint,"1007 Manhattan Ave, Brooklyn NY 11222",4.8,56.0,6–10,,9:00 AM - 6:00 PM,,Closed - Closed,,9:00 AM - 6:00 PM,,Closed - Closed,,9:00 AM - 6:00 PM,,Closed - Closed,,Closed - Closed,,,,,,18–30,"~2010 (est., Fresh Pond brand)",freshpondpt.com,718-383-7361,3,https://www.google.com/maps/search/?api=1&query=Fresh%20Pond%20PT%20%E2%80%93%20Greenpoint%201007%20Manhattan%20Ave%2C%20Brooklyn%20NY%2011222,,Independent Local Ownership,,No (In-person Focus),"English, Spanish (Standard NYC)",,,Limited/Inactive Profiles,Standard Outpatient Ortho Equipment,No (Clinic Only),Verify,,"Official Website: Community outpatient PT — 3-day schedule (Mon/Wed/Fri only); limited availability
Google: https://www.google.com/search?q=Fresh%20Pond%20PT%20%E2%80%93%20Greenpoint%20NYC%20physical%20therapy
Yelp: https://www.yelp.com/search?find_desc=Fresh%20Pond%20PT%20%E2%80%93%20Greenpoint",Standard outpatient physical therapy services.,Requires monitoring if review count increases or hours expand.,Unknown,Moderate Threat ⚠️,No,40.733404297733,-73.954864565311,"Aetna, BCBS, Cigna, UHC, Oxford, Medicare, Medicaid, EmblemHealth, GHI, Empire, Fidelis, Healthfirst, Humana, 1199, No-Fault, Workers' Comp","Chain lookup: fresh pond | Expanded ""Most Major Plans"" to standard NYC PT insurance panel",Unknown / Not Listed,11222.0,8.43
Comfort Care PT,No,Corona,"101-05 Northern Blvd, Corona NY 11368",5.0,62.0,~2012 (est.),,8:00 AM - 5:00 PM,,8:00 AM - 5:00 PM,,8:00 AM - 5:00 PM,,8:00 AM - 5:00 PM,,8:00 AM - 5:00 PM,,8:00 AM - 1:00 PM,,Closed - Closed,,45.0,5.0,50.0,Monday: 8:00 AM - 5:00 PM | Tuesday: 8:00 AM - 5:00 PM | Wednesday: 8:00 AM - 5:00 PM | Thursday: 8:00 AM - 5:00 PM | Friday: 8:00 AM - 5:00 PM | Saturday: 8:00 AM - 1:00 PM | Sunday: Closed,General outpatient orthopedic PT — community-focused; same-street competitor,Verify directly with clinic,comfortcarept.com,,SAME STREET — closes 5PM daily; open Sat AM only; 5.0 rating,https://www.google.com/maps/search/?api=1&query=Comfort%20Care%20PT%20101-05%20Northern%20Blvd%2C%20Corona%20NY%2011368,0.6,Independent Local Ownership,,No (In-person Focus),"English, Spanish (Standard NYC)",,,Limited/Inactive Profiles,Standard Outpatient Ortho Equipment,No (Clinic Only),Verify,,"Google: https://www.google.com/search?q=Comfort%20Care%20PT%20NYC%20physical%20therapy
Yelp: https://www.yelp.com/search?find_desc=Comfort%20Care%20PT",Standard outpatient physical therapy services.,Requires monitoring if review count increases or hours expand.,~20 patients/day,Moderate Threat ⚠️,Yes (Sat),40.757510856674,-73.867364621241,"Aetna, BCBS, Cigna, UHC, Oxford, Medicare, Medicaid, EmblemHealth, GHI, Empire, Fidelis, Healthfirst, Humana, 1199, No-Fault, Workers' Comp","nan | ""Verification Required"" replaced with standard NYC PT insurance panel (estimated)",Verification Required,11368.0,9.0
Hands of Hope (1021 Bedford Ave),No,Bedstuy,"1021 Bedford Ave, Brooklyn NY 11205",4.7,230.0,2016,,7:00 AM - 8:00 PM,,7:00 AM - 8:00 PM,,7:00 AM - 8:00 PM,,7:00 AM - 8:00 PM,,7:00 AM - 8:00 PM,,9:00 AM - 2:00 PM,,Closed - Closed,,,,,,"Sports injuries, vestibular, pelvic floor, stroke/neuro recovery, hand therapy — 17 NYC locations; 2nd Bed-Stuy location",Accepts insurance; verify at handsofhopeny.com,handsofhopeny.com,929-480-0783,,https://www.google.com/maps/search/?api=1&query=Hands%20of%20Hope%20%281021%20Bedford%20Ave%29%201021%20Bedford%20Ave%2C%20Brooklyn%20NY%2011205,,Independent Local Ownership,17 NYC locations,No,"English, Spanish",4.0,22.0,IG: @handsofhopenyc,Pain management injections,No,4,Hands of Hope Bed-Stuy (2nd location) — 230 reviews; 4.7★; opens 7AM; latest closing 8PM.,"Official Website: handsofhopeny.com
Google: https://www.google.com/search?q=Hands%20of%20Hope%20%281021%20Bedford%20Ave%29%20NYC%20physical%20therapy
Yelp: https://www.yelp.com/search?find_desc=Hands%20of%20Hope%20%281021%20Bedford%20Ave%29","High patient volume, extended operating hours, strong community integration.",Primary threat due to matching or exceeding operating hours and high review scores.,Unknown,Moderate Threat ⚠️,Yes (Sat),40.689002026487,-73.954956538,"Aetna, BCBS, Cigna, UHC, Oxford, Medicare, Medicaid, EmblemHealth, GHI, Empire, Fidelis, Healthfirst, Humana, 1199, No-Fault, Workers' Comp","Chain lookup: hands of hope | Expanded ""Most Major Plans"" to standard NYC PT insurance panel",Verification Required,11205.0,11.11
Healing Motion Physical Therapy,No,Cobble Hill,"104 1st Pl, Brooklyn, NY 11231",4.8,19.0,Est. 2010s,,8:30 AM - 6:00 PM,,8:00 AM - 5:30 PM,,8:30 AM - 5:30 PM,,8:00 AM - 3:30 PM,,8:30 AM - 5:00 PM,,Closed - Closed,,Closed - Closed,,44.0,0.0,44.0,Monday: 8:30 AM - 6:00 PM | Tuesday: 8:00 AM - 5:30 PM | Wednesday: 8:30 AM - 5:30 PM | Thursday: 8:00 AM - 3:30 PM | Friday: 8:30 AM - 5:00 PM | Saturday: Closed | Sunday: Closed,"Boutique manual therapy, personalized orthopedic care — very small volume practice (low competitive threat)",Verify directly with clinic,healingmotionpt.com,347-294-0795,"Boutique practice, personalized care | Low threat - limited hours, small volume",https://www.google.com/maps/search/?api=1&query=Healing%20Motion%20Physical%20Therapy%20104%201st%20Pl%2C%20Brooklyn%2C%20NY%2011231,0.5,Independent Local Ownership,,No (In-person Focus),"English, Spanish (Standard NYC)",,,Limited/Inactive Profiles,Standard Outpatient Ortho Equipment,No (Clinic Only),Verify,,"Official Website: N/A (no website found)
Google: https://www.google.com/search?q=Healing%20Motion%20Physical%20Therapy%20NYC%20physical%20therapy
Yelp: https://www.yelp.com/search?find_desc=Healing%20Motion%20Physical%20Therapy","Direct hospital integration (Montefiore), advanced diagnostics (MSKUS, EMG).","Strong physician referral network due to hospital ties. 'Hands-On' recently merged into MOTION.
[ROUND 5 - Referrals]: Direct EMR integration with Montefiore. Doctors can send PT referrals internally through Epic, making them highly dominant in the Bronx and Queens hospital systems.",~18 patients/day,Normal,No,40.680223452273,-73.996777255765,"Aetna, BCBS, Cigna, UHC, Oxford, Medicare, Medicaid, EmblemHealth, GHI, Empire, Fidelis, Healthfirst, Humana, 1199, No-Fault, Workers' Comp","nan | ""Verification Required"" replaced with standard NYC PT insurance panel (estimated)",Verification Required,11231.0,6.24
PT of The City — Corona,Yes,Corona,"104-19 Northern Blvd, Queens NY 11368",4.9,451.0,2005 (est.),,8:00 AM - 7:00 PM,,8:00 AM - 7:00 PM,,8:00 AM - 7:00 PM,,8:00 AM - 7:00 PM,,8:00 AM - 7:00 PM,,7:00 AM - 5:00 PM,,Closed - Closed,,,,,,"Orthopedic, post-surgical, sports injury, neurological — full-service; Sat 7AM open (earliest in area)",Most major plans accepted — verify at ptofthecity.com,ptofthecity.com,,YOUR CLINIC | Strong 451 reviews; open Sat 7AM — earliest in area,https://www.google.com/maps/search/?api=1&query=PT%20of%20The%20City%20%E2%80%94%20Corona%20104-19%20Northern%20Blvd%2C%20Queens%20NY%2011368,,PT of The City (your clinic),20+ locations across NYC,No (In-person Focus),English; varies by location,,,Limited/Inactive Profiles,Standard Outpatient Ortho Equipment,Yes (PT of The City – Home Care),,,"Official Website: ptofthecity.com
Google: https://www.google.com/search?q=PT%20of%20The%20City%20%E2%80%94%20Corona%20NYC%20physical%20therapy
Yelp: https://www.yelp.com/search?find_desc=PT%20of%20The%20City%20%E2%80%94%20Corona","YOUR CLINIC: Core focus on community access, strong availability, bilingual staff, and high patient ratings.",Maintain strong SEO and reviews. Target extended hours where competitors are currently winning.,Unknown,High Threat 🚨,Yes (Sat),40.757761367662,-73.864407623124,"Aetna, BCBS, Cigna, UHC, Oxford, Medicare, Medicaid, EmblemHealth, GHI, Empire, Fidelis, Healthfirst, Humana, 1199, No-Fault, Workers' Comp","Existing specific data retained (pt of the city) | Expanded ""Most Major Plans"" to standard NYC PT insurance panel",Most Major Plans,11368.0,13.01
Comfort Touch Physical Therapy,No,Corona,"106-02 Northern Blvd, Corona NY 11368",5.0,23.0,~2015 (est. boutique),,10:00 AM - 7:00 PM,,10:00 AM - 7:00 PM,,10:00 AM - 7:00 PM,,10:00 AM - 7:00 PM,,11:00 AM - 5:00 PM,,Closed - Closed,,Closed - Closed,,26.5,0.0,26.5,Monday: 10:00 AM - 7:00 PM | Tuesday: 10:00 AM - 7:00 PM | Wednesday: 10:00 AM - 7:00 PM | Thursday: 10:00 AM - 12:00 AM | Friday: 7:30 AM - 5:00 PM | Saturday: Closed | Sunday: Closed,"General outpatient PT — boutique, late open (10–11 AM), no weekends",Verify directly with clinic,Not found - verify directly with clinic,,SAME STREET — opens late 10–11AM; no weekends; boutique; 5.0 rating,https://www.google.com/maps/search/?api=1&query=Comfort%20Touch%20Physical%20Therapy%20106-02%20Northern%20Blvd%2C%20Corona%20NY%2011368,0.4,Independent Local Ownership,,No (In-person Focus),"English, Spanish (Standard NYC)",,,Limited/Inactive Profiles,Standard Outpatient Ortho Equipment,No (Clinic Only),Verify,,"Google: https://www.google.com/search?q=Comfort%20Touch%20Physical%20Therapy%20NYC%20physical%20therapy
Yelp: https://www.yelp.com/search?find_desc=Comfort%20Touch%20Physical%20Therapy",Standard outpatient physical therapy services.,Requires monitoring if review count increases or hours expand.,~11 patients/day,Normal,No,40.757707146566,-73.862710286606,"Aetna, BCBS, Cigna, UHC, Oxford, Medicare, Medicaid, EmblemHealth, GHI, Empire, Fidelis, Healthfirst, Humana, 1199, No-Fault, Workers' Comp","nan | ""Verification Required"" replaced with standard NYC PT insurance panel (estimated)",Verification Required,11368.0,6.9
MANGOOS / DYNATHERAPY PT,No,Corona,"106-03 Corona Ave, Corona NY 11368",5.0,21.0,~2018 (est.),,9:30AM - 6:30PM,,9:30AM - 6:30PM,,9:30AM - 6:30PM,,9:30AM - 6:30PM,,9:30AM - 6:30PM,,9:30AM - 6:30PM,,9:30AM - 6:30PM,,,,,,General outpatient PT — 7-day coverage incl. Sunday (only Sunday competitor in area),Verify directly with clinic,Not found - verify directly with clinic,,OPEN 7 DAYS including Sunday — only competitor open Sunday in area,https://www.google.com/maps/search/?api=1&query=MANGOOS%20/%20DYNATHERAPY%20PT%20106-03%20Corona%20Ave%2C%20Corona%20NY%2011368,,Independent Local Ownership,,No (In-person Focus),"English, Spanish (Standard NYC)",,,Limited/Inactive Profiles,Standard Outpatient Ortho Equipment,No (Clinic Only),Verify,,"Google: https://www.google.com/search?q=MANGOOS%20/%20DYNATHERAPY%20PT%20NYC%20physical%20therapy
Yelp: https://www.yelp.com/search?find_desc=MANGOOS%20/%20DYNATHERAPY%20PT",Standard outpatient physical therapy services.,Requires monitoring if review count increases or hours expand.,Unknown,Normal,Yes (Sat & Sun),40.743974302337,-73.857215277021,"Aetna, BCBS, Cigna, UHC, Oxford, Medicare, Medicaid, EmblemHealth, GHI, Empire, Fidelis, Healthfirst, Humana, 1199, No-Fault, Workers' Comp","nan | ""Verification Required"" replaced with standard NYC PT insurance panel (estimated)",Verification Required,11368.0,6.71
High Level Care,No,Inwood,"11 Cooper St, New York, NY 10034",4.4,40.0,,,9:00 AM - 6:00 PM,,9:00 AM - 6:00 PM,,9:00 AM - 6:00 PM,,9:00 AM - 6:00 PM,,9:00 AM - 6:00 PM,,Closed - Closed,,Closed - Closed,,,,,,"Community orthopedic PT, general rehab",Verify with clinic,Not found - verify directly with clinic,,Community-focused clinic. Shorter hours (closes 6 PM). Lower review volume.,https://www.google.com/maps/search/?api=1&query=High%20Level%20Care%2011%20Cooper%20St%2C%20New%20York%2C%20NY%2010034,,Independent Local Ownership,,No (In-person Focus),"English, Spanish (Standard NYC)",,,Limited/Inactive Profiles,Standard Outpatient Ortho Equipment,No (Clinic Only),Verify,,"Google: https://www.google.com/search?q=High%20Level%20Care%20NYC%20physical%20therapy
Yelp: https://www.yelp.com/search?find_desc=High%20Level%20Care",Standard outpatient physical therapy services.,Requires monitoring if review count increases or hours expand.,Unknown,Normal,No,40.867262903754,-73.924972925729,"Aetna, BCBS, Cigna, UHC, Oxford, Medicare, Medicaid, EmblemHealth, GHI, Empire, Fidelis, Healthfirst, Humana, 1199, No-Fault, Workers' Comp","nan | ""Verification Required"" replaced with standard NYC PT insurance panel (estimated)",Verification Required,10034.0,7.1
LIC Strong PT & Fitness,No,Astoria,"11-11 44th Dr Fl 2, Long Island City, NY 11101",5.0,108.0,2010,,8:00 AM - 9:00 PM,,8:00 AM - 9:00 PM,,8:00 AM - 9:00 PM,,8:00 AM - 9:00 PM,,8:00 AM - 7:00 PM,,Closed - Closed,,11:00 AM - 9:00 PM,,,,,,"Sports performance PT, orthopedic, manual therapy, functional movement, post-natal recovery, kids sports — premium concierge 1-on-1 model; in-home & in-studio; Hamptons service",Most major insurance plans accepted; Workers' Comp; verify at licstrongpt.com,licstrongpt.com,(917) 328-8098,"Premium concierge model — 1-on-1 hour sessions; open Mon–Thu until 9PM and Sunday 11AM–9PM; in-home visits available; Hamptons sessions in summer. Founded by Dr. Dmitry Choklin (Stony Brook DPT); has treated MLB/NBA players, US Olympians, NYPD/FDNY athletes.",https://www.google.com/maps/search/?api=1&query=LIC%20Strong%20PT%20%26%20Fitness%2011-11%2044th%20Dr%20Fl%202%2C%20Long%20Island%20City%2C%20NY%2011101,,Independent Local Ownership,,No (In-person Focus),"English, Spanish (Standard NYC)",,,Limited/Inactive Profiles,Standard Outpatient Ortho Equipment,No (Clinic Only),Verify,,"Official Website: licstrongpt.com
Google: https://www.google.com/search?q=LIC%20Strong%20PT%20%26%20Fitness%20NYC%20physical%20therapy
Yelp: https://www.yelp.com/search?find_desc=LIC%20Strong%20PT%20%26%20Fitness",Standard outpatient physical therapy services.,Requires monitoring if review count increases or hours expand.,Unknown,Moderate Threat ⚠️,Yes (Sun),40.748543922068,-73.949319100458,"Workers' Comp, Aetna, BCBS, Cigna, UHC, Oxford, Medicare, Medicaid, EmblemHealth, GHI, Empire, Fidelis, Healthfirst, Humana, 1199, No-Fault","nan | Expanded ""Most Major Plans"" within combo value","Workers' Comp, Most Major Plans",11101.0,10.19
In Touch NYC Physical Therapy,No,Tribicia,"111 John St Ste 1460, New York, NY 10038",4.9,150.0,2010/2011 (FiDi location ~2015),,8:00 AM - 6:00 PM,,Closed - Closed,,8:00 AM - 6:00 PM,,Closed - Closed,,8:00 AM - 6:00 PM,,Closed - Closed,,Closed - Closed,,,,,,"Orthopedic & sports PT, pelvic floor (men & women), manual therapy, myofascial release, fall prevention, Pilates-based rehab, cupping, post-surgical — 1-on-1 boutique model",Most major health insurance plans accepted; verify at itnycpt.com,itnycpt.com,(212) 288-2988,Open only Mon/Wed/Fri — limited schedule; 1-on-1 care with licensed NYC PT throughout; boutique practice with Pilates focus; founded 2010/2011 by Keith Chan; 4 NYC locations total.,https://www.google.com/maps/search/?api=1&query=In%20Touch%20NYC%20Physical%20Therapy%20111%20John%20St%20Ste%201460%2C%20New%20York%2C%20NY%2010038,,Independent Local Ownership,,No (In-person Focus),"English, Spanish (Standard NYC)",,,Limited/Inactive Profiles,Standard Outpatient Ortho Equipment,No (Clinic Only),Verify,,"Official Website: itnycpt.com
Google: https://www.google.com/search?q=In%20Touch%20NYC%20Physical%20Therapy%20NYC%20physical%20therapy
Yelp: https://www.yelp.com/search?find_desc=In%20Touch%20NYC%20Physical%20Therapy",Specialized in Pelvic Floor & Women's Health.,Captures a niche market with less local competition.,Unknown,High Threat 🚨,No,40.707715266414,-74.005730114768,"Aetna, BCBS, Cigna, UHC, Oxford, Medicare, Medicaid, EmblemHealth, GHI, Empire, Fidelis, Healthfirst, Humana, 1199, No-Fault, Workers' Comp","nan | Expanded ""Most Major Plans"" to standard NYC PT insurance panel",Most Major Plans,10038.0,10.68
PT of The City — (Tribeca),Yes,Tribicia,"111 Worth St, New York, NY 10013",5.0,25.0,2005 (est.),,9:00 AM - 5:00 PM,,8:00 AM - 7:00 PM,,9:00 AM - 5:00 PM,,8:00 AM - 7:00 PM,,9:00 AM - 5:00 PM,,Closed - Closed,,Closed - Closed,,,,,,"General orthopedic PT, post-surgical, sports rehab",Most major plans; verify with clinic,ptofthecity.com,718-648-0888,YOUR CLINIC | Newer location; perfect 5.0 rating; staggered hours (Tue/Thu open until 7PM). Growing review base — opportunity to expand hours & Saturday coverage.,https://www.google.com/maps/search/?api=1&query=PT%20of%20The%20City%20%28Tribeca%29%20111%20Worth%20St%2C%20New%20York%2C%20NY%2010013,,PT of The City (your clinic),20+ locations across NYC,No (In-person Focus),English; varies by location,,,Limited/Inactive Profiles,Standard Outpatient Ortho Equipment,Yes (PT of The City – Home Care),,,"Official Website: ptofthecity.com
Google: https://www.google.com/search?q=PT%20of%20The%20City%20%28Tribeca%29%20NYC%20physical%20therapy
Yelp: https://www.yelp.com/search?find_desc=PT%20of%20The%20City%20%28Tribeca%29","YOUR CLINIC: Core focus on community access, strong availability, bilingual staff, and high patient ratings.",Maintain strong SEO and reviews. Target extended hours where competitors are currently winning.,Unknown,Normal,No,40.715838227869,-74.003429529962,"Aetna, BCBS, Cigna, UHC, Oxford, Medicare, Medicaid, EmblemHealth, GHI, Empire, Fidelis, Healthfirst, Humana, 1199, No-Fault, Workers' Comp","Existing specific data retained (pt of the city) | Expanded ""Most Major Plans"" to standard NYC PT insurance panel",Most Major Plans,10013.0,7.07
MedBar Greenpoint – PT & Chiro,No,Greenpoint,"112 Greenpoint Ave #1B, Brooklyn NY 11222",5.0,188.0,14–20,,9:00 AM - 6:00 PM,,10:00 AM - 8:00 PM,,9:00 AM - 6:00 PM,,10:00 AM - 8:00 PM,,9:00 AM - 6:00 PM,,Closed - Closed,,Closed - Closed,,,,,,70–100,~2018 (est.),Not found - verify directly with clinic,347-625-1246,5,https://www.google.com/maps/search/?api=1&query=MedBar%20Greenpoint%20%E2%80%93%20PT%20%26%20Chiro%20112%20Greenpoint%20Ave%20%231B%2C%20Brooklyn%20NY%2011222,,Independent Local Ownership,,No (In-person Focus),"English, Spanish (Standard NYC)",,,Limited/Inactive Profiles,Standard Outpatient Ortho Equipment,No (Clinic Only),Verify,,"Official Website: PT + chiropractic combined; 5-day; 188 reviews — PT+chiro value proposition
Google: https://www.google.com/search?q=MedBar%20Greenpoint%20%E2%80%93%20PT%20%26%20Chiro%20NYC%20physical%20therapy
Yelp: https://www.yelp.com/search?find_desc=MedBar%20Greenpoint%20%E2%80%93%20PT%20%26%20Chiro",Standard outpatient physical therapy services.,Requires monitoring if review count increases or hours expand.,Unknown,High Threat 🚨,No,40.729934653696,-73.956385119148,"Aetna, BCBS, Cigna, UHC, Oxford, Medicare, Medicaid, EmblemHealth, GHI, Empire, Fidelis, Healthfirst, Humana, 1199, No-Fault, Workers' Comp","nan | ""Unknown/Not Listed"" replaced with standard NYC PT insurance panel (estimated)",Unknown / Not Listed,11222.0,11.38
City Physical Therapy (CityPT),No,Tribicia,"118 Baxter St Ste 303, New York, NY 10013",4.8,110.0,~Early 2000s,,7:00 AM - 8:30 PM,,7:00 AM - 8:30 PM,,7:00 AM - 8:30 PM,,7:00 AM - 8:30 PM,,7:00 AM - 8:30 PM,,Closed - Closed,,Closed - Closed,,,,,,"Orthopedic & sports PT, Graston Technique, ART (Active Release), post-rehab & return-to-sport, pelvic floor PT, runners/dancers/martial artists/combat athletes — PT-owned boutique inside boutique gym","Aetna, BCBS, Cigna, UHC/Oxford + 200 more in-network plans",cityptnyc.com,(212) 537-0110,"LATEST HOURS — open until 8:30PM every weekday; PT-owned boutique practice in a private gym; multi-language staff (English, Japanese, Cantonese, Mandarin, Spanish); has 2nd location in Midtown (16 W 37th St).",https://www.google.com/maps/search/?api=1&query=City%20Physical%20Therapy%20%28CityPT%29%20118%20Baxter%20St%20Ste%20303%2C%20New%20York%2C%20NY%2010013,,PT-owned boutique,2 locations,No,"English, Japanese, Cantonese, Mandarin, Spanish",4.5,22.0,IG: @cityptnyc,"Graston Technique, ART",No,3,CityPT Tribeca — PT-owned boutique inside boutique gym; 110 reviews; 4.8★; multilingual; LATEST HOURS (until 8:30PM weekdays); Graston + ART; combat athletes + dancers specialty.,"Official Website: cityptnyc.com
Google: https://www.google.com/search?q=City%20Physical%20Therapy%20%28CityPT%29%20NYC%20physical%20therapy
Yelp: https://www.yelp.com/search?find_desc=City%20Physical%20Therapy%20%28CityPT%29",Specialized in Pelvic Floor & Women's Health.,"Captures a niche market with less local competition.
[ROUND 3 UPDATE - Pricing Model]: Primarily an Out-Of-Network (OON) cash-based practice. Initial evaluations can cost upwards of $250-$300, targeting a high-end, premium demographic.",Unknown,Moderate Threat ⚠️,No,40.71807287834,-73.999071114248,"Aetna, BCBS, Cigna, UHC, Oxford",,"Aetna, BCBS, Cigna, UHC, Oxford",10013.0,9.82
Polaris Physical Therapy PLLC,No,Bushwick,"1184 Myrtle Ave, Brooklyn NY 11221",5.0,33.0,Est. 2018,,9:00 AM - 7:00 PM,,9:00 AM - 7:00 PM,,9:00 AM - 7:00 PM,,9:00 AM - 7:00 PM,,9:00 AM - 7:00 PM,,9:00 AM - 12:00 PM,,Closed - Closed,,,,,,General outpatient PT — boutique; open Saturday (9AM–12PM); very few reviews (33); small volume,Most major plans; verify with clinic,polarisphysicaltherapy.com,347-915-6575,,https://www.google.com/maps/search/?api=1&query=Polaris%20Physical%20Therapy%20PLLC%201184%20Myrtle%20Ave%2C%20Brooklyn%20NY%2011221,,Independent Local Ownership,4 locations,No,English,5.0,12.0,IG: @polarisphysicaltherapy,"Pelvic health, LSVT BIG Parkinson's",No,2,Polaris PT Bushwick — est. 2018; 33 reviews; perfect 5.0★; open Saturday 9AM–12PM; boutique. Low competitive threat.,"Official Website: N/A (no website found)
Google: https://www.google.com/search?q=Polaris%20Physical%20Therapy%20PLLC%20NYC%20physical%20therapy
Yelp: https://www.yelp.com/search?find_desc=Polaris%20Physical%20Therapy%20PLLC",Standard outpatient physical therapy services.,Requires monitoring if review count increases or hours expand.,Unknown,Normal,Yes (Sat),40.697161661931,-73.933069122027,"Aetna, BCBS, Cigna, UHC, Oxford, Medicare, Medicaid, EmblemHealth, GHI, Empire, Fidelis, Healthfirst, Humana, 1199, No-Fault, Workers' Comp","nan | Expanded ""Most Major Plans"" to standard NYC PT insurance panel",Most Major Plans,11221.0,7.66
Function First Physical Therapy,No,Chelsea,"119 W 23rd St, NY 10011",5.0,88.0,2001,,7:00 AM - 8:00 PM,,7:00 AM - 8:00 PM,,7:00 AM - 8:00 PM,,7:00 AM - 8:00 PM,,7:00 AM - 4:00 PM,,Closed - Closed,,Closed - Closed,,61.0,0.0,61.0,Monday: 7:00 AM - 8:00 PM | Tuesday: 7:00 AM - 8:00 PM | Wednesday: 7:00 AM - 8:00 PM | Thursday: 7:00 AM - 8:00 PM | Friday: 7:00 AM - 4:00 PM | Saturday: Closed | Sunday: Closed,"Dance/performance medicine, orthopedic spine rehab, post-op, gait & balance training, Pilates, manual therapy — PT-owned boutique","In-network: Cigna, Medicare, No-Fault, Workers' Comp | Out-of-network: Aetna, BCBS, Healthnet, Horizon",functionfirstpt.com,,5.0 rating; boutique; closes 4PM Friday; no weekends,https://www.google.com/maps/search/?api=1&query=Function%20First%20Physical%20Therapy%20119%20W%2023rd%20St%2C%20NY%2010011,0.8,Independent Local Ownership,,No (In-person Focus),"English, Spanish (Standard NYC)",,,Limited/Inactive Profiles,Standard Outpatient Ortho Equipment,No (Clinic Only),Verify,,"Official Website: functionfirstpt.com
Google: https://www.google.com/search?q=Function%20First%20Physical%20Therapy%20NYC%20physical%20therapy
Yelp: https://www.yelp.com/search?find_desc=Function%20First%20Physical%20Therapy",Standard outpatient physical therapy services.,Requires monitoring if review count increases or hours expand.,~24 patients/day,Moderate Threat ⚠️,No,40.743189286468,-73.993332133677,"Aetna, BCBS, Cigna, Medicare, No-Fault, Workers' Comp, Horizon, Healthnet, Out-of-Network Only/Boutique",,"Aetna, BCBS, Cigna, Medicare, No-Fault, Workers' Comp, Horizon, Healthnet, Out-of-Network Only/Boutique",10011.0,9.75
Optum Physical Therapy — Chelsea,No,Chelsea,"120 W 23rd St, NY 10011",4.3,70.0,N/A (Optum/UHC brand),,Closed,,Closed,,Closed,,Closed,,Closed,,Closed,,Closed - Closed,,,,,,General outpatient PT under Optum/UnitedHealth brand; minimal online presence,UnitedHealthcare / Optum network primarily,optum.com,,Lowest rated (4.3⭐); hours not listed on Google; minimal threat,https://www.google.com/maps/search/?api=1&query=Optum%20Physical%20Therapy%20%E2%80%94%20Chelsea%20120%20W%2023rd%20St%2C%20NY%2010011,,Independent Local Ownership,,No (In-person Focus),"English, Spanish (Standard NYC)",,,Limited/Inactive Profiles,Standard Outpatient Ortho Equipment,No (Clinic Only),Verify,,"Official Website: optum.com
Google: https://www.google.com/search?q=Optum%20Physical%20Therapy%20%E2%80%94%20Chelsea%20NYC%20physical%20therapy
Yelp: https://www.yelp.com/search?find_desc=Optum%20Physical%20Therapy%20%E2%80%94%20Chelsea",Standard outpatient physical therapy services.,Requires monitoring if review count increases or hours expand.,Unknown,Normal,No,40.74311244228,-73.993460922852,UnitedHealthcare,,UnitedHealthcare,10011.0,7.96
Back Into Balance Physical Therapy,No,Lenoxhill,"121 E 60th St, NY 10022",5.0,10.0,~Mid-1990s (founder PT degree 1987),,8:00 AM - 6:00 PM,,8:00 AM - 6:00 PM,,8:00 AM - 6:00 PM,,8:00 AM - 6:00 PM,,8:00 AM - 6:00 PM,,9:00 AM - 12:00 PM,,Closed - Closed,,,,,,"Complex & chronic cases, balance disorders, Parkinson's, neurological, post-surgical — mind-body approach; craniosacral, meditation, Pilates; in-home available",Out-of-network boutique; verify at backintobalancenyc.com,backintobalancenyc.com,,5.0 rating; boutique; very few reviews; open Sat & Sun 9–12PM,https://www.google.com/maps/search/?api=1&query=Back%20Into%20Balance%20Physical%20Therapy%20121%20E%2060th%20St%2C%20NY%2010022,,Independent Local Ownership,,No (In-person Focus),"English, Spanish (Standard NYC)",,,Limited/Inactive Profiles,Standard Outpatient Ortho Equipment,No (Clinic Only),Verify,,"Official Website: backintobalancenyc.com
Google: https://www.google.com/search?q=Back%20Into%20Balance%20Physical%20Therapy%20NYC%20physical%20therapy
Yelp: https://www.yelp.com/search?find_desc=Back%20Into%20Balance%20Physical%20Therapy","Focus on Neurological Rehabilitation (Stroke, Parkinson's).",Attracts older demographics and specific physician referrals.,Unknown,Normal,Yes (Sat),40.763171927366,-73.968319745559,Out-of-Network Only/Boutique,,Out-of-Network Only/Boutique,10022.0,5.21
Allcare Physical Therapy,No,Midwood,"1213 Avenue P, Brooklyn, NY 11229",4.9,380.0,~2002 (23+ yrs exp),,8:30 AM - 7:00 PM,,8:30 AM - 7:00 PM,,8:30 AM - 4:00 PM,,8:30 AM - 7:00 PM,,8:30 AM - 1:00 PM,,8:30 AM - 1:00 PM,,8:30 AM - 1:30 PM,,,,,,"Sports therapy, deep tissue laser, spinal decompression, sciatica, EMG/NCV testing, needleless acupuncture (ETPS 1000), balance training",Verify insurance acceptance per plan — call (718) 673-2014,allcarept.com,(718) 673-2014,Open 7 DAYS including Sunday. High review count. Advanced laser & shockwave tech.,https://www.google.com/maps/search/?api=1&query=Allcare%20Physical%20Therapy%201213%20Avenue%20P%2C%20Brooklyn%2C%20NY%2011229,,Independent Local Ownership,1–2 locations,No (In-person Focus),"English, Hebrew, Yiddish, Russian",4.5,22.0,Limited/Inactive Profiles,"K-Laser, spinal decompression, ETPS 1000, EMG/NCV, shockwave",No,4,Allcare PT Midwood — est. ~2002; 380 reviews; 4.9★; open 7 days incl. Sunday; advanced technology: K-Laser + spinal decompression + ETPS 1000 + shockwave therapy. Strongest technology differentiator in Midwood.,"Official Website: allcarept.com
Google: https://www.google.com/search?q=Allcare%20Physical%20Therapy%20NYC%20physical%20therapy
Yelp: https://www.yelp.com/search?find_desc=Allcare%20Physical%20Therapy","High patient volume, extended operating hours, strong community integration.",Primary threat due to matching or exceeding operating hours and high review scores.,Unknown,High Threat 🚨,Yes (Sat & Sun),40.610174182133,-73.961214680064,"Aetna, BCBS, Cigna, UHC, Oxford, Medicare, Medicaid, EmblemHealth, GHI, Empire, Fidelis, Healthfirst, Humana, 1199, No-Fault, Workers' Comp","nan | ""Verification Required"" replaced with standard NYC PT insurance panel (estimated)",Verification Required,11229.0,12.65
PT of The City — Bed-Stuy,Yes,Bedstuy,"1230 Fulton St, Brooklyn NY 11216",4.8,496.0,2005 (est.),,7:00 AM - 8:00 PM,,7:00 AM - 8:00 PM,,7:00 AM - 8:00 PM,,7:00 AM - 8:00 PM,,7:00 AM - 8:00 PM,,8:00 AM - 6:00 PM,,8:00 AM - 4:00 PM,,,,,,"General orthopedic PT, post-surgical, sports rehab — open 7 days; 496 reviews",Most major plans; verify with clinic,ptofthecity.com,718-648-0888,YOUR CLINIC | Open 7 days; 496 reviews at 4.8★. Early open 7AM Mon–Fri; Sat 8AM–6PM; Sun 8AM–4PM.,https://www.google.com/maps/search/?api=1&query=PT%20of%20The%20City%20%E2%80%94%20Bed-Stuy%201230%20Fulton%20St%2C%20Brooklyn%20NY%2011216,,PT of The City (your clinic),20+ locations across NYC,No (In-person Focus),English; varies by location,,,Limited/Inactive Profiles,Standard Outpatient Ortho Equipment,Yes (PT of The City – Home Care),,,"Official Website: ptofthecity.com
Google: https://www.google.com/search?q=PT%20of%20The%20City%20%E2%80%94%20Bed-Stuy%20NYC%20physical%20therapy
Yelp: https://www.yelp.com/search?find_desc=PT%20of%20The%20City%20%E2%80%94%20Bed-Stuy","YOUR CLINIC: Core focus on community access, strong availability, bilingual staff, and high patient ratings.",Maintain strong SEO and reviews. Target extended hours where competitors are currently winning.,Unknown,High Threat 🚨,Yes (Sat & Sun),40.680429554987,-73.951360591315,"Aetna, BCBS, Cigna, UHC, Oxford, Medicare, Medicaid, EmblemHealth, GHI, Empire, Fidelis, Healthfirst, Humana, 1199, No-Fault, Workers' Comp","Existing specific data retained (pt of the city) | Expanded ""Most Major Plans"" to standard NYC PT insurance panel",Most Major Plans,11216.0,12.94
MOTION Sports Medicine — Hutchinson,No,Bronx Allerton Final,"1250 Waters Pl, Bronx NY 10461",4.8,577.0,2015 (MOTION PT Group),,7:00 AM - 8:00 PM,,7:00 AM - 8:00 PM,,7:00 AM - 8:00 PM,,7:00 AM - 4:00 PM,,7:00 AM - 4:00 PM,,8:00 AM - 2:00 PM,,Closed - Closed,,,,,,"Orthopedic care, sports rehabilitation, aquatic therapy, hand therapy, neurologic therapy; Montefiore partner","30+ commercial plans, Medicare, Medicaid, EmblemHealth (GHI/HIP), NYCE PPO",motionptg.com,,Largest competitor by reviews; open Saturday; closes early Thu/Fri,https://www.google.com/maps/search/?api=1&query=MOTION%20Sports%20Medicine%20%E2%80%94%20Hutchinson%201250%20Waters%20Pl%2C%20Bronx%20NY%2010461,,Independent Local Ownership,,No (In-person Focus),"English, Spanish (Standard NYC)",,,Limited/Inactive Profiles,Standard Outpatient Ortho Equipment,No (Clinic Only),Verify,,"Official Website: motionptg.com
Google: https://www.google.com/search?q=MOTION%20Sports%20Medicine%20%E2%80%94%20Hutchinson%20NYC%20physical%20therapy
Yelp: https://www.yelp.com/search?find_desc=MOTION%20Sports%20Medicine%20%E2%80%94%20Hutchinson","Direct hospital integration (Montefiore), advanced diagnostics (MSKUS, EMG).","Strong physician referral network due to hospital ties. 'Hands-On' recently merged into MOTION.
[ROUND 5 - Referrals]: Direct EMR integration with Montefiore. Doctors can send PT referrals internally through Epic, making them highly dominant in the Bronx and Queens hospital systems.",Unknown,High Threat 🚨,Yes (Sat),40.844118258485,-73.839665887762,"Medicare, Medicaid, Emblem, EmblemHealth, GHI, HIP",Existing specific data retained (motion sports medicine),"Medicare, Medicaid, Emblem, EmblemHealth, GHI, HIP",10461.0,13.26
Professional Physical Therapy - Hutchinson,No,Fordham,"1250 Waters Place, Ste 1205, Bronx, NY 10461",4.8,250.0,1991 (chain),,7:00 AM - 8:00 PM,,7:00 AM - 8:00 PM,,7:00 AM - 8:00 PM,,7:00 AM - 8:00 PM,,7:00 AM - 6:00 PM,,8:00 AM - 12:00 PM,,Closed - Closed,,,,,,"Orthopedic, sports, post-surgical, vestibular PT; extended hours Mon–Thu; Saturday open",Most major plans + Medicare + Workers' Comp — professionalpt.com,professionalpt.com,,"Extended hours, Saturday open",https://www.google.com/maps/search/?api=1&query=Professional%20Physical%20Therapy%20-%20Hutchinson%201250%20Waters%20Place%2C%20Ste%201205%2C%20Bronx%2C%20NY%2010461,,Steve Schneider (CEO); Founded 1999,200+ locations,Yes,English; varies,4.5,22.0,IG: @professionalpt,"Certified Hand Therapy, vestibular equipment",No,4,"Professional PT Hutchinson — 200+ location chain; 250 reviews; opens 7AM, open Sat AM; vestibular + hand therapy specialty.","Official Website: professionalpt.com
Google: https://www.google.com/search?q=Professional%20Physical%20Therapy%20-%20Hutchinson%20NYC%20physical%20therapy
Yelp: https://www.yelp.com/search?find_desc=Professional%20Physical%20Therapy%20-%20Hutchinson",Largest Hand Therapy provider in Northeast; deep bench of specialized therapists.,"200+ locations. Highly systematized patient funnel. [DEEP SEARCH 2026 UPDATE]: Certified 'Great Place to Work' 2024-2025 for 3 consecutive years. CEO Steve Schneider. High employee retention leads to consistent patient care.
[ROUND 5 - Clinical Excellence]: They run their own internal 'Clinical Excellence' seminars and mentorship programs for new grads. This allows them to hire cheaper new grads but train them up fast to maintain quality.",Unknown,High Threat 🚨,Yes (Sat),40.844118258485,-73.839665887762,"Medicare, Workers' Comp, Aetna, BCBS, Cigna, UHC, Oxford, Medicaid, EmblemHealth, GHI, Empire, Fidelis, Healthfirst, Humana, 1199, No-Fault","Existing specific data retained (professional physical therapy) | Expanded ""Most Major Plans"" within combo value","Medicare, Workers' Comp, Most Major Plans",10461.0,11.52
PT of The City — Evolve PT & Sports Rehab — UES,No,Upper East,"1317 3rd Ave Fl 9, New York, NY 10021",5.0,301.0,~2010s,,7:00 AM - 8:00 PM,,7:00 AM - 8:00 PM,,7:00 AM - 8:00 PM,,7:00 AM - 8:00 PM,,7:00 AM - 8:00 PM,,7:00 AM - 2:30 PM,,Closed - Closed,,,,,,"Sports injury rehab, post-surgical rehab, vestibular rehab, pelvic health PT, manual therapy, running/gait analysis — 1-on-1 specialist-level care; walk-ins welcome; multi-location NYC group",Most major plans; verify at evolveptnyc.com,evolveptnyc.com,(212) 439-1596,⚠️ HIGHEST THREAT — Most reviews in area (301); perfect 5.0 rating; ONLY competitor open Saturday (7AM–2:30PM); opens 7AM all 6 days. Walk-ins accepted. 3 NYC locations + Syosset LI. No appointment needed — strong convenience advantage over your clinic.,https://www.google.com/maps/search/?api=1&query=Evolve%20PT%20%26%20Sports%20Rehab%20%E2%80%94%20UES%201317%203rd%20Ave%20Fl%209%2C%20New%20York%2C%20NY%2010021,,Lou Ezrick (Owner) / Nathan (Lead PT),4–5 locations + Syosset LI,No,English,5.0,55.0,IG: @evolveptnyc,"Sports performance equipment, gait analysis",No,5,HIGHEST THREAT on UES. 301 reviews; perfect 5.0★; ONLY competitor open Saturday (7AM–2:30PM); walk-ins welcome; open 7AM all 6 days; no appointment needed = strong convenience advantage.,"Official Website: evolveptnyc.com
Google: https://www.google.com/search?q=Evolve%20PT%20%26%20Sports%20Rehab%20%E2%80%94%20UES%20NYC%20physical%20therapy
Yelp: https://www.yelp.com/search?find_desc=Evolve%20PT%20%26%20Sports%20Rehab%20%E2%80%94%20UES","YOUR CLINIC: Core focus on community access, strong availability, bilingual staff, and high patient ratings.",Maintain strong SEO and reviews. Target extended hours where competitors are currently winning. [DEEP SEARCH 2026 UPDATE]: Owner is Lou Ezrick. 20-provider practice across 5 Brooklyn locations. Highly efficient operations: uses Prompt EMR & self-service Kiosks (evaluations reduced to 10 mins). High patient tech satisfaction.,Unknown,High Threat 🚨,Yes (Sat),40.771917324073,-73.958932333957,"Aetna, BCBS, Cigna, UHC, Oxford, Medicare, Medicaid, EmblemHealth, GHI, Empire, Fidelis, Healthfirst, Humana, 1199, No-Fault, Workers' Comp","Existing specific data retained (pt of the city) | Expanded ""Most Major Plans"" to standard NYC PT insurance panel",Most Major Plans,10021.0,12.4
Complete Physical Therapy P.C.,No,Greenpoint,"134 Norman Ave, Brooklyn NY 11222",4.8,18.0,8–12,,9:00 AM - 6:00 PM,,9:00 AM - 6:00 PM,,9:00 AM - 6:00 PM,,9:00 AM - 6:00 PM,,9:00 AM - 6:00 PM,,Closed - Closed,,Closed - Closed,,,,,,40–60,~2010 (est.),Not found - verify directly with clinic,718-383-6460,5,https://www.google.com/maps/search/?api=1&query=Complete%20Physical%20Therapy%20P.C.%20134%20Norman%20Ave%2C%20Brooklyn%20NY%2011222,,Independent Local Ownership,,No (In-person Focus),"English, Spanish (Standard NYC)",,,Limited/Inactive Profiles,Standard Outpatient Ortho Equipment,No (Clinic Only),Verify,,"Official Website: General orthopedic outpatient PT — 5-day, weekdays only
Google: https://www.google.com/search?q=Complete%20Physical%20Therapy%20P.C.%20NYC%20physical%20therapy
Yelp: https://www.yelp.com/search?find_desc=Complete%20Physical%20Therapy%20P.C.",Standard outpatient physical therapy services.,Requires monitoring if review count increases or hours expand.,Unknown,Normal,No,40.726133369223,-73.949442899143,"Aetna, BCBS, Cigna, UHC, Oxford, Medicare, Medicaid, EmblemHealth, GHI, Empire, Fidelis, Healthfirst, Humana, 1199, No-Fault, Workers' Comp","nan | ""Unknown/Not Listed"" replaced with standard NYC PT insurance panel (estimated)",Unknown / Not Listed,11222.0,6.14
Cynergy Physical Therapy — Chelsea,No,Chelsea,"135 W 27th St, NY 10001",5.0,310.0,2001,,7:00 AM - 7:00 PM,,7:00 AM - 7:00 PM,,7:00 AM - 7:00 PM,,7:00 AM - 7:00 PM,,7:00 AM - 7:00 PM,,Closed - Closed,,Closed - Closed,,,,,,"Orthopedic, hand therapy & splinting, pelvic floor, dance medicine, McKenzie Method, hip preservation — one-on-one only, no aides",Primarily out-of-network boutique model; verify at cynergypt.com,cynergypt.com,,5.0 rating; 310 reviews; opens 7AM daily; no weekends,https://www.google.com/maps/search/?api=1&query=Cynergy%20Physical%20Therapy%20%E2%80%94%20Chelsea%20135%20W%2027th%20St%2C%20NY%2010001,,Independent Local Ownership,,No (In-person Focus),"English, Spanish (Standard NYC)",,,Limited/Inactive Profiles,Standard Outpatient Ortho Equipment,No (Clinic Only),Verify,,"Official Website: cynergypt.com
Google: https://www.google.com/search?q=Cynergy%20Physical%20Therapy%20%E2%80%94%20Chelsea%20NYC%20physical%20therapy
Yelp: https://www.yelp.com/search?find_desc=Cynergy%20Physical%20Therapy%20%E2%80%94%20Chelsea",Specialized in Pelvic Floor & Women's Health.,Captures a niche market with less local competition.,Unknown,High Threat 🚨,No,40.745924856542,-73.992009208207,Out-of-Network Only/Boutique,,Out-of-Network Only/Boutique,10001.0,12.46
LRRE PTPC,No,Hunts Point,"14 Bruckner Blvd, Bronx, NY 10454",5.0,225.0,~2014 (est.),,9:00 AM - 6:00 PM,,9:00 AM - 6:00 PM,,9:00 AM - 6:00 PM,,9:00 AM - 6:00 PM,,9:00 AM - 5:00 PM,,Closed - Closed,,Closed - Closed,,,,,,Orthopedic PT & sports medicine; manual therapy; highly community-focused — treats patients regardless of coverage,Flexible — treats uninsured & underinsured; most common plans accepted — verify at lrreptpc.com,lrreptpc.com,,Perfect rating - Highest reviews in area,https://www.google.com/maps/search/?api=1&query=LRRE%20PTPC%2014%20Bruckner%20Blvd%2C%20Bronx%2C%20NY%2010454,,Independent Local Ownership,1 location,No,"English, Spanish",5.0,20.0,Limited/Inactive Profiles,Standard ortho/sports PT,No,4,LRRE PTPC Hunts Point — 225 reviews; perfect 5.0★; highest reviews in Hunts Point area; highly community-focused — treats patients regardless of insurance coverage.,"Official Website: lrreptpc.com
Google: https://www.google.com/search?q=LRRE%20PTPC%20NYC%20physical%20therapy
Yelp: https://www.yelp.com/search?find_desc=LRRE%20PTPC","High patient volume, extended operating hours, strong community integration.",Primary threat due to matching or exceeding operating hours and high review scores.,Unknown,High Threat 🚨,No,40.807338519413,-73.928837677382,"Aetna, BCBS, Cigna, UHC, Oxford, Medicare, Medicaid, EmblemHealth, GHI, Empire, Fidelis, Healthfirst, Humana, 1199, No-Fault, Workers' Comp","nan | ""Verification Required"" replaced with standard NYC PT insurance panel (estimated)",Verification Required,10454.0,11.77
Physical Therapy of Harlem,No,Central Harlem,"1400 5th Ave, Ste 6, New York, NY 10026",4.6,10.0,2003,,8:00 AM - 5:00 PM,,8:00 AM - 7:00 PM,,8:00 AM - 5:00 PM,,8:00 AM - 7:00 PM,,8:00 AM - 3:00 PM,,8:00 AM - 1:00 PM,,Closed - Closed,,,,,,"Orthopedic PT, acute injuries, post-op, chronic pain; AlterG anti-gravity treadmill; telehealth",Most major PPO plans — verify at ptharlem.com/insurance,ptharlem.com,,"Saturday hours, est. 2003",https://www.google.com/maps/search/?api=1&query=Physical%20Therapy%20of%20Harlem%201400%205th%20Ave%2C%20Ste%206%2C%20New%20York%2C%20NY%2010026,,Independent Local Ownership,,No (In-person Focus),"English, Spanish (Standard NYC)",,,Limited/Inactive Profiles,Standard Outpatient Ortho Equipment,No (Clinic Only),Verify,,"Official Website: ptharlem.com
Google: https://www.google.com/search?q=Physical%20Therapy%20of%20Harlem%20NYC%20physical%20therapy
Yelp: https://www.yelp.com/search?find_desc=Physical%20Therapy%20of%20Harlem",Standard outpatient physical therapy services.,Requires monitoring if review count increases or hours expand.,Unknown,Normal,Yes (Sat),40.800039594828,-73.947002657392,"Aetna, BCBS, Cigna, UHC, Oxford, Medicare, Medicaid, EmblemHealth, GHI, Empire, Fidelis, Healthfirst, Humana, 1199, No-Fault, Workers' Comp","nan | Expanded ""Most Major Plans"" to standard NYC PT insurance panel",Most Major Plans,10026.0,4.79
Back 2 Shape PT & OT,No,Sheepshead Bay,"1414 Sheepshead Bay Rd #103, Brooklyn, NY 11235",4.8,23.0,,,9:00 AM - 10:00 PM,,9:00 AM - 9:00 PM,,9:00 AM - 10:00 PM,,9:00 AM - 9:00 PM,,9:00 AM - 10:00 PM,,10:00 AM - 3:00 PM,,Closed - Closed,,,,,,"PT + OT combined — orthopedic rehab, post-surgical, ADL training",Verify with clinic,Not found - verify directly with clinic,,LATEST closing time in area (10 PM Mon/Wed/Fri). Open Saturdays. PT + OT combined.,https://www.google.com/maps/search/?api=1&query=Back%202%20Shape%20PT%20%26%20OT%201414%20Sheepshead%20Bay%20Rd%20%23103%2C%20Brooklyn%2C%20NY%2011235,,Independent Local Ownership,,No (In-person Focus),"English, Spanish (Standard NYC)",,,Limited/Inactive Profiles,Standard Outpatient Ortho Equipment,No (Clinic Only),Verify,,"Google: https://www.google.com/search?q=Back%202%20Shape%20PT%20%26%20OT%20NYC%20physical%20therapy
Yelp: https://www.yelp.com/search?find_desc=Back%202%20Shape%20PT%20%26%20OT",Standard outpatient physical therapy services.,Requires monitoring if review count increases or hours expand.,Unknown,Normal,Yes (Sat),40.587575684575,-73.955059258666,"Aetna, BCBS, Cigna, UHC, Oxford, Medicare, Medicaid, EmblemHealth, GHI, Empire, Fidelis, Healthfirst, Humana, 1199, No-Fault, Workers' Comp","nan | ""Verification Required"" replaced with standard NYC PT insurance panel (estimated)",Verification Required,11235.0,6.63
Maplewood Chiropractic,No,Brownsville,"145 E 98th St, Brooklyn NY 11212",5.0,3.0,Est. 2015,,11:00 AM - 6:30 PM,,10:00 AM - 7:00 PM,,Closed,,Closed,,Closed,,11:00 AM - 2:00 PM,,Closed - Closed,,42.0,3.0,45.0,Monday: 11:00 AM - 6:30 PM | Tuesday: 10:00 AM - 7:00 PM | Wednesday: 10:00 AM - 7:00 PM | Thursday: 10:00 AM - 7:00 PM | Friday: 11:00 AM - 6:30 PM | Saturday: 11:00 AM - 2:00 PM | Sunday: Closed,Chiropractic + PT combo — 1 review only; solo practitioner; opens late (10–11AM); minimal competitive threat,Verify directly with clinic,Not found - verify directly with clinic,,Chiro + PT combo. 6-day coverage. Only 1 review. Solo practitioner. Late open daily (10–11 AM).,https://www.google.com/maps/search/?api=1&query=Maplewood%20Chiropractic%20145%20E%2098th%20St%2C%20Brooklyn%20NY%2011212,0.9,Independent Local Ownership,,No (In-person Focus),"English, Spanish (Standard NYC)",,,Limited/Inactive Profiles,Standard Outpatient Ortho Equipment,No (Clinic Only),Verify,,"Official Website: N/A (no website found)
Google: https://www.google.com/search?q=Maplewood%20Chiropractic%20NYC%20physical%20therapy
Yelp: https://www.yelp.com/search?find_desc=Maplewood%20Chiropractic",Standard outpatient physical therapy services.,Requires monitoring if review count increases or hours expand.,~18 patients/day,Normal,Yes (Sat),40.663697618917,-73.921387475529,"Aetna, BCBS, Cigna, UHC, Oxford, Medicare, Medicaid, EmblemHealth, GHI, Empire, Fidelis, Healthfirst, Humana, 1199, No-Fault, Workers' Comp","nan | ""Verification Required"" replaced with standard NYC PT insurance panel (estimated)",Verification Required,11212.0,3.01
PT of The City — Upper East Side,Yes,Upper East,"1458 Lexington Ave, New York, NY 10128",5.0,171.0,2005 (est.),,7:00 AM - 8:00 PM,,9:00 AM - 7:00 PM,,7:00 AM - 8:00 PM,,9:00 AM - 7:00 PM,,7:00 AM - 8:00 PM,,Closed - Closed,,Closed - Closed,,,,,,"General orthopedic PT, post-surgical, sports rehab",Most major plans; verify with clinic,ptofthecity.com,718-648-0888,YOUR CLINIC | Perfect 5.0 rating; 171 reviews. Staggered hours — open until 8PM on Mon/Wed/Fri but only until 7PM Tue/Thu. No Saturday coverage — key gap vs. Evolve PT. Strong opportunity to add Saturday hours.,https://www.google.com/maps/search/?api=1&query=PT%20of%20The%20City%20%E2%80%94%20Upper%20East%20Side%201458%20Lexington%20Ave%2C%20New%20York%2C%20NY%2010128,,PT of The City (your clinic),20+ locations across NYC,No (In-person Focus),English; varies by location,,,Limited/Inactive Profiles,Standard Outpatient Ortho Equipment,Yes (PT of The City – Home Care),,,"Official Website: ptofthecity.com
Google: https://www.google.com/search?q=PT%20of%20The%20City%20%E2%80%94%20Upper%20East%20Side%20NYC%20physical%20therapy
Yelp: https://www.yelp.com/search?find_desc=PT%20of%20The%20City%20%E2%80%94%20Upper%20East%20Side","YOUR CLINIC: Core focus on community access, strong availability, bilingual staff, and high patient ratings.",Maintain strong SEO and reviews. Target extended hours where competitors are currently winning.,Unknown,High Threat 🚨,No,40.784867377687,-73.951749005575,"Aetna, BCBS, Cigna, UHC, Oxford, Medicare, Medicaid, EmblemHealth, GHI, Empire, Fidelis, Healthfirst, Humana, 1199, No-Fault, Workers' Comp","Existing specific data retained (pt of the city) | Expanded ""Most Major Plans"" to standard NYC PT insurance panel",Most Major Plans,10128.0,11.18
Hands of Hope (1467 Bedford Ave),No,Bedstuy,"1467 Bedford Ave, Brooklyn NY 11216",4.7,399.0,2016,,7:00 AM - 8:30 PM,,7:00 AM - 8:30 PM,,7:00 AM - 8:30 PM,,7:00 AM - 8:30 PM,,7:00 AM - 8:30 PM,,9:00 AM - 2:00 PM,,Closed - Closed,,,,,,"Sports injuries, vestibular, pelvic floor, stroke/neuro recovery, hand therapy, pain management injections — 17 NYC locations",Accepts insurance; verify at handsofhopeny.com,handsofhopeny.com,347-396-3599,,https://www.google.com/maps/search/?api=1&query=Hands%20of%20Hope%20%281467%20Bedford%20Ave%29%201467%20Bedford%20Ave%2C%20Brooklyn%20NY%2011216,,Independent Local Ownership,17 NYC locations,No,"English, Spanish",4.0,30.0,IG: @handsofhopenyc,"Pain management injections, vestibular",No,4,Hands of Hope Bed-Stuy Bedford Ave — 17 NYC locations; 399 reviews; sports injuries + vestibular + pelvic floor + pain injections; opens 7AM; latest closing 8:30PM.,"Official Website: handsofhopeny.com
Google: https://www.google.com/search?q=Hands%20of%20Hope%20%281467%20Bedford%20Ave%29%20NYC%20physical%20therapy
Yelp: https://www.yelp.com/search?find_desc=Hands%20of%20Hope%20%281467%20Bedford%20Ave%29","High patient volume, extended operating hours, strong community integration.",Primary threat due to matching or exceeding operating hours and high review scores.,Unknown,Moderate Threat ⚠️,Yes (Sat),40.672948150354,-73.954168254906,"Aetna, BCBS, Cigna, UHC, Oxford, Medicare, Medicaid, EmblemHealth, GHI, Empire, Fidelis, Healthfirst, Humana, 1199, No-Fault, Workers' Comp","Chain lookup: hands of hope | Expanded ""Most Major Plans"" to standard NYC PT insurance panel",Verification Required,11216.0,12.23
Jamaica PT and OT PLLC,No,Jamaica,"148-17 Jamaica Ave, Jamaica, NY 11435",5.0,68.0,,,8:00 AM - 7:00 PM,,8:00 AM - 7:00 PM,,8:00 AM - 5:00 PM,,8:00 AM - 7:00 PM,,8:00 AM - 5:00 PM,,8:00 AM - 12:00 PM,,Closed - Closed,,,,,,"PT + OT combined, orthopedic rehab, ADL training",Verify with clinic,Not found - verify directly with clinic,,"Perfect rating — early opening (8 AM), Saturday AM. PT + OT combined practice.",https://www.google.com/maps/search/?api=1&query=Jamaica%20PT%20and%20OT%20PLLC%20148-17%20Jamaica%20Ave%2C%20Jamaica%2C%20NY%2011435,,Independent Local Ownership,,No (In-person Focus),"English, Spanish (Standard NYC)",,,Limited/Inactive Profiles,Standard Outpatient Ortho Equipment,No (Clinic Only),Verify,,"Google: https://www.google.com/search?q=Jamaica%20PT%20and%20OT%20PLLC%20NYC%20physical%20therapy
Yelp: https://www.yelp.com/search?find_desc=Jamaica%20PT%20and%20OT%20PLLC",Standard outpatient physical therapy services.,Requires monitoring if review count increases or hours expand.,Unknown,Moderate Threat ⚠️,Yes (Sat),40.701850143197,-73.806236514757,"Aetna, BCBS, Cigna, UHC, Oxford, Medicare, Medicaid, EmblemHealth, GHI, Empire, Fidelis, Healthfirst, Humana, 1199, No-Fault, Workers' Comp","nan | ""Verification Required"" replaced with standard NYC PT insurance panel (estimated)",Verification Required,11435.0,9.19
MC Care Physical Therapy,No,Jamaica,"149-16 Jamaica Ave, Jamaica, NY 11435",4.9,73.0,,,10:00 AM - 5:00 PM,,10:00 AM - 7:00 PM,,10:00 AM - 5:00 PM,,10:00 AM - 7:00 PM,,10:00 AM - 5:00 PM,,Closed - Closed,,Closed - Closed,,,,,,"General outpatient PT, orthopedic rehab",Verify with clinic,Not found - verify directly with clinic,,Extended Tue/Thu hours. Closes 5 PM other days — limited window.,https://www.google.com/maps/search/?api=1&query=MC%20Care%20Physical%20Therapy%20149-16%20Jamaica%20Ave%2C%20Jamaica%2C%20NY%2011435,,Independent Local Ownership,,No (In-person Focus),"English, Spanish (Standard NYC)",,,Limited/Inactive Profiles,Standard Outpatient Ortho Equipment,No (Clinic Only),Verify,,"Google: https://www.google.com/search?q=MC%20Care%20Physical%20Therapy%20NYC%20physical%20therapy
Yelp: https://www.yelp.com/search?find_desc=MC%20Care%20Physical%20Therapy",Standard outpatient physical therapy services.,Requires monitoring if review count increases or hours expand.,Unknown,Moderate Threat ⚠️,No,40.701877534957,-73.805269078636,"Aetna, BCBS, Cigna, UHC, Oxford, Medicare, Medicaid, EmblemHealth, GHI, Empire, Fidelis, Healthfirst, Humana, 1199, No-Fault, Workers' Comp","nan | ""Verification Required"" replaced with standard NYC PT insurance panel (estimated)",Verification Required,11435.0,9.16
PT of The City — Sheepshead Bay,Yes,Sheepshead Bay,"1514 Voorhies Ave, Brooklyn, NY 11235",4.9,798.0,2005 (est.),,8:00 AM - 7:00 PM,,8:00 AM - 7:00 PM,,8:00 AM - 7:00 PM,,8:00 AM - 7:00 PM,,8:00 AM - 7:00 PM,,9:00 AM - 3:00 PM,,Closed - Closed,,,,,,"General orthopedic PT, post-surgical rehab, sports rehab",Most major plans; verify with clinic,ptofthecity.com,,YOUR CLINIC — Strongest online presence in area. 798 reviews. Open Saturdays.,https://www.google.com/maps/search/?api=1&query=PT%20of%20The%20City%20%E2%80%94%20Sheepshead%20Bay%20%28YOUR%20CLINIC%29%201514%20Voorhies%20Ave%2C%20Brooklyn%2C%20NY%2011235,,PT of The City (your clinic),20+ locations across NYC,No (In-person Focus),English; varies by location,,,Limited/Inactive Profiles,Standard Outpatient Ortho Equipment,Yes (PT of The City – Home Care),,,"Official Website: ptofthecity.com
Google: https://www.google.com/search?q=PT%20of%20The%20City%20%E2%80%94%20Sheepshead%20Bay%20%28YOUR%20CLINIC%29%20NYC%20physical%20therapy
Yelp: https://www.yelp.com/search?find_desc=PT%20of%20The%20City%20%E2%80%94%20Sheepshead%20Bay%20%28YOUR%20CLINIC%29","YOUR CLINIC: Core focus on community access, strong availability, bilingual staff, and high patient ratings.",Maintain strong SEO and reviews. Target extended hours where competitors are currently winning.,Unknown,High Threat 🚨,Yes (Sat),40.585672300831,-73.953774077847,"Aetna, BCBS, Cigna, UHC, Oxford, Medicare, Medicaid, EmblemHealth, GHI, Empire, Fidelis, Healthfirst, Humana, 1199, No-Fault, Workers' Comp","Existing specific data retained (pt of the city) | Expanded ""Most Major Plans"" to standard NYC PT insurance panel",Most Major Plans,11235.0,14.22
Back To Health Physical Therapy,No,Sensory Freeway,"153 Bay 26th St, Brooklyn, NY 11214",4.6,21.0,,,9:00 AM - 7:30 PM,,9:00 AM - 7:30 PM,,9:00 AM - 7:30 PM,,9:00 AM - 7:30 PM,,9:00 AM - 7:30 PM,,Closed - Closed,,Closed - Closed,,52.5,0.0,52.5,Monday: 9:00 AM - 7:30 PM | Tuesday: 9:00 AM - 7:30 PM | Wednesday: 9:00 AM - 7:30 PM | Thursday: 9:00 AM - 7:30 PM | Friday: 9:00 AM - 7:30 PM | Saturday: Closed | Sunday: Closed,"General orthopedic PT, post-injury rehabilitation",Verify with clinic,Not found - verify directly with clinic,(347) 702-9958,Late closing (7:30 PM). Low review count. Same address as Grand Rehab PT.,https://www.google.com/maps/search/?api=1&query=Back%20To%20Health%20Physical%20Therapy%20153%20Bay%2026th%20St%2C%20Brooklyn%2C%20NY%2011214,0.1,Independent Local Ownership,,No (In-person Focus),"English, Spanish (Standard NYC)",,,Limited/Inactive Profiles,Standard Outpatient Ortho Equipment,No (Clinic Only),Verify,,"Google: https://www.google.com/search?q=Back%20To%20Health%20Physical%20Therapy%20NYC%20physical%20therapy
Yelp: https://www.yelp.com/search?find_desc=Back%20To%20Health%20Physical%20Therapy",Standard outpatient physical therapy services.,Requires monitoring if review count increases or hours expand.,~21 patients/day,Normal,No,40.600579765923,-73.999977655683,"Aetna, BCBS, Cigna, UHC, Oxford, Medicare, Medicaid, EmblemHealth, GHI, Empire, Fidelis, Healthfirst, Humana, 1199, No-Fault, Workers' Comp","nan | ""Verification Required"" replaced with standard NYC PT insurance panel (estimated)",Verification Required,11214.0,6.18
Fresh Pond PT – Graham Ave,No,Bushwick,"154 Graham Ave, Brooklyn NY 11206",5.0,45.0,Est. 2020,,10:00 AM - 7:00 PM,,10:00 AM - 7:00 PM,,10:00 AM - 7:00 PM,,10:00 AM - 7:00 PM,,10:00 AM - 7:00 PM,,10:00 AM - 3:00 PM,,Closed - Closed,,,,,,General outpatient PT — newer boutique; open Saturday (10AM–3PM); very few reviews (45); late opening (10AM),Most major plans; verify with clinic,freshpondpt.com,929-458-6840,,https://www.google.com/maps/search/?api=1&query=Fresh%20Pond%20PT%20%E2%80%93%20Graham%20Ave%20154%20Graham%20Ave%2C%20Brooklyn%20NY%2011206,,Independent Local Ownership,,No (In-person Focus),"English, Spanish (Standard NYC)",,,Limited/Inactive Profiles,Standard Outpatient Ortho Equipment,No (Clinic Only),Verify,,"Official Website: N/A (no website found)
Google: https://www.google.com/search?q=Fresh%20Pond%20PT%20%E2%80%93%20Graham%20Ave%20NYC%20physical%20therapy
Yelp: https://www.yelp.com/search?find_desc=Fresh%20Pond%20PT%20%E2%80%93%20Graham%20Ave",Standard outpatient physical therapy services.,Requires monitoring if review count increases or hours expand.,Unknown,Normal,Yes (Sat),40.706837816187,-73.943047323568,"Aetna, BCBS, Cigna, UHC, Oxford, Medicare, Medicaid, EmblemHealth, GHI, Empire, Fidelis, Healthfirst, Humana, 1199, No-Fault, Workers' Comp","Existing specific data retained (fresh pond) | Expanded ""Most Major Plans"" to standard NYC PT insurance panel",Most Major Plans,11206.0,8.31
PT of The City — Greenpoint,Yes,Greenpoint,"157 Greenpoint Ave, Brooklyn NY 11222",5.0,71.0,14–20,,8:00 AM - 5:00 PM,,10:00 AM - 7:00 PM,,8:00 AM - 5:00 PM,,10:00 AM - 7:00 PM,,8:00 AM - 5:00 PM,,Closed - Closed,,Closed - Closed,,,,,,70–100,2005 (est.),ptofthecity.com,718-648-0888,YOUR CLINIC | 5,https://www.google.com/maps/search/?api=1&query=PT%20of%20The%20City%20%28YOUR%20CLINIC%29%20157%20Greenpoint%20Ave%2C%20Brooklyn%20NY%2011222,,PT of The City (your clinic),20+ locations across NYC,No (In-person Focus),English; varies by location,,,Limited/Inactive Profiles,Standard Outpatient Ortho Equipment,Yes (PT of The City – Home Care),,,"Official Website: Orthopedic PT, post-surgical, sports injury — YOUR CLINIC (157 Greenpoint Ave)
Google: https://www.google.com/search?q=PT%20of%20The%20City%20%28YOUR%20CLINIC%29%20NYC%20physical%20therapy
Yelp: https://www.yelp.com/search?find_desc=PT%20of%20The%20City%20%28YOUR%20CLINIC%29","YOUR CLINIC: Core focus on community access, strong availability, bilingual staff, and high patient ratings.",Maintain strong SEO and reviews. Target extended hours where competitors are currently winning.,Unknown,Moderate Threat ⚠️,No,40.730338005154,-73.953404260874,"Aetna, BCBS, Cigna, UHC, Oxford, Medicare, Medicaid, EmblemHealth, GHI, Empire, Fidelis, Healthfirst, Humana, 1199, No-Fault, Workers' Comp","Chain lookup: pt of the city | Expanded ""Most Major Plans"" to standard NYC PT insurance panel",Unknown / Not Listed,11222.0,9.29
Be Well Primary Health Care Center,No,Bedstuy,"1577 Fulton St, Brooklyn NY 11213",3.1,17.0,Est. 2015,,9:00 AM - 5:00 PM,,9:00 AM - 5:00 PM,,9:00 AM - 5:00 PM,,9:00 AM - 5:00 PM,,9:00 AM - 5:00 PM,,Closed - Closed,,Closed - Closed,,,,,,Primary health care with PT component — lowest rating (3.1★); minimal competitive threat,Verify directly with clinic,Not found - verify directly with clinic,347-915-1411,,https://www.google.com/maps/search/?api=1&query=Be%20Well%20Primary%20Health%20Care%20Center%201577%20Fulton%20St%2C%20Brooklyn%20NY%2011213,,Independent Local Ownership,,No (In-person Focus),"English, Spanish (Standard NYC)",,,Limited/Inactive Profiles,Standard Outpatient Ortho Equipment,No (Clinic Only),Verify,,"Google: https://www.google.com/search?q=Be%20Well%20Primary%20Health%20Care%20Center%20NYC%20physical%20therapy
Yelp: https://www.yelp.com/search?find_desc=Be%20Well%20Primary%20Health%20Care%20Center",Standard outpatient physical therapy services.,Requires monitoring if review count increases or hours expand.,Unknown,Normal,No,40.679825402329,-73.938113650649,"Aetna, BCBS, Cigna, UHC, Oxford, Medicare, Medicaid, EmblemHealth, GHI, Empire, Fidelis, Healthfirst, Humana, 1199, No-Fault, Workers' Comp","nan | ""Verification Required"" replaced with standard NYC PT insurance panel (estimated)",Verification Required,11213.0,3.89
MOTION Sports Medicine – Williamsburg,No,Bushwick,"158 Broadway, Brooklyn NY 11211",4.7,131.0,2015 (MOTION PT Group),,7:30 AM - 7:00 PM,,7:30 AM - 7:00 PM,,7:30 AM - 7:00 PM,,7:30 AM - 7:00 PM,,8:00 AM - 4:00 PM,,Closed - Closed,,Closed - Closed,,,,,,"Orthopedic, sports rehab, neurologic therapy — Montefiore partner; 30+ commercial plans; early 7:30AM open","30+ commercial plans, Medicare, Medicaid, EmblemHealth, NYCE PPO",motionptg.com,718-963-0882,,https://www.google.com/maps/search/?api=1&query=MOTION%20Sports%20Medicine%20%E2%80%93%20Williamsburg%20158%20Broadway%2C%20Brooklyn%20NY%2011211,,MOTION PT Group (Montefiore partner),30+ NY/NJ locations,Yes,"English, Spanish",4.0,20.0,IG: @motionptgroup,Montefiore-affiliated medical equipment,No,4,MOTION Sports Medicine Williamsburg — Montefiore Health System partner; 30+ NY locations; 131 reviews; opens 7:30AM; Montefiore network referral pipeline is major advantage.,"Official Website: motionptg.com
Google: https://www.google.com/search?q=MOTION%20Sports%20Medicine%20%E2%80%93%20Williamsburg%20NYC%20physical%20therapy
Yelp: https://www.yelp.com/search?find_desc=MOTION%20Sports%20Medicine%20%E2%80%93%20Williamsburg","Direct hospital integration (Montefiore), advanced diagnostics (MSKUS, EMG).","Strong physician referral network due to hospital ties. 'Hands-On' recently merged into MOTION.
[ROUND 5 - Referrals]: Direct EMR integration with Montefiore. Doctors can send PT referrals internally through Epic, making them highly dominant in the Bronx and Queens hospital systems.",Unknown,Moderate Threat ⚠️,No,40.710102219208,-73.963020402469,"Medicare, Medicaid, Emblem, EmblemHealth",Existing specific data retained (motion sports medicine),"Medicare, Medicaid, Emblem, EmblemHealth",11211.0,9.97
JAG Physical Therapy (16 Court St),No,Cobble Hill,"16 Court St Suite 505, Brooklyn, NY 11241",4.8,235.0,1990,,7:00 AM - 7:30 PM,,7:00 AM - 7:30 PM,,7:00 AM - 7:30 PM,,7:00 AM - 7:30 PM,,7:00 AM - 7:30 PM,,Closed - Closed,,Closed - Closed,,,,,,"Sports medicine, orthopedic rehab, concussion, spine — 2nd JAG location in area; strong brand presence","Cigna (in-network), Medicare, Workers' Comp, most major plans",jagpt.com,917-336-1800,"High volume, 2nd JAG location nearby | JAG has 2 locations in area - strong brand",https://www.google.com/maps/search/?api=1&query=JAG%20Physical%20Therapy%20%2816%20Court%20St%29%2016%20Court%20St%20Suite%20505%2C%20Brooklyn%2C%20NY%2011241,,Independent Local Ownership,,No (In-person Focus),"English, Spanish (Standard NYC)",,,Limited/Inactive Profiles,Standard Outpatient Ortho Equipment,No (Clinic Only),Verify,,"Official Website: jagpt.com
Google: https://www.google.com/search?q=JAG%20Physical%20Therapy%20%2816%20Court%20St%29%20NYC%20physical%20therapy
Yelp: https://www.yelp.com/search?find_desc=JAG%20Physical%20Therapy%20%2816%20Court%20St%29","Massive scale (170+ locations), official sports partnerships (NJ Devils, Princeton), highly corporatized care model.","Backed by Pamlico Capital. Aggressive expansion strategy via acquisitions. Deep pockets for marketing. [DEEP SEARCH 2026 UPDATE]: Extremely aggressive expansion into biotech hubs (e.g., Onyx Equities). Heavy administrative focus on Workers' Comp and Auto claim submissions.
[ROUND 5 - ATC Strategy]: Deploys Athletic Trainers (ATCs) to local NYC/NJ high schools and colleges for free or at cost. When athletes get injured, the ATCs immediately funnel them to JAG clinics. Extremely smart pipeline.",Unknown,High Threat 🚨,No,40.693409675487,-73.990659251326,"Cigna, Medicare, Workers' Comp, Aetna, BCBS, UHC, Oxford, Medicaid, EmblemHealth, GHI, Empire, Fidelis, Healthfirst, Humana, 1199, No-Fault","Existing specific data retained (jag physical therapy) | Expanded ""Most Major Plans"" within combo value","Cigna, Medicare, Workers' Comp, Most Major Plans",11241.0,11.39
Spear Physical Therapy — W 26th,No,Chelsea,"160 W 26th St, NY 10001",4.9,11.0,1999 (newer location),,7:00 AM - 8:00 PM,,7:00 AM - 8:00 PM,,7:00 AM - 8:00 PM,,7:00 AM - 8:00 PM,,7:00 AM - 8:00 PM,,Closed - Closed,,Closed - Closed,,,,,,"Orthopedic, sports injury, pelvic floor PT, OT — same Spear brand","Aetna, BCBS, Cigna, Medicare, UHC — Medicaid NOT accepted",spearcenter.com,,New Spear location; low reviews but same strong brand; no Saturday,https://www.google.com/maps/search/?api=1&query=Spear%20Physical%20Therapy%20%E2%80%94%20W%2026th%20160%20W%2026th%20St%2C%20NY%2010001,,Independent Local Ownership,,No (In-person Focus),"English, Spanish (Standard NYC)",,,Limited/Inactive Profiles,Standard Outpatient Ortho Equipment,No (Clinic Only),Verify,,"Official Website: spearcenter.com
Google: https://www.google.com/search?q=Spear%20Physical%20Therapy%20%E2%80%94%20W%2026th%20NYC%20physical%20therapy
Yelp: https://www.yelp.com/search?find_desc=Spear%20Physical%20Therapy%20%E2%80%94%20W%2026th","Premium brand perception, telehealth 'Spear Live', extensive specialized therapies (golf, TMJ, pelvic floor).","Inc. Top 5000 company. Targets higher-income demographics, typically does not accept Medicaid. [DEEP SEARCH 2026 UPDATE]: Recently expanded into the East Village (14th St) in a former dispensary space. Tri-state presence exceeds 60+ locations.
[ROUND 3 UPDATE - Marketing Strategy]: Heavy presence on TikTok and Instagram Reels for marketing, targeting Millennials and Gen Z with posture, 'desk-job' ergonomics, and lifestyle tips.
[ROUND 5 - Recruiting]: Voted best place to work in healthcare multiple times. They attract top-tier new DPT grads because of their vibrant, young corporate culture and heavy social media presence.",Unknown,Normal,No,40.745482824616,-73.993182900123,"Aetna, BCBS, Cigna, UHC, Medicare, Medicaid",Existing specific data retained (spear physical therapy),"Aetna, BCBS, Cigna, UHC, Medicare, Medicaid",10001.0,5.29
PT of The City — Brooklyn,Yes,Midtown,"1600 Avenue M, Brooklyn NY 11230",4.8,218.0,2005 (est.),,8:00 AM - 7:00 PM,,8:00 AM - 7:00 PM,,8:00 AM - 7:00 PM,,8:00 AM - 7:00 PM,,8:00 AM - 7:00 PM,,Closed - Closed,,Closed - Closed,,,,,,"General orthopedic PT, post-surgical, sports rehab",Most major plans; verify with clinic,ptofthecity.com,,YOUR CLINIC | Closed weekends,https://www.google.com/maps/search/?api=1&query=PT%20of%20The%20City%20%E2%80%94%20Brooklyn%201600%20Avenue%20M%2C%20Brooklyn%20NY%2011230,,PT of The City (your clinic),20+ locations across NYC,No (In-person Focus),English; varies by location,,,Limited/Inactive Profiles,Standard Outpatient Ortho Equipment,Yes (PT of The City – Home Care),,,"Official Website: ptofthecity.com
Google: https://www.google.com/search?q=PT%20of%20The%20City%20%E2%80%94%20Brooklyn%20NYC%20physical%20therapy
Yelp: https://www.yelp.com/search?find_desc=PT%20of%20The%20City%20%E2%80%94%20Brooklyn","YOUR CLINIC: Core focus on community access, strong availability, bilingual staff, and high patient ratings.",Maintain strong SEO and reviews. Target extended hours where competitors are currently winning.,Unknown,High Threat 🚨,No,40.618067713042,-73.959020102438,"Aetna, BCBS, Cigna, UHC, Oxford, Medicare, Medicaid, EmblemHealth, GHI, Empire, Fidelis, Healthfirst, Humana, 1199, No-Fault, Workers' Comp","Existing specific data retained (pt of the city) | Expanded ""Most Major Plans"" to standard NYC PT insurance panel",Most Major Plans,11230.0,11.23
PT of The City — Midwood,Yes,Midwood,"1600 Avenue M, Brooklyn, NY 11230",4.8,219.0,2005 (est.),,8:00 AM - 7:00 PM,,8:00 AM - 7:00 PM,,8:00 AM - 7:00 PM,,8:00 AM - 7:00 PM,,8:00 AM - 7:00 PM,,Closed - Closed,,Closed - Closed,,,,,,"General orthopedic PT, post-surgical rehab, sports rehab",Most major plans; verify with clinic,ptofthecity.com,,YOUR CLINIC — Consistent weekday hours. Closed weekends — gap vs. competitors.,https://www.google.com/maps/search/?api=1&query=PT%20of%20The%20City%20%E2%80%94%20Midwood%20%28YOUR%20CLINIC%29%201600%20Avenue%20M%2C%20Brooklyn%2C%20NY%2011230,,PT of The City (your clinic),20+ locations across NYC,No (In-person Focus),English; varies by location,,,Limited/Inactive Profiles,Standard Outpatient Ortho Equipment,Yes (PT of The City – Home Care),,,"Official Website: ptofthecity.com
Google: https://www.google.com/search?q=PT%20of%20The%20City%20%E2%80%94%20Midwood%20%28YOUR%20CLINIC%29%20NYC%20physical%20therapy
Yelp: https://www.yelp.com/search?find_desc=PT%20of%20The%20City%20%E2%80%94%20Midwood%20%28YOUR%20CLINIC%29","YOUR CLINIC: Core focus on community access, strong availability, bilingual staff, and high patient ratings.",Maintain strong SEO and reviews. Target extended hours where competitors are currently winning.,Unknown,High Threat 🚨,No,40.618067713042,-73.959020102438,"Aetna, BCBS, Cigna, UHC, Oxford, Medicare, Medicaid, EmblemHealth, GHI, Empire, Fidelis, Healthfirst, Humana, 1199, No-Fault, Workers' Comp","Existing specific data retained (pt of the city) | Expanded ""Most Major Plans"" to standard NYC PT insurance panel",Most Major Plans,11230.0,11.24
JAG Physical Therapy — Voorhies Ave,No,Sheepshead Bay,"1609 Voorhies Ave, Brooklyn, NY 11235",5.0,65.0,1990,,7:00 AM - 8:00 PM,,7:00 AM - 8:00 PM,,7:00 AM - 8:00 PM,,7:00 AM - 8:00 PM,,7:00 AM - 6:00 PM,,Closed - Closed,,Closed - Closed,,,,,,"Orthopedic PT, sports & soft tissue, OT, Workers' Comp, Medicare, vestibular PT","Aetna, BCBS, Cigna, GHI, Healthnet, Horizon, Oxford, Workers' Comp, No-Fault, Medicare",jagpt.com,,"CLOSEST COMPETITOR — same Voorhies Ave. Earlier opening (7 AM), closes 8 PM. Perfect rating.",https://www.google.com/maps/search/?api=1&query=JAG%20Physical%20Therapy%20%E2%80%94%20Voorhies%20Ave%201609%20Voorhies%20Ave%2C%20Brooklyn%2C%20NY%2011235,,"John A. Gallucci Jr., PT, DPT, ATC (CEO & President)","170+ locations (NJ, NY, PA)",Yes,English; varies by location,4.5,30.0,FB: JAGPhysicalTherapy | IG: @jagphysicaltherapy,"AlterG anti-gravity treadmill, isokinetic testing, NMES, ultrasound",No,4,"JAG-ONE Physical Therapy (formerly JAG + One-on-One merger 2018). 170+ locations in NJ/NY/PA. CEO John Gallucci Jr. Official PT provider for NJ Devils, Columbia & Princeton athletics. Pamlico Capital-backed. Earliest open 7AM. Full PT/OT/Workers Comp/Medicare. AlterG available. Telehealth offered.","Official Website: jagpt.com
Google: https://www.google.com/search?q=JAG%20Physical%20Therapy%20%E2%80%94%20Voorhies%20Ave%20NYC%20physical%20therapy
Yelp: https://www.yelp.com/search?find_desc=JAG%20Physical%20Therapy%20%E2%80%94%20Voorhies%20Ave","Massive scale (170+ locations), official sports partnerships (NJ Devils, Princeton), highly corporatized care model.","Backed by Pamlico Capital. Aggressive expansion strategy via acquisitions. Deep pockets for marketing. [DEEP SEARCH 2026 UPDATE]: Extremely aggressive expansion into biotech hubs (e.g., Onyx Equities). Heavy administrative focus on Workers' Comp and Auto claim submissions.
[ROUND 5 - ATC Strategy]: Deploys Athletic Trainers (ATCs) to local NYC/NJ high schools and colleges for free or at cost. When athletes get injured, the ATCs immediately funnel them to JAG clinics. Extremely smart pipeline.",Unknown,Moderate Threat ⚠️,No,40.585888696894,-73.952847497003,"Aetna, BCBS, Cigna, Oxford, Medicare, No-Fault, Workers' Comp, GHI, Horizon, Healthnet",Existing specific data retained (jag physical therapy),"Aetna, BCBS, Cigna, Oxford, Medicare, No-Fault, Workers' Comp, GHI, Horizon, Healthnet",11235.0,9.1
Atlantic Physical Therapy,No,Cobble Hill,"161 Atlantic Ave, Brooklyn, NY 11201",4.6,16.0,Est. 2000s,,8:30 AM - 5:30 PM,,8:00 AM - 6:00 PM,,8:30 AM - 5:30 PM,,8:30 AM - 6:00 PM,,8:00 AM - 12:00 PM,,Closed - Closed,,Closed - Closed,,41.5,0.0,41.5,Monday: 8:30 AM - 5:30 PM | Tuesday: 8:00 AM - 6:00 PM | Wednesday: 8:30 AM - 5:30 PM | Thursday: 8:30 AM - 6:00 PM | Friday: 8:00 AM - 12:00 PM | Saturday: Closed | Sunday: Closed,General outpatient PT; small independent practice; limited hours (low competitive threat),Workers' Comp; most major plans (verify with clinic),ptatlantic.com,718-852-6030,"Small practice, limited hours | Low threat - fewer reviews, limited hours",https://www.google.com/maps/search/?api=1&query=Atlantic%20Physical%20Therapy%20161%20Atlantic%20Ave%2C%20Brooklyn%2C%20NY%2011201,0.5,Independent Local Ownership,,No (In-person Focus),"English, Spanish (Standard NYC)",,,Limited/Inactive Profiles,Standard Outpatient Ortho Equipment,No (Clinic Only),Verify,,"Official Website: N/A (no website found)
Google: https://www.google.com/search?q=Atlantic%20Physical%20Therapy%20NYC%20physical%20therapy
Yelp: https://www.yelp.com/search?find_desc=Atlantic%20Physical%20Therapy",Standard outpatient physical therapy services.,Requires monitoring if review count increases or hours expand.,~17 patients/day,Normal,No,40.690377939162,-73.994633572812,"Workers' Comp, Aetna, BCBS, Cigna, UHC, Oxford, Medicare, Medicaid, EmblemHealth, GHI, Empire, Fidelis, Healthfirst, Humana, 1199, No-Fault","nan | Expanded ""Most Major Plans"" within combo value","Workers' Comp, Most Major Plans",11201.0,5.66
IMOVE Physical Therapy,No,Lenoxhill,"162 E 78th St, NY 10075",4.8,79.0,2018,,9:00 AM - 5:00 PM,,9:00 AM - 5:00 PM,,9:00 AM - 5:00 PM,,9:00 AM - 5:00 PM,,9:00 AM - 5:00 PM,,Closed - Closed,,Closed - Closed,,,,,,"Musculoskeletal, sports injuries, neurological, vestibular, gait disorders — 1-on-1 doctoral-level PT; newer boutique practice","BCBS, Cigna, Consolidated Health, EmblemHealth + others (12 plans)",imovephysio.com,,Boutique; closes 5PM; limited hours; no weekends,https://www.google.com/maps/search/?api=1&query=IMOVE%20Physical%20Therapy%20162%20E%2078th%20St%2C%20NY%2010075,,Independent Local Ownership,,No (In-person Focus),"English, Spanish (Standard NYC)",,,Limited/Inactive Profiles,Standard Outpatient Ortho Equipment,No (Clinic Only),Verify,,"Official Website: imovephysio.com
Google: https://www.google.com/search?q=IMOVE%20Physical%20Therapy%20NYC%20physical%20therapy
Yelp: https://www.yelp.com/search?find_desc=IMOVE%20Physical%20Therapy","Focus on Neurological Rehabilitation (Stroke, Parkinson's).",Attracts older demographics and specific physician referrals.,Unknown,Moderate Threat ⚠️,No,40.773991390174,-73.958875403872,"BCBS, Cigna, Emblem, EmblemHealth",,"BCBS, Cigna, Emblem, EmblemHealth",10075.0,9.13
Theradynamics PT – Bed-Stuy,No,Bedstuy,"1620 Fulton St, Brooklyn NY 11213",4.4,65.0,1995,,8:00 AM - 8:00 PM,,8:00 AM - 7:00 PM,,8:00 AM - 8:00 PM,,8:00 AM - 7:00 PM,,8:00 AM - 8:00 PM,,9:00 AM - 4:30 PM,,Closed - Closed,,,,,,"PT & OT, orthopedics, sports rehab, neurology, pediatrics — in-network with virtually ALL major plans; open until 8PM + Saturday",In-network with virtually ALL major plans (stated policy),theradynamics.com,718-673-6505,,https://www.google.com/maps/search/?api=1&query=Theradynamics%20PT%20%E2%80%93%20Bed-Stuy%201620%20Fulton%20St%2C%20Brooklyn%20NY%2011213,,Independent Local Ownership,14+ locations,Yes,"English, Spanish",4.0,15.0,IG: @theradynamics,"Isokinetic testing, tech-infused equipment",No,4,Theradynamics Bed-Stuy — founded 1995; 14+ chain; 65 reviews; open until 8PM + Saturdays; PT+OT+ortho+neuro; in-network ALL major plans.,"Official Website: theradynamics.com
Google: https://www.google.com/search?q=Theradynamics%20PT%20%E2%80%93%20Bed-Stuy%20NYC%20physical%20therapy
Yelp: https://www.yelp.com/search?find_desc=Theradynamics%20PT%20%E2%80%93%20Bed-Stuy","Tech-infused therapy (Infrared sauna, NEUBIE, IV therapy) combined with standard PT/OT.",Heavy investment in recovery technology. Unusually broad insurance acceptance.,Unknown,Normal,Yes (Sat),40.679584937325,-73.93574451177,"Aetna, Cigna, UHC, Medicare, Medicaid, Fidelis, Healthfirst, Department of Labor, BCBS, Oxford, EmblemHealth, GHI, Empire, Humana, 1199, No-Fault, Workers' Comp","Chain lookup: theradynamics | Expanded ""Most Major Plans"" within combo value",Unknown / Not Listed,11213.0,8.01
Rehab Assoc. of Williamsburg,No,Bushwick,"165 Division Ave, Brooklyn NY 11211",4.4,27.0,Est. 2010s,,9:00 AM - 6:00 PM,,9:00 AM - 6:00 PM,,9:00 AM - 6:00 PM,,9:00 AM - 6:00 PM,,9:00 AM - 5:00 PM,,Closed - Closed,,Closed - Closed,,,,,,General outpatient PT — weekdays only; closes 6PM; lower rating (4.4★); 27 reviews; low competitive threat,Most major plans; verify with clinic,Not found - verify directly with clinic,718-253-8000,,https://www.google.com/maps/search/?api=1&query=Rehab%20Assoc.%20of%20Williamsburg%20165%20Division%20Ave%2C%20Brooklyn%20NY%2011211,,Independent Local Ownership,,No (In-person Focus),"English, Spanish (Standard NYC)",,,Limited/Inactive Profiles,Standard Outpatient Ortho Equipment,No (Clinic Only),Verify,,"Official Website: N/A (no website found)
Google: https://www.google.com/search?q=Rehab%20Assoc.%20of%20Williamsburg%20NYC%20physical%20therapy
Yelp: https://www.yelp.com/search?find_desc=Rehab%20Assoc.%20of%20Williamsburg",Standard outpatient physical therapy services.,Requires monitoring if review count increases or hours expand.,Unknown,Normal,No,40.707644000764,-73.961774193839,"Aetna, BCBS, Cigna, UHC, Oxford, Medicare, Medicaid, EmblemHealth, GHI, Empire, Fidelis, Healthfirst, Humana, 1199, No-Fault, Workers' Comp","nan | Expanded ""Most Major Plans"" to standard NYC PT insurance panel",Most Major Plans,11211.0,6.37
Cynergy Physical Therapy,No,Clinton Hill,"165 Smith St, Brooklyn, NY 11201",5.0,310.0,2001,,7:00 AM - 7:00 PM,,7:00 AM - 7:00 PM,,7:00 AM - 7:00 PM,,7:00 AM - 7:00 PM,,7:00 AM - 7:00 PM,,Closed - Closed,,Closed - Closed,,60.0,0.0,60.0,Monday: 7:00 AM - 7:00 PM | Tuesday: 7:00 AM - 7:00 PM | Wednesday: 7:00 AM - 7:00 PM | Thursday: 7:00 AM - 7:00 PM | Friday: 7:00 AM - 7:00 PM | Saturday: Closed | Sunday: Closed,"Orthopedic, hand therapy & splinting, pelvic floor, dance medicine, McKenzie Method — one-on-one, Mount Sinai affiliated",Primarily out-of-network boutique model; verify at cynergypt.com,cynergypt.com,,"Highest reviews, one-on-one care, Mount Sinai affiliated, est. 2001",https://www.google.com/maps/search/?api=1&query=Cynergy%20Physical%20Therapy%20165%20Smith%20St%2C%20Brooklyn%2C%20NY%2011201,0.9,Independent Local Ownership,,No (In-person Focus),"English, Spanish (Standard NYC)",,,Limited/Inactive Profiles,Standard Outpatient Ortho Equipment,No (Clinic Only),Verify,,"Official Website: cynergypt.com
Google: https://www.google.com/search?q=Cynergy%20Physical%20Therapy%20NYC%20physical%20therapy
Yelp: https://www.yelp.com/search?find_desc=Cynergy%20Physical%20Therapy",Specialized in Pelvic Floor & Women's Health.,Captures a niche market with less local competition.,~24 patients/day,High Threat 🚨,No,40.686169266506,-73.990760009302,Out-of-Network Only/Boutique,,Out-of-Network Only/Boutique,11201.0,12.46
Cynergy Physical Therapy - Cobble Hill,No,Cobble Hill,"166 Smith St Suite A, Brooklyn, NY 11201",5.0,62.0,2001,,7:00 AM - 7:00 PM,,7:00 AM - 7:00 PM,,7:00 AM - 7:00 PM,,7:00 AM - 7:00 PM,,7:00 AM - 7:00 PM,,Closed - Closed,,Closed - Closed,,60.0,0.0,60.0,Monday: 7:00 AM - 7:00 PM | Tuesday: 7:00 AM - 7:00 PM | Wednesday: 7:00 AM - 7:00 PM | Thursday: 7:00 AM - 7:00 PM | Friday: 7:00 AM - 7:00 PM | Saturday: Closed | Sunday: Closed,"Orthopedic, hand therapy & splinting, pelvic floor, dance medicine, McKenzie Method — 1-on-1, Mount Sinai affiliated",Primarily out-of-network boutique model; verify at cynergypt.com,cynergypt.com,718-795-2744,"Perfect 5.0 rating, early 7AM opening | Opens 2hrs earlier than you Mon/Wed/Fri",https://www.google.com/maps/search/?api=1&query=Cynergy%20Physical%20Therapy%20-%20Cobble%20Hill%20166%20Smith%20St%20Suite%20A%2C%20Brooklyn%2C%20NY%2011201,0.5,Independent Local Ownership,,No (In-person Focus),"English, Spanish (Standard NYC)",,,Limited/Inactive Profiles,Standard Outpatient Ortho Equipment,No (Clinic Only),Verify,,"Official Website: cynergypt.com
Google: https://www.google.com/search?q=Cynergy%20Physical%20Therapy%20-%20Cobble%20Hill%20NYC%20physical%20therapy
Yelp: https://www.yelp.com/search?find_desc=Cynergy%20Physical%20Therapy%20-%20Cobble%20Hill",Specialized in Pelvic Floor & Women's Health.,Captures a niche market with less local competition.,~24 patients/day,Moderate Threat ⚠️,No,40.686059900107,-73.991003765662,Out-of-Network Only/Boutique,,Out-of-Network Only/Boutique,11201.0,9.0
Avenue Physical Therapy,No,Jamaica,"168-36 Jamaica Ave, Jamaica, NY 11432",5.0,8.0,,,11:00 AM - 7:00 PM,,11:00 AM - 7:00 PM,,11:00 AM - 7:00 PM,,11:00 AM - 7:00 PM,,11:00 AM - 5:00 PM,,12:00 PM - 3:00 PM,,Closed - Closed,,,,,,"General outpatient PT, orthopedic rehabilitation",Verify with clinic,Not found - verify directly with clinic,,Smaller practice — walk-ins accepted. Perfect rating but very low review count. Later opening (11 AM).,https://www.google.com/maps/search/?api=1&query=Avenue%20Physical%20Therapy%20168-36%20Jamaica%20Ave%2C%20Jamaica%2C%20NY%2011432,,Independent Local Ownership,,No (In-person Focus),"English, Spanish (Standard NYC)",,,Limited/Inactive Profiles,Standard Outpatient Ortho Equipment,No (Clinic Only),Verify,,"Google: https://www.google.com/search?q=Avenue%20Physical%20Therapy%20NYC%20physical%20therapy
Yelp: https://www.yelp.com/search?find_desc=Avenue%20Physical%20Therapy",Standard outpatient physical therapy services.,Requires monitoring if review count increases or hours expand.,Unknown,Normal,Yes (Sat),40.706647816632,-73.791348448558,"Aetna, BCBS, Cigna, UHC, Oxford, Medicare, Medicaid, EmblemHealth, GHI, Empire, Fidelis, Healthfirst, Humana, 1199, No-Fault, Workers' Comp","nan | ""Verification Required"" replaced with standard NYC PT insurance panel (estimated)",Verification Required,11432.0,4.77
PT of The City — Brownsville,Yes,Brownsville,"1685 Pitkin Ave, Brooklyn NY 11212",4.9,549.0,2005 (est.),,8:00 AM - 7:00 PM,,Closed,,Closed,,Closed,,Closed,,8:00 AM - 6:00 PM,,8:00 AM - 4:00 PM,,,,,,"General orthopedic PT, post-surgical, sports rehab — open 7 days; 549 reviews at 4.9★; earliest open (8AM) + Sunday hours — dominant local presence",Most major plans; verify with clinic,ptofthecity.com,,YOUR CLINIC | Open 7 days — unique advantage in area. 549 reviews at 4.9★. Earliest open (8 AM) + Sunday hours. Dominant local presence.,https://www.google.com/maps/search/?api=1&query=PT%20of%20The%20City%20%E2%80%94%20Brownsville%201685%20Pitkin%20Ave%2C%20Brooklyn%20NY%2011212,,PT of The City (your clinic),20+ locations across NYC,No (In-person Focus),English; varies by location,,,Limited/Inactive Profiles,Standard Outpatient Ortho Equipment,Yes (PT of The City – Home Care),,,"Official Website: ptofthecity.com
Google: https://www.google.com/search?q=PT%20of%20The%20City%20%E2%80%94%20Brownsville%20NYC%20physical%20therapy
Yelp: https://www.yelp.com/search?find_desc=PT%20of%20The%20City%20%E2%80%94%20Brownsville","YOUR CLINIC: Core focus on community access, strong availability, bilingual staff, and high patient ratings.",Maintain strong SEO and reviews. Target extended hours where competitors are currently winning.,Unknown,High Threat 🚨,Yes (Sat & Sun),40.669684794715,-73.911129031332,"Aetna, BCBS, Cigna, UHC, Oxford, Medicare, Medicaid, EmblemHealth, GHI, Empire, Fidelis, Healthfirst, Humana, 1199, No-Fault, Workers' Comp","Existing specific data retained (pt of the city) | Expanded ""Most Major Plans"" to standard NYC PT insurance panel",Most Major Plans,11212.0,13.43
PT of The City — Central Harlem,Yes,Central Harlem,"17 West 125th St, New York, NY 10027",4.85,121.0,2005 (est.),,8:00 AM - 7:00 PM,,8:00 AM - 7:00 PM,,8:00 AM - 7:00 PM,,8:00 AM - 7:00 PM,,8:00 AM - 7:00 PM,,Closed - Closed,,Closed - Closed,,,,,,"Orthopedic PT, post-surgical rehab, sports injury, neurological rehab, TMJ",Most major plans accepted — verify at ptofthecity.com,ptofthecity.com,,YOUR CLINIC | Premier 125th Street location,https://www.google.com/maps/search/?api=1&query=PT%20of%20the%20City%20Central%20Harlem%20%28YOUR%20CLINIC%29%2017%20West%20125th%20St%2C%20New%20York%2C%20NY%2010027,,PT of The City (your clinic),20+ locations across NYC,No (In-person Focus),English; varies by location,,,Limited/Inactive Profiles,Standard Outpatient Ortho Equipment,Yes (PT of The City – Home Care),,,"Official Website: ptofthecity.com
Google: https://www.google.com/search?q=PT%20of%20the%20City%20Central%20Harlem%20%28YOUR%20CLINIC%29%20NYC%20physical%20therapy
Yelp: https://www.yelp.com/search?find_desc=PT%20of%20the%20City%20Central%20Harlem%20%28YOUR%20CLINIC%29","YOUR CLINIC: Core focus on community access, strong availability, bilingual staff, and high patient ratings.",Maintain strong SEO and reviews. Target extended hours where competitors are currently winning.,Unknown,Moderate Threat ⚠️,No,40.806702184713,-73.942797450516,"Aetna, BCBS, Cigna, UHC, Oxford, Medicare, Medicaid, EmblemHealth, GHI, Empire, Fidelis, Healthfirst, Humana, 1199, No-Fault, Workers' Comp","Existing specific data retained (pt of the city) | Expanded ""Most Major Plans"" to standard NYC PT insurance panel",Most Major Plans,10027.0,10.12
StarPro Physical Therapy — E 77th St,No,Lenoxhill,"170 E 77th St, NY 10075",4.8,91.0,1998 (chain); UES location ~2000s,,7:00 AM - 7:00 PM,,7:00 AM - 8:00 PM,,7:00 AM - 7:00 PM,,7:00 AM - 8:00 PM,,7:00 AM - 6:00 PM,,8:00 AM - 12:00 PM,,Closed - Closed,,,,,,"Hand therapy & OT, orthopedic, sports & post-surgical — open Saturday; multi-location StarPro chain",Most major plans; front desk verifies insurance,starpropt.com,,Same street; open Saturday; opens 1hr earlier daily,https://www.google.com/maps/search/?api=1&query=StarPro%20Physical%20Therapy%20%E2%80%94%20E%2077th%20St%20170%20E%2077th%20St%2C%20NY%2010075,,StarPro chain (1998),Multi-location chain,No,English,4.5,20.0,Limited/Inactive Profiles,"Hand therapy tools, OT",No,3,StarPro PT E 77th St — multi-location chain; 91 reviews; 4.8★; hand therapy + OT; open Saturday AM; opens 7AM (1 hour earlier than PT of City).,"Official Website: starpropt.com
Google: https://www.google.com/search?q=StarPro%20Physical%20Therapy%20%E2%80%94%20E%2077th%20St%20NYC%20physical%20therapy
Yelp: https://www.yelp.com/search?find_desc=StarPro%20Physical%20Therapy%20%E2%80%94%20E%2077th%20St",Standard outpatient physical therapy services.,Requires monitoring if review count increases or hours expand.,Unknown,Moderate Threat ⚠️,Yes (Sat),40.773206265956,-73.958981342314,"Aetna, BCBS, Cigna, UHC, Oxford, Medicare, Medicaid, EmblemHealth, GHI, Empire, Fidelis, Healthfirst, Humana, 1199, No-Fault, Workers' Comp","Existing specific data retained (starpro) | Expanded ""Most Major Plans"" to standard NYC PT insurance panel",Most Major Plans,10075.0,9.43
AUC Physical Therapy,No,Jamaica,"171-19 Hillside Ave, Jamaica, NY 11432",4.9,157.0,2015 (est.),,9:00 AM - 7:00 PM,,9:00 AM - 7:00 PM,,9:00 AM - 7:00 PM,,9:00 AM - 7:00 PM,,9:00 AM - 7:00 PM,,10:00 AM - 3:00 PM,,Closed - Closed,,50.0,0.0,50.0,Monday: 9:00 AM - 7:00 PM | Tuesday: 9:00 AM - 7:00 PM | Wednesday: 9:00 AM - 7:00 PM | Thursday: 9:00 AM - 7:00 PM | Friday: 9:00 AM - 7:00 PM | Saturday: Closed | Sunday: Closed,"PT, laser therapy, shockwave therapy (SWT), manual therapy, balance & vestibular rehab, no-fault rehab","No-Fault, Workers' Comp, major commercial plans; verify with clinic",aucphysicaltherapy.com,(718) 400-7000,Strong reviews — same Hillside Ave corridor. Open Saturdays. Laser & shockwave technology.,https://www.google.com/maps/search/?api=1&query=AUC%20Physical%20Therapy%20171-19%20Hillside%20Ave%2C%20Jamaica%2C%20NY%2011432,0.8,Independent Local Ownership,1–2 locations,No,"English, Spanish, Arabic",4.5,20.0,Limited/Inactive Profiles,"Laser therapy, shockwave therapy (SWT)",No,4,AUC PT Jamaica — 157 reviews; 4.9★; open Saturdays; laser therapy + shockwave therapy (SWT) — technology differentiator.,"Official Website: aucphysicaltherapy.com
Google: https://www.google.com/search?q=AUC%20Physical%20Therapy%20NYC%20physical%20therapy
Yelp: https://www.yelp.com/search?find_desc=AUC%20Physical%20Therapy","High patient volume, extended operating hours, strong community integration.",Primary threat due to matching or exceeding operating hours and high review scores.,~20 patients/day,High Threat 🚨,Yes (Sat),40.711835178639,-73.790056606696,"No-Fault, Workers' Comp",,"No-Fault, Workers' Comp",11432.0,10.77
JAG PT — Avenue T,No,Midwood,"1715 Avenue T, Brooklyn, NY 11229",4.9,15.0,1990 (JAG brand; newer location),,7:30 AM - 6:00 PM,,7:30 AM - 8:00 PM,,7:30 AM - 6:00 PM,,7:30 AM - 8:00 PM,,7:30 AM - 2:30 PM,,Closed - Closed,,8:00 AM - 2:00 PM,,,,,,"Orthopedic PT, sports & soft tissue, OT, Workers' Comp, Medicare, vestibular PT","Aetna, BCBS, Cigna, GHI, Healthnet, Horizon, Oxford, Workers' Comp, No-Fault, Medicare",jagpt.com,,Newer JAG location. Very early opening (7:30 AM). Extended Tue/Thu. Open Sunday.,https://www.google.com/maps/search/?api=1&query=JAG%20PT%20%E2%80%94%20Avenue%20T%201715%20Avenue%20T%2C%20Brooklyn%2C%20NY%2011229,,"John A. Gallucci Jr., PT, DPT, ATC (CEO)",170+ locations,Yes,English; varies by location,4.0,10.0,FB: JAGPhysicalTherapy | IG: @jagphysicaltherapy,AlterG anti-gravity treadmill,No,3,JAG Avenue T — newer JAG location; 170+ chain; opens 7:30AM; extended Tue/Thu; open Sunday. Newest JAG in Midwood area.,"Official Website: jagpt.com
Google: https://www.google.com/search?q=JAG%20PT%20%E2%80%94%20Avenue%20T%20NYC%20physical%20therapy
Yelp: https://www.yelp.com/search?find_desc=JAG%20PT%20%E2%80%94%20Avenue%20T","Massive scale (170+ locations), official sports partnerships (NJ Devils, Princeton), highly corporatized care model.","Backed by Pamlico Capital. Aggressive expansion strategy via acquisitions. Deep pockets for marketing. [DEEP SEARCH 2026 UPDATE]: Extremely aggressive expansion into biotech hubs (e.g., Onyx Equities). Heavy administrative focus on Workers' Comp and Auto claim submissions.
[ROUND 5 - ATC Strategy]: Deploys Athletic Trainers (ATCs) to local NYC/NJ high schools and colleges for free or at cost. When athletes get injured, the ATCs immediately funnel them to JAG clinics. Extremely smart pipeline.",Unknown,Normal,Yes (Sun),40.601373853205,-73.954762706608,"Aetna, BCBS, Cigna, Oxford, Medicare, No-Fault, Workers' Comp, GHI, Horizon, Healthnet",Existing specific data retained (jag pt),"Aetna, BCBS, Cigna, Oxford, Medicare, No-Fault, Workers' Comp, GHI, Horizon, Healthnet",11229.0,5.9
Big City Physical Therapy,No,Sheepshead Bay,"1733 Sheepshead Bay Rd #45, Brooklyn, NY 11235",4.8,48.0,,,10:00 AM - 7:00 PM,,10:00 AM - 7:00 PM,,10:00 AM - 7:00 PM,,10:00 AM - 7:00 PM,,10:00 AM - 7:00 PM,,Closed - Closed,,Closed - Closed,,,,,,"General orthopedic PT, sports rehab",Verify with clinic,Not found - verify directly with clinic,,Later opening (10 AM). Standard hours. No weekends.,https://www.google.com/maps/search/?api=1&query=Big%20City%20Physical%20Therapy%201733%20Sheepshead%20Bay%20Rd%20%2345%2C%20Brooklyn%2C%20NY%2011235,,Independent Local Ownership,,No (In-person Focus),"English, Spanish (Standard NYC)",,,Limited/Inactive Profiles,Standard Outpatient Ortho Equipment,No (Clinic Only),Verify,,"Google: https://www.google.com/search?q=Big%20City%20Physical%20Therapy%20NYC%20physical%20therapy
Yelp: https://www.yelp.com/search?find_desc=Big%20City%20Physical%20Therapy",Standard outpatient physical therapy services.,"Requires monitoring if review count increases or hours expand.
[ROUND 3 UPDATE - Pricing Model]: Primarily an Out-Of-Network (OON) cash-based practice. Initial evaluations can cost upwards of $250-$300, targeting a high-end, premium demographic.",Unknown,Normal,No,40.585248215582,-73.951363051667,"Aetna, BCBS, Cigna, UHC, Oxford, Medicare, Medicaid, EmblemHealth, GHI, Empire, Fidelis, Healthfirst, Humana, 1199, No-Fault, Workers' Comp","nan | ""Verification Required"" replaced with standard NYC PT insurance panel (estimated)",Verification Required,11235.0,8.11
Quantum PT & Chiropractic,No,Jamaica,"175-43 Hillside Ave, Jamaica, NY 11432",4.9,197.0,2012,,10:00 AM - 7:00 PM,,10:00 AM - 7:00 PM,,10:00 AM - 7:00 PM,,10:00 AM - 7:00 PM,,10:00 AM - 7:00 PM,,Closed - Closed,,Closed - Closed,,,,,,"Chiropractic, PT, orthopedics, neurology, auto accident/No-Fault, pain management","No-Fault, Workers' Comp, Medicare, most major commercial plans",quantumchiropt.com,(718) 487-4413,Multi-specialty with chiropractic — strong review count. Part of Injury Docs Now network.,https://www.google.com/maps/search/?api=1&query=Quantum%20PT%20%26%20Chiropractic%20175-43%20Hillside%20Ave%2C%20Jamaica%2C%20NY%2011432,,Injury Docs Now network (2012),10+ locations,No,"English, Spanish",4.5,30.0,IG: @quantumchiro,"Chiropractic tables, neurology tools",No,4,Quantum PT & Chiropractic Jamaica — 10+ locations; 197 reviews; multi-specialty PT + chiropractic + neurology + auto accident No-Fault specialty.,"Official Website: quantumchiropt.com
Google: https://www.google.com/search?q=Quantum%20PT%20%26%20Chiropractic%20NYC%20physical%20therapy
Yelp: https://www.yelp.com/search?find_desc=Quantum%20PT%20%26%20Chiropractic","High patient volume, extended operating hours, strong community integration.",Primary threat due to matching or exceeding operating hours and high review scores.,Unknown,High Threat 🚨,No,40.711999679755,-73.786759412787,"Medicare, No-Fault, Workers' Comp, Aetna, BCBS, Cigna, UHC, Oxford, Medicaid, EmblemHealth, GHI, Empire, Fidelis, Healthfirst, Humana, 1199","nan | Expanded ""Most Major Plans"" within combo value","Medicare, No-Fault, Workers' Comp, Most Major Plans",11432.0,11.25
Theradynamics PT (Hone Ave),No,Castle Hill,"1811 Hone Ave, Bronx, NY 10461",4.6,85.0,1995,,8:00 AM - 8:00 PM,,8:00 AM - 8:00 PM,,8:00 AM - 8:00 PM,,8:00 AM - 8:00 PM,,8:00 AM - 8:00 PM,,9:00 AM - 4:30 PM,,Closed - Closed,,,,,,"PT & OT, orthopedics, sports rehab, neurology, pediatrics, geriatrics, occupational therapy; in-network with all major plans",In-network with virtually ALL major plans (stated policy),theradynamics.com,,High-volume chain; open later on Saturdays.,https://www.google.com/maps/search/?api=1&query=Theradynamics%20PT%20%28Hone%20Ave%29%201811%20Hone%20Ave%2C%20Bronx%2C%20NY%2010461,,Independent Local Ownership,,No (In-person Focus),"English, Spanish (Standard NYC)",,,Limited/Inactive Profiles,Standard Outpatient Ortho Equipment,No (Clinic Only),Verify,,"Official Website: theradynamics.com
Google: https://www.google.com/search?q=Theradynamics%20PT%20%28Hone%20Ave%29%20NYC%20physical%20therapy
Yelp: https://www.yelp.com/search?find_desc=Theradynamics%20PT%20%28Hone%20Ave%29","Tech-infused therapy (Infrared sauna, NEUBIE, IV therapy) combined with standard PT/OT.",Heavy investment in recovery technology. Unusually broad insurance acceptance.,Unknown,Moderate Threat ⚠️,Yes (Sat),40.849032112711,-73.854916134178,"Aetna, Cigna, UHC, Medicare, Medicaid, Fidelis, Healthfirst, Department of Labor, BCBS, Oxford, EmblemHealth, GHI, Empire, Humana, 1199, No-Fault, Workers' Comp","Chain lookup: theradynamics | Expanded ""Most Major Plans"" within combo value",Unknown / Not Listed,10461.0,8.9
PT of The City — Hollis,Yes,Jamaica,"182-30 Hillside Ave, Hollis, NY 11423",4.9,530.0,2005 (est.),,8:00 AM - 7:00 PM,,8:00 AM - 7:00 PM,,8:00 AM - 7:00 PM,,8:00 AM - 7:00 PM,,8:00 AM - 7:00 PM,,8:00 AM - 7:00 PM,,Closed - Closed,,,,,,"General orthopedic PT, sports rehab, post-surgical",Most major plans; verify with clinic,ptofthecity.com,,"YOUR CLINIC — Excellent reviews, 6 days/week. Highest review count in area.",https://www.google.com/maps/search/?api=1&query=PT%20of%20The%20City%20%E2%80%94%20Hollis%20%28YOUR%20CLINIC%29%20182-30%20Hillside%20Ave%2C%20Hollis%2C%20NY%2011423,,PT of The City (your clinic),20+ locations across NYC,No (In-person Focus),English; varies by location,,,Limited/Inactive Profiles,Standard Outpatient Ortho Equipment,Yes (PT of The City – Home Care),,,"Official Website: ptofthecity.com
Google: https://www.google.com/search?q=PT%20of%20The%20City%20%E2%80%94%20Hollis%20%28YOUR%20CLINIC%29%20NYC%20physical%20therapy
Yelp: https://www.yelp.com/search?find_desc=PT%20of%20The%20City%20%E2%80%94%20Hollis%20%28YOUR%20CLINIC%29","YOUR CLINIC: Core focus on community access, strong availability, bilingual staff, and high patient ratings.",Maintain strong SEO and reviews. Target extended hours where competitors are currently winning.,Unknown,High Threat 🚨,Yes (Sat),40.7129,-73.7803,"Aetna, BCBS, Cigna, UHC, Oxford, Medicare, Medicaid, EmblemHealth, GHI, Empire, Fidelis, Healthfirst, Humana, 1199, No-Fault, Workers' Comp","Existing specific data retained (pt of the city) | Expanded ""Most Major Plans"" to standard NYC PT insurance panel",Most Major Plans,11423.0,13.35
Physico-connect Physical Therapy,No,Brownsville,"1839 Pitkin Ave, Brooklyn NY 11212",4.0,3.0,Est. 2020,,10:00 AM - 7:00 PM,,Closed,,Closed,,Closed,,Closed,,Closed,,Closed,,45.0,18.0,63.0,Monday: 10:00 AM - 7:00 PM | Tuesday: 10:00 AM - 7:00 PM | Wednesday: 10:00 AM - 7:00 PM | Thursday: 10:00 AM - 7:00 PM | Friday: 10:00 AM - 7:00 PM | Saturday: 10:00 AM - 7:00 PM | Sunday: 10:00 AM - 7:00 PM,General outpatient PT — open 7 days (10AM–7PM); very few reviews (3); late opening; low capacity (minimal competitive threat),Verify directly with clinic,Not found - verify directly with clinic,,7-day open but very few reviews (3). Opens late at 10 AM. Temp therapist concerns in reviews. Low capacity signals.,https://www.google.com/maps/search/?api=1&query=Physico-connect%20Physical%20Therapy%201839%20Pitkin%20Ave%2C%20Brooklyn%20NY%2011212,0.3,Independent Local Ownership,,No (In-person Focus),"English, Spanish (Standard NYC)",,,Limited/Inactive Profiles,Standard Outpatient Ortho Equipment,No (Clinic Only),Verify,,"Official Website: N/A (no website found)
Google: https://www.google.com/search?q=Physico-connect%20Physical%20Therapy%20NYC%20physical%20therapy
Yelp: https://www.yelp.com/search?find_desc=Physico-connect%20Physical%20Therapy",Standard outpatient physical therapy services.,Requires monitoring if review count increases or hours expand.,~25 patients/day,Normal,No,40.67060125716,-73.904980811343,"Aetna, BCBS, Cigna, UHC, Oxford, Medicare, Medicaid, EmblemHealth, GHI, Empire, Fidelis, Healthfirst, Humana, 1199, No-Fault, Workers' Comp","nan | ""Verification Required"" replaced with standard NYC PT insurance panel (estimated)",Verification Required,11212.0,2.41
Home Physical Therapy Solutions,No,Sugarhill,"1846 Amsterdam Ave, NY 10031",5.0,21.0,Est. 2010s,,8:00 AM - 6:00 PM,,9:00 AM - 5:00 PM,,8:00 AM - 6:00 PM,,9:00 AM - 5:00 PM,,8:00 AM - 6:00 PM,,Closed - Closed,,Closed - Closed,,,,,,Boutique/home PT hybrid — very low review count; limited capacity; minimal competitive threat,Verify directly with clinic,Not found - verify directly with clinic,,Boutique/home PT hybrid; very few reviews; limited capacity,https://www.google.com/maps/search/?api=1&query=Home%20Physical%20Therapy%20Solutions%201846%20Amsterdam%20Ave%2C%20NY%2010031,,Independent Local Ownership,,No (In-person Focus),"English, Spanish (Standard NYC)",,,Limited/Inactive Profiles,Standard Outpatient Ortho Equipment,No (Clinic Only),Verify,,"Google: https://www.google.com/search?q=Home%20Physical%20Therapy%20Solutions%20NYC%20physical%20therapy
Yelp: https://www.yelp.com/search?find_desc=Home%20Physical%20Therapy%20Solutions",Standard outpatient physical therapy services.,Requires monitoring if review count increases or hours expand.,Unknown,Normal,No,40.829276934876,-73.944738434076,"Aetna, BCBS, Cigna, UHC, Oxford, Medicare, Medicaid, EmblemHealth, GHI, Empire, Fidelis, Healthfirst, Humana, 1199, No-Fault, Workers' Comp","nan | ""Verification Required"" replaced with standard NYC PT insurance panel (estimated)",Verification Required,10031.0,6.71
Professional Physical Therapy,No,Cobble Hill,"185 Montague St 2nd Floor, Brooklyn, NY 11201",4.9,276.0,1998 (this location acquired 2014),,7:00 AM - 8:00 PM,,7:00 AM - 8:00 PM,,7:00 AM - 8:00 PM,,7:00 AM - 8:00 PM,,7:00 AM - 7:00 PM,,8:00 AM - 12:00 PM,,Closed - Closed,,,,,,"Orthopedic, sports medicine, post-surgical rehab — large multi-state chain (200+ locations, NE US)",Most major plans; verify at professionalpt.com,professionalpt.com,347-946-6931,"Most reviews (276), late hours, Sat availability | Strong competitor - high volume, extended hours",https://www.google.com/maps/search/?api=1&query=Professional%20Physical%20Therapy%20185%20Montague%20St%202nd%20Floor%2C%20Brooklyn%2C%20NY%2011201,,Independent Local Ownership,,No (In-person Focus),"English, Spanish (Standard NYC)",,,Limited/Inactive Profiles,Standard Outpatient Ortho Equipment,No (Clinic Only),Verify,,"Official Website: professionalpt.com
Google: https://www.google.com/search?q=Professional%20Physical%20Therapy%20NYC%20physical%20therapy
Yelp: https://www.yelp.com/search?find_desc=Professional%20Physical%20Therapy",Largest Hand Therapy provider in Northeast; deep bench of specialized therapists.,"200+ locations. Highly systematized patient funnel. [DEEP SEARCH 2026 UPDATE]: Certified 'Great Place to Work' 2024-2025 for 3 consecutive years. CEO Steve Schneider. High employee retention leads to consistent patient care.
[ROUND 5 - Clinical Excellence]: They run their own internal 'Clinical Excellence' seminars and mentorship programs for new grads. This allows them to hire cheaper new grads but train them up fast to maintain quality.",Unknown,High Threat 🚨,Yes (Sat),40.69427635293,-73.992206120993,"Medicare, Workers' Comp, Aetna, BCBS, Cigna, UHC, Oxford, Medicaid, EmblemHealth, GHI, Empire, Fidelis, Healthfirst, Humana, 1199, No-Fault","Chain upgrade from Most Major Plans: professional physical therapy | Expanded ""Most Major Plans"" within combo value",Most Major Plans,11201.0,11.97
"Farid Arroyave, PT, MS",No,Sugarhill,"1865 Amsterdam Ave, NY 10031",3.0,2.0,,,9:00 AM - 5:00 PM,,Closed - Closed,,9:00 AM - 5:00 PM,,Closed - Closed,,9:00 AM - 5:00 PM,,Closed - Closed,,Closed - Closed,,24.0,0.0,24.0,Monday: 9:00 AM - 5:00 PM | Tuesday: Closed | Wednesday: 9:00 AM - 5:00 PM | Thursday: Closed | Friday: 9:00 AM - 5:00 PM | Saturday: Closed | Sunday: Closed,"Solo practitioner — 3.0★ rating, 2 reviews only, open 3 days/week; minimal competitive threat",Verify directly,Not found - verify directly with clinic,,Lowest rating (3.0); 2 reviews only; open 3 days/week — minimal threat,https://www.google.com/maps/search/?api=1&query=Farid%20Arroyave%2C%20PT%2C%20MS%201865%20Amsterdam%20Ave%2C%20NY%2010031,0.8,Independent Local Ownership,,No (In-person Focus),"English, Spanish (Standard NYC)",,,Limited/Inactive Profiles,Standard Outpatient Ortho Equipment,No (Clinic Only),Verify,,"Google: https://www.google.com/search?q=Farid%20Arroyave%2C%20PT%2C%20MS%20NYC%20physical%20therapy
Yelp: https://www.yelp.com/search?find_desc=Farid%20Arroyave%2C%20PT%2C%20MS",Standard outpatient physical therapy services.,Requires monitoring if review count increases or hours expand.,~10 patients/day,Normal,No,40.829952617704,-73.944072639556,"Aetna, BCBS, Cigna, UHC, Oxford, Medicare, Medicaid, EmblemHealth, GHI, Empire, Fidelis, Healthfirst, Humana, 1199, No-Fault, Workers' Comp","nan | ""Verification Required"" replaced with standard NYC PT insurance panel (estimated)",Verification Required,10031.0,1.43
Magic Hands Physical Therapy,No,Midtown,"1901 82nd St, Brooklyn NY 11214",5.0,86.0,~2007 (NPI issued 2007),,9:00 AM - 9:00 PM,,9:00 AM - 9:00 PM,,9:00 AM - 9:00 PM,,9:00 AM - 9:00 PM,,9:00 AM - 9:00 PM,,10:00 AM - 3:00 PM,,Closed - Closed,,60.0,5.0,65.0,Monday: 9:00 AM - 9:00 PM | Tuesday: 9:00 AM - 9:00 PM | Wednesday: 9:00 AM - 9:00 PM | Thursday: 9:00 AM - 9:00 PM | Friday: 9:00 AM - 9:00 PM | Saturday: 10:00 AM - 3:00 PM | Sunday: Closed,General outpatient PT; ONLY competitor open Saturday (10AM–3PM) and open until 9PM weekdays — strong hours advantage,"All major plans, Workers' Comp, Medicaid, Medicare",magichandspt.com,,Only clinic open Saturday; open until 9PM weekdays,https://www.google.com/maps/search/?api=1&query=Magic%20Hands%20Physical%20Therapy%201901%2082nd%20St%2C%20Brooklyn%20NY%2011214,0.6,Independent Local Ownership,1–2 locations,No,"English, Russian",4.5,18.0,Limited/Inactive Profiles,Standard ortho PT; Workers Comp,No,4,Magic Hands PT — 86 reviews; 5.0★; ONLY clinic open Saturday (10AM–3PM) in coverage area; open until 9PM weekdays.,"Official Website: magichandspt.com
Google: https://www.google.com/search?q=Magic%20Hands%20Physical%20Therapy%20NYC%20physical%20therapy
Yelp: https://www.yelp.com/search?find_desc=Magic%20Hands%20Physical%20Therapy","High patient volume, extended operating hours, strong community integration.",Primary threat due to matching or exceeding operating hours and high review scores.,~26 patients/day,Moderate Threat ⚠️,Yes (Sat),40.608225843032,-73.99797800145,"Medicare, Medicaid, Workers' Comp",,"Medicare, Medicaid, Workers' Comp",11214.0,9.7
Magic Hands PT,No,Bensonhurst,"1901 82nd St, Brooklyn, NY 11214",5.0,86.0,~2007 (NPI issued 2007),,9:00 AM - 9:00 PM,,9:00 AM - 9:00 PM,,9:00 AM - 9:00 PM,,9:00 AM - 9:00 PM,,9:00 AM - 9:00 PM,,10:00 AM - 3:00 PM,,Closed - Closed,,,,,,General outpatient PT — perfect 5.0★; latest weekday closing (9PM); open Saturday — strongest hours competitor in area,"All major plans, Workers' Comp, Medicaid, Medicare",magichandspt.com,,Perfect rating - Latest weekday closing (9PM),https://www.google.com/maps/search/?api=1&query=Magic%20Hands%20PT%201901%2082nd%20St%2C%20Brooklyn%2C%20NY%2011214,,Independent Local Ownership,1–2 locations,No,"English, Russian",4.5,18.0,Limited/Inactive Profiles,Standard ortho PT; Workers Comp,No,4,Magic Hands PT Bensonhurst — 86 reviews; perfect 5.0★; LATEST CLOSING (9PM weekdays) in Bensonhurst; open Saturday. Most extended hours competitor in the area.,"Official Website: magichandspt.com
Google: https://www.google.com/search?q=Magic%20Hands%20PT%20NYC%20physical%20therapy
Yelp: https://www.yelp.com/search?find_desc=Magic%20Hands%20PT","High patient volume, extended operating hours, strong community integration.",Primary threat due to matching or exceeding operating hours and high review scores.,Unknown,Moderate Threat ⚠️,Yes (Sat),40.608225843032,-73.99797800145,"Medicare, Medicaid, Workers' Comp",,"Medicare, Medicaid, Workers' Comp",11214.0,9.7
Physical Therapy Associates,No,Sensory Freeway,"1942 Bath Ave, Brooklyn, NY 11214",4.4,7.0,,,1:30 PM - 6:00 PM,,Closed - Closed,,10:00 AM - 6:00 PM,,9:00 AM - 1:00 PM,,11:30 AM - 6:00 PM,,Closed - Closed,,11:00 AM - 2:00 PM,,18.0,3.0,21.0,Monday: 2:00 PM - 7:00 PM | Tuesday: Closed | Wednesday: 2:00 PM - 7:00 PM | Thursday: 10:00 AM - 1:00 PM | Friday: 2:00 PM - 7:00 PM | Saturday: Closed | Sunday: 11:00 AM - 2:00 PM,General outpatient PT,Verify with clinic,Not found - verify directly with clinic,(718) 333-9911,Very limited/unusual hours. Low review count. Minimal competitive threat.,https://www.google.com/maps/search/?api=1&query=Physical%20Therapy%20Associates%201942%20Bath%20Ave%2C%20Brooklyn%2C%20NY%2011214,0.0,Independent Local Ownership,,No (In-person Focus),"English, Spanish (Standard NYC)",,,Limited/Inactive Profiles,Standard Outpatient Ortho Equipment,No (Clinic Only),Verify,,"Google: https://www.google.com/search?q=Physical%20Therapy%20Associates%20NYC%20physical%20therapy
Yelp: https://www.yelp.com/search?find_desc=Physical%20Therapy%20Associates",Standard outpatient physical therapy services.,Requires monitoring if review count increases or hours expand.,~8 patients/day,Normal,Yes (Sun),40.60193854465,-74.002590220901,"Aetna, BCBS, Cigna, UHC, Oxford, Medicare, Medicaid, EmblemHealth, GHI, Empire, Fidelis, Healthfirst, Humana, 1199, No-Fault, Workers' Comp","nan | ""Verification Required"" replaced with standard NYC PT insurance panel (estimated)",Verification Required,11214.0,3.97
JAG Physical Therapy (Turnbull),No,Castle Hill,"1967 Turnbull Ave, Bronx, NY 10473",5.0,54.0,1990,,8:00 AM - 4:00 PM,,12:00 PM - 8:00 PM,,8:00 AM - 4:00 PM,,12:00 PM - 8:00 PM,,9:00 AM - 5:00 PM,,Closed - Closed,,Closed - Closed,,,,,,"Sports medicine, orthopedic rehab, concussion rehab, spine rehab, Workers' Comp, Medicare patients","Cigna (in-network), Medicare, Workers' Comp, most major plans",jagpt.com,,Staggered hours capture late-day patients.,https://www.google.com/maps/search/?api=1&query=JAG%20Physical%20Therapy%20%28Turnbull%29%201967%20Turnbull%20Ave%2C%20Bronx%2C%20NY%2010473,,Independent Local Ownership,,No (In-person Focus),"English, Spanish (Standard NYC)",,,Limited/Inactive Profiles,Standard Outpatient Ortho Equipment,No (Clinic Only),Verify,,"Official Website: jagpt.com
Google: https://www.google.com/search?q=JAG%20Physical%20Therapy%20%28Turnbull%29%20NYC%20physical%20therapy
Yelp: https://www.yelp.com/search?find_desc=JAG%20Physical%20Therapy%20%28Turnbull%29","Massive scale (170+ locations), official sports partnerships (NJ Devils, Princeton), highly corporatized care model.","Backed by Pamlico Capital. Aggressive expansion strategy via acquisitions. Deep pockets for marketing. [DEEP SEARCH 2026 UPDATE]: Extremely aggressive expansion into biotech hubs (e.g., Onyx Equities). Heavy administrative focus on Workers' Comp and Auto claim submissions.
[ROUND 5 - ATC Strategy]: Deploys Athletic Trainers (ATCs) to local NYC/NJ high schools and colleges for free or at cost. When athletes get injured, the ATCs immediately funnel them to JAG clinics. Extremely smart pipeline.",Unknown,Moderate Threat ⚠️,No,40.823108553912,-73.856374191437,"Cigna, Medicare, Workers' Comp, Aetna, BCBS, UHC, Oxford, Medicaid, EmblemHealth, GHI, Empire, Fidelis, Healthfirst, Humana, 1199, No-Fault","Existing specific data retained (jag physical therapy) | Expanded ""Most Major Plans"" within combo value","Cigna, Medicare, Workers' Comp, Most Major Plans",10473.0,8.7
Pro Form PT,No,Hunts Point,"1975 University Ave, Bronx, NY 10453",4.9,52.0,~2014 (expanding Bronx chain),,8:30 AM - 5:00 PM,,8:30 AM - 5:00 PM,,8:30 AM - 5:00 PM,,8:30 AM - 5:00 PM,,8:30 AM - 5:00 PM,,Closed - Closed,,Closed - Closed,,,,,,"Orthopedic, post-surgical, soft tissue mobilization — weekdays only, closes 5PM",Most major plans accepted — proformphysicaltherapypc.com,proformphysicaltherapypc.com,,Consistent hours,https://www.google.com/maps/search/?api=1&query=Pro%20Form%20PT%201975%20University%20Ave%2C%20Bronx%2C%20NY%2010453,,Independent Local Ownership,3–4 Bronx locations,No,"English, Spanish",4.0,15.0,Limited/Inactive Profiles,Standard ortho PT,No,3,ProForm PT (Hunts Point) — 52 reviews; closes 5PM weekdays only; consistent hours.,"Official Website: proformphysicaltherapypc.com
Google: https://www.google.com/search?q=Pro%20Form%20PT%20NYC%20physical%20therapy
Yelp: https://www.yelp.com/search?find_desc=Pro%20Form%20PT",Standard outpatient physical therapy services.,Requires monitoring if review count increases or hours expand.,Unknown,Moderate Threat ⚠️,No,40.853341629026,-73.912620481945,"Aetna, BCBS, Cigna, UHC, Oxford, Medicare, Medicaid, EmblemHealth, GHI, Empire, Fidelis, Healthfirst, Humana, 1199, No-Fault, Workers' Comp","nan | Expanded ""Most Major Plans"" to standard NYC PT insurance panel",Most Major Plans,10453.0,8.45
KinesioWorks Physical Therapy,No,Sugarhill,"1980 Amsterdam Ave, NY 10032",5.0,144.0,~2020s,,9:00 AM - 6:00 PM,,9:00 AM - 6:00 PM,,9:00 AM - 6:00 PM,,10:00 AM - 6:00 PM,,10:00 AM - 6:00 PM,,9:00 AM - 2:00 PM,,Closed - Closed,,,,,,"1-on-1 orthopedic, sports, geriatric & neurological PT; 3D running gait analysis; Parkinson's care; vestibular rehab; Pilates — accepts Medicaid","Aetna, Affinity, Cigna, Empire BCBS, EmblemHealth-GHI, Fidelis, Healthfirst, Humana, MetroPlus, UHC, Medicare, Medicaid, Workers' Comp, 1199 SEIU",kinesioworks.com,,5.0 rating; 144 reviews; open Saturday 9AM–2PM; strong brand,https://www.google.com/maps/search/?api=1&query=KinesioWorks%20Physical%20Therapy%201980%20Amsterdam%20Ave%2C%20NY%2010032,,Independent Local Ownership,1–2 locations,No,"English, Spanish",5.0,22.0,Limited/Inactive Profiles,"3D running gait analysis, Parkinson's tools, Pilates",No,3,KinesioWorks PT Sugar Hill — 144 reviews; perfect 5.0★; 3D running gait analysis; Parkinson's care; vestibular rehab; Pilates; open Sat 9AM–2PM; accepts Medicaid.,"Official Website: kinesioworks.com
Google: https://www.google.com/search?q=KinesioWorks%20Physical%20Therapy%20NYC%20physical%20therapy
Yelp: https://www.yelp.com/search?find_desc=KinesioWorks%20Physical%20Therapy","Focus on Neurological Rehabilitation (Stroke, Parkinson's).",Attracts older demographics and specific physician referrals.,Unknown,Moderate Threat ⚠️,Yes (Sat),40.833564554644,-73.941607325198,"Aetna, BCBS, Cigna, UHC, Medicare, Medicaid, Workers' Comp, Healthfirst, Fidelis, MetroPlus, Emblem, EmblemHealth, GHI, Humana, 1199, Empire, Affinity",,"Aetna, BCBS, Cigna, UHC, Medicare, Medicaid, Workers' Comp, Healthfirst, Fidelis, MetroPlus, Emblem, EmblemHealth, GHI, Humana, 1199, Empire, Affinity",10032.0,10.81
PT of The City — Lenox Hill,Yes,Lenoxhill,"201 E 77th St, NY 10075",4.7,68.0,2005 (est.),,8:00 AM - 5:00 PM,,8:00 AM - 8:00 PM,,8:00 AM - 5:00 PM,,8:00 AM - 8:00 PM,,8:00 AM - 5:00 PM,,Closed - Closed,,Closed - Closed,,,,,,"General orthopedic PT, post-surgical, sports rehab",Most major plans; verify with clinic,ptofthecity.com,,YOUR CLINIC | Closes 5PM Mon/Wed/Fri — gap vs competitors open to 7–8PM,https://www.google.com/maps/search/?api=1&query=PT%20of%20The%20City%20%E2%80%94%20Lenox%20Hill%20201%20E%2077th%20St%2C%20NY%2010075,,PT of The City (your clinic),20+ locations across NYC,No (In-person Focus),English; varies by location,,,Limited/Inactive Profiles,Standard Outpatient Ortho Equipment,Yes (PT of The City – Home Care),,,"Official Website: ptofthecity.com
Google: https://www.google.com/search?q=PT%20of%20The%20City%20%E2%80%94%20Lenox%20Hill%20NYC%20physical%20therapy
Yelp: https://www.yelp.com/search?find_desc=PT%20of%20The%20City%20%E2%80%94%20Lenox%20Hill","YOUR CLINIC: Core focus on community access, strong availability, bilingual staff, and high patient ratings.",Maintain strong SEO and reviews. Target extended hours where competitors are currently winning.,Unknown,Moderate Threat ⚠️,No,40.772983914563,-73.958151656098,"Aetna, BCBS, Cigna, UHC, Oxford, Medicare, Medicaid, EmblemHealth, GHI, Empire, Fidelis, Healthfirst, Humana, 1199, No-Fault, Workers' Comp","Existing specific data retained (pt of the city) | Expanded ""Most Major Plans"" to standard NYC PT insurance panel",Most Major Plans,10075.0,8.64
Brooklyn Body Works PT,No,Clinton Hill,"202 Union Ave, Brooklyn, NY 11211",4.8,74.0,2005,,7:30 AM - 6:30 PM,,7:30 AM - 6:30 PM,,7:30 AM - 6:30 PM,,7:30 AM - 6:30 PM,,7:30 AM - 6:30 PM,,8:30 AM - 1:30 PM,,Closed - Closed,,,,,,"Sports & orthopedic rehab, manual therapy, myofascial release, pelvic floor, TMJ, Pilates; Medicare & Medicaid accepted","Most major commercial plans, Medicare, Medicaid — concierge model",bbwphysicaltherapy.com,,"Manual therapy focus, Pilates reformer, established 2006",https://www.google.com/maps/search/?api=1&query=Brooklyn%20Body%20Works%20PT%20202%20Union%20Ave%2C%20Brooklyn%2C%20NY%2011211,,Independent Local Ownership,,No (In-person Focus),"English, Spanish (Standard NYC)",,,Limited/Inactive Profiles,Standard Outpatient Ortho Equipment,No (Clinic Only),Verify,,"Official Website: bbwphysicaltherapy.com
Google: https://www.google.com/search?q=Brooklyn%20Body%20Works%20PT%20NYC%20physical%20therapy
Yelp: https://www.yelp.com/search?find_desc=Brooklyn%20Body%20Works%20PT",Specialized in Pelvic Floor & Women's Health.,Captures a niche market with less local competition.,Unknown,Moderate Threat ⚠️,Yes (Sat),40.706391617466,-73.950289522195,"Medicare, Medicaid, Aetna, BCBS, Cigna, UHC, Oxford, EmblemHealth, GHI, Empire, Fidelis, Healthfirst, Humana, 1199, No-Fault, Workers' Comp","nan | Expanded ""Most Major Plans"" within combo value","Medicare, Medicaid, Most Major Plans",11211.0,9.0
Function in Motion PT,No,Hunts Point,"206 E 163rd St, Bronx, NY 10451",4.9,56.0,~2018 (est.),,8:30 AM - 5:00 PM,,8:30 AM - 5:00 PM,,8:30 AM - 5:00 PM,,8:30 AM - 5:00 PM,,8:30 AM - 5:00 PM,,8:30 AM - 12:00 PM,,Closed - Closed,,,,,,General orthopedic outpatient PT; 6-day including Saturday (closes 12PM Sat); consistent 8:30AM open,Verify directly with clinic,Not found - verify directly with clinic,,Open Saturdays,https://www.google.com/maps/search/?api=1&query=Function%20in%20Motion%20PT%20206%20E%20163rd%20St%2C%20Bronx%2C%20NY%2010451,,Independent Local Ownership,,No (In-person Focus),"English, Spanish (Standard NYC)",,,Limited/Inactive Profiles,Standard Outpatient Ortho Equipment,No (Clinic Only),Verify,,"Google: https://www.google.com/search?q=Function%20in%20Motion%20PT%20NYC%20physical%20therapy
Yelp: https://www.yelp.com/search?find_desc=Function%20in%20Motion%20PT","Direct hospital integration (Montefiore), advanced diagnostics (MSKUS, EMG).","Strong physician referral network due to hospital ties. 'Hands-On' recently merged into MOTION.
[ROUND 5 - Referrals]: Direct EMR integration with Montefiore. Doctors can send PT referrals internally through Epic, making them highly dominant in the Bronx and Queens hospital systems.",Unknown,Moderate Threat ⚠️,Yes (Sat),40.827986979305,-73.920052045255,"Aetna, BCBS, Cigna, UHC, Oxford, Medicare, Medicaid, EmblemHealth, GHI, Empire, Fidelis, Healthfirst, Humana, 1199, No-Fault, Workers' Comp","nan | ""Verification Required"" replaced with standard NYC PT insurance panel (estimated)",Verification Required,10451.0,8.6
"VP Physical Therapy, PLLC",No,Sensory Freeway,"2064 Cropsey Ave #1G, Brooklyn, NY 11214",4.8,26.0,,,Closed - Closed,,9:00 AM - 7:00 PM,,Closed - Closed,,9:00 AM - 7:00 PM,,Closed - Closed,,9:00 AM - 4:00 PM,,Closed - Closed,,20.0,7.0,27.0,Monday: Closed | Tuesday: 9:00 AM - 7:00 PM | Wednesday: Closed | Thursday: 9:00 AM - 7:00 PM | Friday: Closed | Saturday: 9:00 AM - 4:00 PM | Sunday: Closed,"Orthopedic PT, manual therapy — boutique practice",Verify with clinic,Not found - verify directly with clinic,(718) 200-9030,"Only 3 days/week — Tue, Thu, Sat. Boutique/part-time practice. Very limited threat.",https://www.google.com/maps/search/?api=1&query=VP%20Physical%20Therapy%2C%20PLLC%202064%20Cropsey%20Ave%20%231G%2C%20Brooklyn%2C%20NY%2011214,0.3,Independent Local Ownership,,No (In-person Focus),"English, Spanish (Standard NYC)",,,Limited/Inactive Profiles,Standard Outpatient Ortho Equipment,No (Clinic Only),Verify,,"Google: https://www.google.com/search?q=VP%20Physical%20Therapy%2C%20PLLC%20NYC%20physical%20therapy
Yelp: https://www.yelp.com/search?find_desc=VP%20Physical%20Therapy%2C%20PLLC",Standard outpatient physical therapy services.,Requires monitoring if review count increases or hours expand.,~11 patients/day,Normal,Yes (Sat),40.599128761522,-74.001381430517,"Aetna, BCBS, Cigna, UHC, Oxford, Medicare, Medicaid, EmblemHealth, GHI, Empire, Fidelis, Healthfirst, Humana, 1199, No-Fault, Workers' Comp","nan | ""Verification Required"" replaced with standard NYC PT insurance panel (estimated)",Verification Required,11214.0,6.87
Fit Club Astoria PT,No,Astoria,"21-03 31st Ave Ste 1204, Astoria, NY 11106",4.9,147.0,2014,,8:00 AM - 9:00 PM,,8:00 AM - 9:00 PM,,8:00 AM - 9:00 PM,,8:00 AM - 9:00 PM,,8:00 AM - 9:00 PM,,9:00 AM - 2:00 PM,,Closed - Closed,,,,,,"Orthopedic PT, sports rehab, aquatic therapy, personal training, sports massage, acupuncture — DPT-only staff; PT+performance hybrid model; walk-ins welcome",Medicare in-network; most commercial plans out-of-network (benefits verified before visit); Workers' Comp,fitclubny.com,(646) 875-8348,"LATEST HOURS — open until 9PM every weekday; walk-ins welcome; PT+fitness hybrid (DPT + personal training + aquatic therapy + sports massage + acupuncture). Out-of-network for most commercial plans; Medicare in-network. 3 NYC locations (Astoria, Chelsea, Williamsburg).",https://www.google.com/maps/search/?api=1&query=Fit%20Club%20Astoria%20PT%2021-03%2031st%20Ave%20Ste%201204%2C%20Astoria%2C%20NY%2011106,,DPT-only staff model (2014),3 locations,No,English,5.0,40.0,IG: @fitclubny,"Aquatic therapy, sports massage, acupuncture",No,4,Fit Club Astoria — 147 reviews; 4.9★; DPT-only staff; LATEST HOURS in Astoria (open until 9PM weekdays); PT + personal training + aquatic therapy.,"Official Website: fitclubny.com
Google: https://www.google.com/search?q=Fit%20Club%20Astoria%20PT%20NYC%20physical%20therapy
Yelp: https://www.yelp.com/search?find_desc=Fit%20Club%20Astoria%20PT","High patient volume, extended operating hours, strong community integration.","Primary threat due to matching or exceeding operating hours and high review scores.
[ROUND 3 UPDATE - Retention Strategy]: Bridges the gap between rehab and fitness by selling personal training packages post-rehab. Extremely strong retention strategy keeping patients in their ecosystem after discharge.",Unknown,Moderate Threat ⚠️,Yes (Sat),40.767334902275,-73.929726971498,"Medicare, Workers' Comp, Out-of-Network Only/Boutique",,"Medicare, Workers' Comp, Out-of-Network Only/Boutique",11106.0,10.63
Crescent Physical Therapy,No,Astoria,"21-24 30th Ave Ste C1, Astoria, NY 11102",4.8,293.0,2005 (founder Khurram Khan),,8:30 AM - 7:30 PM,,8:30 AM - 5:30 PM,,8:30 AM - 7:30 PM,,8:30 AM - 5:30 PM,,8:30 AM - 7:30 PM,,8:30 AM - 1:30 PM,,Closed - Closed,,51.0,4.0,55.0,Monday: 8:30 AM - 7:30 PM | Tuesday: 8:30 AM - 5:30 PM | Wednesday: 8:30 AM - 7:30 PM | Thursday: 8:30 AM - 5:30 PM | Friday: 8:30 AM - 7:30 PM | Saturday: 8:30 AM - 12:30 PM | Sunday: Closed,"Manual therapy, therapeutic exercises, electric stimulation, ultrasound, cold laser, spinal decompression, kinesio taping, balance/coordination — multilingual community-focused clinic","Medicare, Medicaid, Aetna (plan-dependent), most commercial plans; Workers' Comp; verify at crescentphysicaltherapy.com",crescentphysicaltherapy.com,(718) 545-0999,"Established 2005 — longest-operating independent in area; 293 reviews. Multi-lingual staff (Spanish, Bengali, Urdu, Hindi, Punjabi, Arabic, Albanian, Italian, Tibetan, Filipino). Shorter Tue/Thu hours. Home care PT offered (cash, $150/session). 2nd location in Jackson Heights.",https://www.google.com/maps/search/?api=1&query=Crescent%20Physical%20Therapy%2021-24%2030th%20Ave%20Ste%20C1%2C%20Astoria%2C%20NY%2011102,0.4,Khurram Khan (founder; 2005),2 locations,No,"English, Spanish, Bengali, Urdu, Hindi, Punjabi, Arabic, Albanian, Italian, Tibetan, Filipino",4.5,50.0,Limited/Inactive Profiles,"Cold laser, spinal decompression, estim, ultrasound",Yes (cash: $150/session),4,Crescent PT Astoria — 293 reviews; MOST MULTILINGUAL in NYC (10+ languages); cold laser + spinal decompression; home care offered ($150/session). Multilingual is key differentiator for diverse Queens community.,"Official Website: crescentphysicaltherapy.com
Google: https://www.google.com/search?q=Crescent%20Physical%20Therapy%20NYC%20physical%20therapy
Yelp: https://www.yelp.com/search?find_desc=Crescent%20Physical%20Therapy","High patient volume, extended operating hours, strong community integration.",Primary threat due to matching or exceeding operating hours and high review scores.,~22 patients/day,High Threat 🚨,Yes (Sat),40.769676524392,-73.927486929727,"Aetna, Medicare, Medicaid, Workers' Comp",,"Aetna, Medicare, Medicaid, Workers' Comp",11102.0,11.85
NISMAT — Nicholas Institute,No,Lenoxhill,"210 E 64th St, NY 10065",4.4,14.0,1973,,7:00 AM - 8:00 PM,,7:00 AM - 8:00 PM,,7:00 AM - 8:00 PM,,7:00 AM - 8:00 PM,,7:00 AM - 5:00 PM,,Closed - Closed,,Closed - Closed,,,,,,"Sports medicine only — world's first hospital-based sports medicine institute; Northwell/Lenox Hill Hospital affiliated; research, teaching & clinical",Northwell Health network insurances; verify at northwell.edu,nismat.org,,Hospital-affiliated sports medicine; lowest rating; no Saturday,https://www.google.com/maps/search/?api=1&query=NISMAT%20%E2%80%94%20Nicholas%20Institute%20210%20E%2064th%20St%2C%20NY%2010065,,Independent Local Ownership,,No (In-person Focus),"English, Spanish (Standard NYC)",,,Limited/Inactive Profiles,Standard Outpatient Ortho Equipment,No (Clinic Only),Verify,,"Official Website: nismat.org
Google: https://www.google.com/search?q=NISMAT%20%E2%80%94%20Nicholas%20Institute%20NYC%20physical%20therapy
Yelp: https://www.yelp.com/search?find_desc=NISMAT%20%E2%80%94%20Nicholas%20Institute",Standard outpatient physical therapy services.,Requires monitoring if review count increases or hours expand.,Unknown,Normal,No,40.76451304033,-73.964054662859,"Healthnet, Northwell",Parsed from Insurances Accepted,Verification Required,10065.0,5.17
JAG PT — Ocean Ave,No,Midwood,"2148 Ocean Ave #301, Brooklyn, NY 11219",4.8,325.0,1990,,7:00 AM - 7:00 PM,,7:00 AM - 7:00 PM,,7:00 AM - 7:00 PM,,7:00 AM - 7:00 PM,,7:00 AM - 7:00 PM,,Closed - Closed,,Closed - Closed,,,,,,"Orthopedic PT, sports & soft tissue, OT, Workers' Comp, Medicare, vestibular PT, AlterG treadmill","Aetna, BCBS, Cigna, GHI, Healthnet, Horizon, Oxford, PHCS, Workers' Comp, No-Fault, Medicare",jagpt.com,,Earliest opening (7 AM). Strong brand (100+ locations). Multi-specialty PT/OT/Workers Comp.,https://www.google.com/maps/search/?api=1&query=JAG%20PT%20%E2%80%94%20Ocean%20Ave%202148%20Ocean%20Ave%20%23301%2C%20Brooklyn%2C%20NY%2011219,,"John A. Gallucci Jr., PT, DPT, ATC (CEO)",170+ locations,Yes,English; varies by location,4.0,22.0,FB: JAGPhysicalTherapy | IG: @jagphysicaltherapy,AlterG anti-gravity treadmill,No,4,JAG Ocean Ave Midwood — 170+ location national chain; opens 7AM; AlterG treadmill; full PT/OT/Medicare/Workers Comp. Multi-specialty chain advantage.,"Official Website: jagpt.com
Google: https://www.google.com/search?q=JAG%20PT%20%E2%80%94%20Ocean%20Ave%20NYC%20physical%20therapy
Yelp: https://www.yelp.com/search?find_desc=JAG%20PT%20%E2%80%94%20Ocean%20Ave","Massive scale (170+ locations), official sports partnerships (NJ Devils, Princeton), highly corporatized care model.","Backed by Pamlico Capital. Aggressive expansion strategy via acquisitions. Deep pockets for marketing. [DEEP SEARCH 2026 UPDATE]: Extremely aggressive expansion into biotech hubs (e.g., Onyx Equities). Heavy administrative focus on Workers' Comp and Auto claim submissions.
[ROUND 5 - ATC Strategy]: Deploys Athletic Trainers (ATCs) to local NYC/NJ high schools and colleges for free or at cost. When athletes get injured, the ATCs immediately funnel them to JAG clinics. Extremely smart pipeline.",Unknown,High Threat 🚨,No,40.609742741343,-73.953445634432,"Aetna, BCBS, Cigna, Oxford, Medicare, No-Fault, Workers' Comp, GHI, Horizon, Healthnet, PHCS",Existing specific data retained (jag pt),"Aetna, BCBS, Cigna, Oxford, Medicare, No-Fault, Workers' Comp, GHI, Horizon, Healthnet, PHCS",11219.0,12.06
Tribeca Physical Therapy,No,Tribicia,"225 Broadway Ste 2735, New York, NY 10007",5.0,157.0,~2015 (est.),,8:00 AM - 7:00 PM,,8:00 AM - 7:00 PM,,8:00 AM - 7:00 PM,,8:00 AM - 7:00 PM,,8:00 AM - 7:00 PM,,3:00 PM - 6:00 PM,,Closed - Closed,,55.0,3.0,58.0,Monday: 8:00 AM - 7:00 PM | Tuesday: 8:00 AM - 7:00 PM | Wednesday: 8:00 AM - 7:00 PM | Thursday: 8:00 AM - 7:00 PM | Friday: 8:00 AM - 7:00 PM | Saturday: 3:00 PM - 6:00 PM | Sunday: Closed,"Pelvic floor PT, women's health (prenatal/postpartum), orthopedic & sports rehab, Clinical Pilates, shockwave therapy, medical massage — 1-on-1 DPT model; boutique",Out-of-network only — coded receipts provided for patient reimbursement,tribecaphysicaltherapy.com,(212) 406-8080,CLOSEST COMPETITOR — Perfect 5.0 rating; 157 reviews; open Saturday 3–6PM; 1-on-1 DPT sessions; pelvic floor + women's health specialty; out-of-network boutique model. Founded by Dr. Kristian Marcial & Dr. Monica Saliu.,https://www.google.com/maps/search/?api=1&query=Tribeca%20Physical%20Therapy%20225%20Broadway%20Ste%202735%2C%20New%20York%2C%20NY%2010007,0.7,Independent Local Ownership,,No (In-person Focus),"English, Spanish (Standard NYC)",,,Limited/Inactive Profiles,Standard Outpatient Ortho Equipment,No (Clinic Only),Verify,,"Official Website: tribecaphysicaltherapy.com
Google: https://www.google.com/search?q=Tribeca%20Physical%20Therapy%20NYC%20physical%20therapy
Yelp: https://www.yelp.com/search?find_desc=Tribeca%20Physical%20Therapy",Specialized in Pelvic Floor & Women's Health.,Captures a niche market with less local competition.,~23 patients/day,High Threat 🚨,Yes (Sat),40.71182590232,-74.008330993334,Out-of-Network Only/Boutique,,Out-of-Network Only/Boutique,10007.0,10.99
Elite Physical Therapy — Astoria,No,Astoria,"23-09 31st St Lower Level, Astoria, NY 11105",4.6,31.0,~Early 2000s,,9:00 AM - 8:00 PM,,8:00 AM - 2:00 PM,,9:00 AM - 8:00 PM,,8:00 AM - 8:00 PM,,9:00 AM - 8:00 PM,,Closed - Closed,,Closed - Closed,,,,,,"General outpatient orthopedic PT, gait & balance treatment, post-surgical rehab, sports medicine — 3-location Queens/LI group","Most major insurances, Workers' Comp, No-Fault — verify at eliteptny.com",eliteptny.com,(718) 956-1500,"Very limited Tuesday hours (8AM–2PM only); no weekends; fewest reviews (31) — low competitive threat. 3-location chain (Astoria, Bayside, Fresh Meadows). 20+ years in operation. Currently not accepting new patients per some directories.",https://www.google.com/maps/search/?api=1&query=Elite%20Physical%20Therapy%20%E2%80%94%20Astoria%2023-09%2031st%20St%20Lower%20Level%2C%20Astoria%2C%20NY%2011105,,Independent Local Ownership,,No (In-person Focus),"English, Spanish (Standard NYC)",,,Limited/Inactive Profiles,Standard Outpatient Ortho Equipment,No (Clinic Only),Verify,,"Official Website: eliteptny.com
Google: https://www.google.com/search?q=Elite%20Physical%20Therapy%20%E2%80%94%20Astoria%20NYC%20physical%20therapy
Yelp: https://www.yelp.com/search?find_desc=Elite%20Physical%20Therapy%20%E2%80%94%20Astoria",Standard outpatient physical therapy services.,Requires monitoring if review count increases or hours expand.,Unknown,Normal,No,40.774081618064,-73.913093029354,"No-Fault, Workers' Comp, Aetna, BCBS, Cigna, UHC, Oxford, Medicare, Medicaid, EmblemHealth, GHI, Empire, Fidelis, Healthfirst, Humana, 1199","nan | Expanded ""Most Major Plans"" within combo value","No-Fault, Workers' Comp, Most Major Plans",11105.0,6.92
MOTION Sports Medicine — Astoria,No,Astoria,"23-22 30th Ave Fl 2, Astoria, NY 11102",4.6,143.0,2015 (MOTION PT Group),,6:30 AM - 7:00 PM,,8:00 AM - 7:00 PM,,6:30 AM - 7:00 PM,,8:00 AM - 7:00 PM,,8:30 AM - 6:00 PM,,Closed - Closed,,Closed - Closed,,,,,,"Orthopedic PT, sports rehab, occupational therapy, hand therapy, neurologic therapy — Montefiore Health System in-network partner; 30+ NY locations","30+ commercial plans, Medicare, Medicaid, EmblemHealth (GHI/HIP), NYCE PPO, Montefiore network — verify at motionptg.com",motionptg.com,(718) 545-0700,Montefiore Health System partner — in-network for Montefiore patients. EARLIEST OPEN at 6:30AM Mon/Wed. No weekends. Lowest rating in area (4.6⭐); 30+ NYC/NY state locations. Note: Hands-On PT 32-44 31st St also now under MOTION/Montefiore umbrella.,https://www.google.com/maps/search/?api=1&query=MOTION%20Sports%20Medicine%20%E2%80%94%20Astoria%2023-22%2030th%20Ave%20Fl%202%2C%20Astoria%2C%20NY%2011102,,MOTION PT Group (Montefiore partner),30+ NY/NJ locations,Yes,"English, Spanish, Greek",4.0,18.0,IG: @motionptgroup,"MSKUS, ART, IASTM/Graston, cupping",No,4,MOTION Astoria — Montefiore partner; now includes former Hands-On PT; 143 reviews; EARLIEST OPEN 6:30AM Mon/Wed; lowest Google rating in area (4.6★).,"Official Website: motionptg.com
Google: https://www.google.com/search?q=MOTION%20Sports%20Medicine%20%E2%80%94%20Astoria%20NYC%20physical%20therapy
Yelp: https://www.yelp.com/search?find_desc=MOTION%20Sports%20Medicine%20%E2%80%94%20Astoria","Direct hospital integration (Montefiore), advanced diagnostics (MSKUS, EMG).","Strong physician referral network due to hospital ties. 'Hands-On' recently merged into MOTION.
[ROUND 5 - Referrals]: Direct EMR integration with Montefiore. Doctors can send PT referrals internally through Epic, making them highly dominant in the Bronx and Queens hospital systems.",Unknown,Moderate Threat ⚠️,No,40.769058912973,-73.926162461831,"Medicare, Medicaid, Emblem, EmblemHealth, GHI, HIP",Existing specific data retained (motion sports medicine),"Medicare, Medicaid, Emblem, EmblemHealth, GHI, HIP",11102.0,9.93
PT of The City — Chelsea,Yes,Chelsea,"231 W 19th St, NY 10011",4.7,55.0,2005 (est.),,8:00 AM - 5:00 PM,,10:00 AM - 7:00 PM,,8:00 AM - 5:00 PM,,10:00 AM - 7:00 PM,,8:00 AM - 5:00 PM,,Closed - Closed,,Closed - Closed,,,,,,"General orthopedic PT, post-surgical, sports rehab",Most major plans; verify with clinic,ptofthecity.com,,YOUR CLINIC | Closes 5PM Mon/Wed/Fri; opens 10AM Tue/Thu — hours gap vs competitors,https://www.google.com/maps/search/?api=1&query=PT%20of%20The%20City%20%E2%80%94%20Chelsea%20231%20W%2019th%20St%2C%20NY%2010011,,PT of The City (your clinic),20+ locations across NYC,No (In-person Focus),English; varies by location,,,Limited/Inactive Profiles,Standard Outpatient Ortho Equipment,Yes (PT of The City – Home Care),,,"Official Website: ptofthecity.com
Google: https://www.google.com/search?q=PT%20of%20The%20City%20%E2%80%94%20Chelsea%20NYC%20physical%20therapy
Yelp: https://www.yelp.com/search?find_desc=PT%20of%20The%20City%20%E2%80%94%20Chelsea","YOUR CLINIC: Core focus on community access, strong availability, bilingual staff, and high patient ratings.",Maintain strong SEO and reviews. Target extended hours where competitors are currently winning.,Unknown,Moderate Threat ⚠️,No,40.742068672894,-73.998294386527,"Aetna, BCBS, Cigna, UHC, Oxford, Medicare, Medicaid, EmblemHealth, GHI, Empire, Fidelis, Healthfirst, Humana, 1199, No-Fault, Workers' Comp","Existing specific data retained (pt of the city) | Expanded ""Most Major Plans"" to standard NYC PT insurance panel",Most Major Plans,10011.0,8.22
Upper Manhattan Physical Therapy PC,No,Upper East,"232 E 66th St, New York, NY 10065",5.0,23.0,~2010s,,9:30 AM - 7:30 PM,,9:30 AM - 7:30 PM,,Closed - Closed,,9:30 AM - 7:30 PM,,9:30 AM - 7:30 PM,,2:00 PM - 6:00 PM,,Closed - Closed,,,,,,"General orthopedic PT, back & neck pain, scoliosis, sports injury, wrist conditions — solo practitioner; small boutique practice","Aetna, BCBS, Cigna, EmblemHealth, UHC/Oxford + 200 more in-network plans",manhattanptpc.com,(917) 267-7470,"Closed Wednesday; fewest reviews (23) — low competitive threat. Open Saturday 2–6PM. Solo practitioner (owner Virgil Pasion PT, 20+ yrs experience, formerly PBA athletic trainer in Philippines). Opens late at 9:30AM on weekdays.",https://www.google.com/maps/search/?api=1&query=Upper%20Manhattan%20Physical%20Therapy%20PC%20232%20E%2066th%20St%2C%20New%20York%2C%20NY%2010065,,Independent Local Ownership,,No (In-person Focus),"English, Spanish (Standard NYC)",,,Limited/Inactive Profiles,Standard Outpatient Ortho Equipment,No (Clinic Only),Verify,,"Official Website: manhattanptpc.com
Google: https://www.google.com/search?q=Upper%20Manhattan%20Physical%20Therapy%20PC%20NYC%20physical%20therapy
Yelp: https://www.yelp.com/search?find_desc=Upper%20Manhattan%20Physical%20Therapy%20PC",Standard outpatient physical therapy services.,Requires monitoring if review count increases or hours expand.,Unknown,Normal,Yes (Sat),40.765446017832,-73.962419673826,"Aetna, BCBS, Cigna, UHC, Oxford, Emblem, EmblemHealth",,"Aetna, BCBS, Cigna, UHC, Oxford, Emblem, EmblemHealth",10065.0,6.9
Park North Physical Therapy,No,Central Harlem,"233 Malcolm X Blvd (Lenox Ave), New York, NY 10027",4.7,26.0,2008,,8:00 AM - 7:00 PM,,8:00 AM - 8:00 PM,,9:00 AM - 8:00 PM,,8:00 AM - 7:00 PM,,8:00 AM - 8:00 PM,,9:00 AM - 4:00 PM,,Closed - Closed,,54.0,7.0,61.0,Monday: 8:00 AM - 7:00 PM | Tuesday: 8:00 AM - 7:00 PM | Wednesday: 8:00 AM - 7:00 PM | Thursday: 8:00 AM - 7:00 PM | Friday: 8:00 AM - 6:00 PM | Saturday: 8:00 AM - 3:00 PM | Sunday: Closed,"Sports orthopedics, ART-certified, running/cycling analysis, NEUBIE therapy, Pilates rehab",Most major commercial plans (direct-access) — verify at parknorthpt.com,parknorthpt.com,,"Saturday hours, high-tech facilities",https://www.google.com/maps/search/?api=1&query=Park%20North%20Physical%20Therapy%20233%20Malcolm%20X%20Blvd%20%28Lenox%20Ave%29%2C%20New%20York%2C%20NY%2010027,0.5,Independent Local Ownership,1–2 locations,No,English,4.5,12.0,IG: @parknorthpt,"NEUBIE therapy, ART certified, Pilates",No,4,Park North PT Harlem — high-tech facilities with NEUBIE therapy + Pilates-based rehab; ART-certified; 26 reviews; Saturday hours. NEUBIE is unique local differentiator.,"Official Website: parknorthpt.com
Google: https://www.google.com/search?q=Park%20North%20Physical%20Therapy%20NYC%20physical%20therapy
Yelp: https://www.yelp.com/search?find_desc=Park%20North%20Physical%20Therapy","High patient volume, extended operating hours, strong community integration.",Primary threat due to matching or exceeding operating hours and high review scores.,~24 patients/day,Normal,Yes (Sat),40.8056391732,-73.94712965017,"Aetna, BCBS, Cigna, UHC, Oxford, Medicare, Medicaid, EmblemHealth, GHI, Empire, Fidelis, Healthfirst, Humana, 1199, No-Fault, Workers' Comp","nan | Expanded ""Most Major Plans"" to standard NYC PT insurance panel",Most Major Plans,10027.0,6.73
Sheepshead Bay Chiro & PT,No,Sheepshead Bay,"2409 Avenue Z, Brooklyn, NY 11235",4.8,198.0,,,8:00 AM - 9:00 PM,,8:00 AM - 9:00 PM,,8:00 AM - 9:00 PM,,8:00 AM - 9:00 PM,,8:00 AM - 8:00 PM,,8:00 AM - 7:00 PM,,8:00 AM - 7:00 PM,,,,,,"PT + chiropractic combined — orthopedic rehab, spine care, sports injuries",Verify with clinic,Not found - verify directly with clinic,,Open 7 DAYS. Latest closing (9 PM weekdays). Multi-specialty with chiro. Major hours advantage.,https://www.google.com/maps/search/?api=1&query=Sheepshead%20Bay%20Chiro%20%26%20PT%202409%20Avenue%20Z%2C%20Brooklyn%2C%20NY%2011235,,Independent Local Ownership,,No (In-person Focus),"English, Spanish (Standard NYC)",,,Limited/Inactive Profiles,Standard Outpatient Ortho Equipment,No (Clinic Only),Verify,,"Google: https://www.google.com/search?q=Sheepshead%20Bay%20Chiro%20%26%20PT%20NYC%20physical%20therapy
Yelp: https://www.yelp.com/search?find_desc=Sheepshead%20Bay%20Chiro%20%26%20PT",Standard outpatient physical therapy services.,Requires monitoring if review count increases or hours expand.,Unknown,High Threat 🚨,Yes (Sat & Sun),40.5890022672,-73.945403035622,"Aetna, BCBS, Cigna, UHC, Oxford, Medicare, Medicaid, EmblemHealth, GHI, Empire, Fidelis, Healthfirst, Humana, 1199, No-Fault, Workers' Comp","nan | ""Verification Required"" replaced with standard NYC PT insurance panel (estimated)",Verification Required,11235.0,11.03
Spear Physical Therapy — UES,No,Lenoxhill,"245 E 84th St, NY 10028",4.9,398.0,1999,,7:00 AM - 8:00 PM,,7:00 AM - 8:00 PM,,7:00 AM - 8:00 PM,,7:00 AM - 8:00 PM,,7:00 AM - 8:00 PM,,9:00 AM - 1:00 PM,,Closed - Closed,,,,,,"Orthopedic, sports injury, pelvic floor PT, OT — highest reviews in area (398); strong brand; open Saturday","Aetna, BCBS, Cigna, Medicare, UHC — Medicaid NOT accepted",spearcenter.com,,Highest reviews in area; 5 blocks away; strong brand; open Saturday,https://www.google.com/maps/search/?api=1&query=Spear%20Physical%20Therapy%20%E2%80%94%20UES%20245%20E%2084th%20St%2C%20NY%2010028,,Independent Local Ownership,,No (In-person Focus),"English, Spanish (Standard NYC)",,,Limited/Inactive Profiles,Standard Outpatient Ortho Equipment,No (Clinic Only),Verify,,"Official Website: spearcenter.com
Google: https://www.google.com/search?q=Spear%20Physical%20Therapy%20%E2%80%94%20UES%20NYC%20physical%20therapy
Yelp: https://www.yelp.com/search?find_desc=Spear%20Physical%20Therapy%20%E2%80%94%20UES","Premium brand perception, telehealth 'Spear Live', extensive specialized therapies (golf, TMJ, pelvic floor).","Inc. Top 5000 company. Targets higher-income demographics, typically does not accept Medicaid. [DEEP SEARCH 2026 UPDATE]: Recently expanded into the East Village (14th St) in a former dispensary space. Tri-state presence exceeds 60+ locations.
[ROUND 3 UPDATE - Marketing Strategy]: Heavy presence on TikTok and Instagram Reels for marketing, targeting Millennials and Gen Z with posture, 'desk-job' ergonomics, and lifestyle tips.
[ROUND 5 - Recruiting]: Voted best place to work in healthcare multiple times. They attract top-tier new DPT grads because of their vibrant, young corporate culture and heavy social media presence.",Unknown,High Threat 🚨,Yes (Sat),40.777129656388,-73.953897344725,"Aetna, BCBS, Cigna, UHC, Medicare, Medicaid",Existing specific data retained (spear physical therapy),"Aetna, BCBS, Cigna, UHC, Medicare, Medicaid",10028.0,12.74
Theradynamics PT & OT,No,Hunts Point,"255 E 138th St, Bronx, NY 10451",5.0,223.0,2005 (Theradynamics chain),,8:00 AM - 8:00 PM,,8:00 AM - 7:00 PM,,8:00 AM - 8:00 PM,,8:00 AM - 7:00 PM,,8:00 AM - 8:00 PM,,9:00 AM - 4:30 PM,,Closed - Closed,,,,,,PT + OT + sports rehab; latest evening hours (8PM Mon/Wed/Fri); Saturday open 9AM–4:30PM,Most major plans + Medicare + Medicaid accepted — theradynamics.com,theradynamics.com,,"Perfect rating - Latest hours (8PM), Saturdays",https://www.google.com/maps/search/?api=1&query=Theradynamics%20PT%20%26%20OT%20255%20E%20138th%20St%2C%20Bronx%2C%20NY%2010451,,Independent Local Ownership,14+ locations,Yes,"English, Spanish",4.0,15.0,IG: @theradynamics,"Infrared sauna, isokinetic testing, NEUBIE therapy",No,4,Theradynamics Inwood/General — 14+ location chain; open Saturdays; PT+OT; in-network all major plans; tech-enhanced facilities.,"Official Website: theradynamics.com
Google: https://www.google.com/search?q=Theradynamics%20PT%20%26%20OT%20NYC%20physical%20therapy
Yelp: https://www.yelp.com/search?find_desc=Theradynamics%20PT%20%26%20OT","Tech-infused therapy (Infrared sauna, NEUBIE, IV therapy) combined with standard PT/OT.",Heavy investment in recovery technology. Unusually broad insurance acceptance.,Unknown,High Threat 🚨,Yes (Sat),40.811346322597,-73.927532698992,"Medicare, Medicaid, Aetna, BCBS, Cigna, UHC, Oxford, EmblemHealth, GHI, Empire, Fidelis, Healthfirst, Humana, 1199, No-Fault, Workers' Comp","Existing specific data retained (theradynamics) | Expanded ""Most Major Plans"" within combo value","Medicare, Medicaid, Most Major Plans",10451.0,11.75
JAG Physical Therapy — E 17th St,No,Sheepshead Bay,"2565 E 17th St, Brooklyn, NY 11235",4.9,350.0,1990,,7:00 AM - 7:00 PM,,7:00 AM - 7:00 PM,,7:00 AM - 7:00 PM,,7:00 AM - 7:00 PM,,7:00 AM - 5:00 PM,,Closed - Closed,,Closed - Closed,,,,,,"Orthopedic PT, sports & soft tissue, OT, Workers' Comp, Medicare, vestibular PT","Aetna, BCBS, Cigna, GHI, Healthnet, Horizon, Oxford, Workers' Comp, No-Fault, Medicare",jagpt.com,,High review count (350). Earliest 7 AM opening. Strong brand presence — 2nd JAG in area.,https://www.google.com/maps/search/?api=1&query=JAG%20Physical%20Therapy%20%E2%80%94%20E%2017th%20St%202565%20E%2017th%20St%2C%20Brooklyn%2C%20NY%2011235,,"John A. Gallucci Jr., PT, DPT, ATC (CEO)","170+ locations (NJ, NY, PA)",Yes,English; varies by location,4.5,25.0,FB: JAGPhysicalTherapy | IG: @jagphysicaltherapy,"AlterG anti-gravity treadmill, isokinetic testing",No,4,Second JAG location on same street. 170+ location national chain. CEO John A. Gallucci Jr. Earliest open 7AM. AlterG treadmill. Full insurance coverage incl. Medicare/Workers Comp.,"Official Website: jagpt.com
Google: https://www.google.com/search?q=JAG%20Physical%20Therapy%20%E2%80%94%20E%2017th%20St%20NYC%20physical%20therapy
Yelp: https://www.yelp.com/search?find_desc=JAG%20Physical%20Therapy%20%E2%80%94%20E%2017th%20St","Massive scale (170+ locations), official sports partnerships (NJ Devils, Princeton), highly corporatized care model.","Backed by Pamlico Capital. Aggressive expansion strategy via acquisitions. Deep pockets for marketing. [DEEP SEARCH 2026 UPDATE]: Extremely aggressive expansion into biotech hubs (e.g., Onyx Equities). Heavy administrative focus on Workers' Comp and Auto claim submissions.
[ROUND 5 - ATC Strategy]: Deploys Athletic Trainers (ATCs) to local NYC/NJ high schools and colleges for free or at cost. When athletes get injured, the ATCs immediately funnel them to JAG clinics. Extremely smart pipeline.",Unknown,High Threat 🚨,No,40.588933143352,-73.952523244771,"Aetna, BCBS, Cigna, Oxford, Medicare, No-Fault, Workers' Comp, GHI, Horizon, Healthnet",Existing specific data retained (jag physical therapy),"Aetna, BCBS, Cigna, Oxford, Medicare, No-Fault, Workers' Comp, GHI, Horizon, Healthnet",11235.0,12.47
Forward Physical Therapy,No,Midwood,"2577 Nostrand Ave, Brooklyn, NY 11210",5.0,174.0,,,9:00 AM - 7:00 PM,,9:00 AM - 7:00 PM,,9:00 AM - 7:00 PM,,9:00 AM - 7:00 PM,,9:00 AM - 1:00 PM,,Closed - Closed,,Closed - Closed,,44.0,0.0,44.0,Monday: 9:00 AM - 7:00 PM | Tuesday: 9:00 AM - 7:00 PM | Wednesday: 9:00 AM - 7:00 PM | Thursday: 9:00 AM - 7:00 PM | Friday: 9:00 AM - 1:00 PM | Saturday: Closed | Sunday: Closed,"General orthopedic PT, sports rehab, post-surgical",Verify with clinic,Not found - verify directly with clinic,,Perfect rating. Strong competitor. Closes 1 PM Friday — shorter Friday window.,https://www.google.com/maps/search/?api=1&query=Forward%20Physical%20Therapy%202577%20Nostrand%20Ave%2C%20Brooklyn%2C%20NY%2011210,0.4,Independent Local Ownership,,No (In-person Focus),"English, Spanish (Standard NYC)",,,Limited/Inactive Profiles,Standard Outpatient Ortho Equipment,No (Clinic Only),Verify,,"Google: https://www.google.com/search?q=Forward%20Physical%20Therapy%20NYC%20physical%20therapy
Yelp: https://www.yelp.com/search?find_desc=Forward%20Physical%20Therapy",Standard outpatient physical therapy services.,Requires monitoring if review count increases or hours expand.,~18 patients/day,High Threat 🚨,No,40.6219472213,-73.945884095338,"Aetna, BCBS, Cigna, UHC, Oxford, Medicare, Medicaid, EmblemHealth, GHI, Empire, Fidelis, Healthfirst, Humana, 1199, No-Fault, Workers' Comp","nan | ""Verification Required"" replaced with standard NYC PT insurance panel (estimated)",Verification Required,11210.0,11.22
NY Therapy & Wellness,No,Sheepshead Bay,"2579 Ocean Ave (3rd Fl), Brooklyn, NY 11229",5.0,828.0,,,8:30 AM - 6:00 PM,,8:30 AM - 6:30 PM,,8:30 AM - 6:00 PM,,8:30 AM - 6:30 PM,,8:30 AM - 4:00 PM,,Closed - Closed,,Closed - Closed,,,,,,"PT, OT, wellness, multi-specialty rehabilitation",Verify with clinic — high volume practice,Not found - verify directly with clinic,(646) 780-0926,HIGHEST REVIEWS in area (828). Perfect 5.0 rating. Multi-specialty model. Major threat.,https://www.google.com/maps/search/?api=1&query=NY%20Therapy%20%26%20Wellness%202579%20Ocean%20Ave%20%283rd%20Fl%29%2C%20Brooklyn%2C%20NY%2011229,,Margo & Dan Rusinowitz (founded 2016),1–2 locations,Yes,"English, Russian",5.0,35.0,Limited/Inactive Profiles,Multi-specialty rehab equipment,Yes,5,HIGHEST REVIEWS in Sheepshead Bay area (828 reviews); perfect 5.0★; PT+OT+wellness whole-body approach; in-clinic + home visits + telehealth. Primary competitive threat.,"Google: https://www.google.com/search?q=NY%20Therapy%20%26%20Wellness%20NYC%20physical%20therapy
Yelp: https://www.yelp.com/search?find_desc=NY%20Therapy%20%26%20Wellness","High patient volume, extended operating hours, strong community integration.",Primary threat due to matching or exceeding operating hours and high review scores.,Unknown,High Threat 🚨,No,40.598688190982,-73.951198571128,"Aetna, BCBS, Cigna, UHC, Oxford, Medicare, Medicaid, EmblemHealth, GHI, Empire, Fidelis, Healthfirst, Humana, 1199, No-Fault, Workers' Comp","nan | ""Verification Required"" replaced with standard NYC PT insurance panel (estimated)",Verification Required,11229.0,14.59
New York Therapy & Wellness,No,Sensory Freeway,"2579 Ocean Ave 3rd Fl, Brooklyn, NY 11229",5.0,828.0,,,8:30 AM - 6:00 PM,,8:30 AM - 6:30 PM,,8:30 AM - 6:00 PM,,8:30 AM - 6:30 PM,,8:30 AM - 4:00 PM,,Closed - Closed,,Closed - Closed,,,,,,"PT, OT, wellness, multi-specialty rehabilitation",Verify with clinic — high volume practice,Not found - verify directly with clinic,(646) 780-0926,HIGHEST REVIEW COUNT in region (828). Perfect 5.0 rating. Major brand threat.,https://www.google.com/maps/search/?api=1&query=New%20York%20Therapy%20%26%20Wellness%202579%20Ocean%20Ave%203rd%20Fl%2C%20Brooklyn%2C%20NY%2011229,,Margo & Dan Rusinowitz (founded 2016),1–2 locations,Yes,"English, Russian",5.0,35.0,Limited/Inactive Profiles,Multi-specialty PT+OT equipment,Yes,5,Same as NY Therapy & Wellness — 828 reviews; perfect 5.0★; multi-specialty PT+OT+wellness; home visits + telehealth available.,"Google: https://www.google.com/search?q=New%20York%20Therapy%20%26%20Wellness%20NYC%20physical%20therapy
Yelp: https://www.yelp.com/search?find_desc=New%20York%20Therapy%20%26%20Wellness","High patient volume, extended operating hours, strong community integration.",Primary threat due to matching or exceeding operating hours and high review scores.,Unknown,High Threat 🚨,No,40.598688190982,-73.951198571128,"Aetna, BCBS, Cigna, UHC, Oxford, Medicare, Medicaid, EmblemHealth, GHI, Empire, Fidelis, Healthfirst, Humana, 1199, No-Fault, Workers' Comp","nan | ""Verification Required"" replaced with standard NYC PT insurance panel (estimated)",Verification Required,11229.0,14.59
Spear Physical Therapy,No,Cobble Hill,"258 Court St, Brooklyn, NY 11231",4.9,408.0,1999,,7:00 AM - 8:00 PM,,7:00 AM - 8:00 PM,,7:00 AM - 8:00 PM,,7:00 AM - 8:00 PM,,7:00 AM - 8:00 PM,,8:00 AM - 12:00 PM,,Closed - Closed,,,,,,"Orthopedic, sports injury, pelvic floor PT, OT, kinesiotaping, vestibular, pediatrics — national #1 rated PT brand; open Saturday","Aetna, BCBS, Cigna, Medicare, UHC — Medicaid NOT accepted",spearcenter.com,646-518-5560,"Highest reviews (408), Sat hours, late 8PM close | Opens earlier, closes later, Sat hours",https://www.google.com/maps/search/?api=1&query=Spear%20Physical%20Therapy%20258%20Court%20St%2C%20Brooklyn%2C%20NY%2011231,,"David Endres (co-founder, 1999)",80+ NYC locations,Yes ('Spear Live'),English; varies,4.5,15.0,IG: @spearcenter,"Golf swing, running gait, TMJ",No,4,SPEAR Bay Ridge — national #1 rated PT brand; 80+ NYC locations; telehealth ('Spear Live'); 7AM open; full service PT/OT/pelvic/TMJ. No Medicaid.,"Official Website: spearcenter.com
Google: https://www.google.com/search?q=Spear%20Physical%20Therapy%20NYC%20physical%20therapy
Yelp: https://www.yelp.com/search?find_desc=Spear%20Physical%20Therapy","Premium brand perception, telehealth 'Spear Live', extensive specialized therapies (golf, TMJ, pelvic floor).","Inc. Top 5000 company. Targets higher-income demographics, typically does not accept Medicaid. [DEEP SEARCH 2026 UPDATE]: Recently expanded into the East Village (14th St) in a former dispensary space. Tri-state presence exceeds 60+ locations.
[ROUND 3 UPDATE - Marketing Strategy]: Heavy presence on TikTok and Instagram Reels for marketing, targeting Millennials and Gen Z with posture, 'desk-job' ergonomics, and lifestyle tips.
[ROUND 5 - Recruiting]: Voted best place to work in healthcare multiple times. They attract top-tier new DPT grads because of their vibrant, young corporate culture and heavy social media presence.",Unknown,High Threat 🚨,Yes (Sat),40.685238226391,-73.994593591208,"Aetna, BCBS, Cigna, UHC, Medicare, Medicaid",Existing specific data retained (spear physical therapy),"Aetna, BCBS, Cigna, UHC, Medicare, Medicaid",11231.0,12.8
Quantum PT & Chiropractic,No,Inwood,"26 Sherman Ave, Ste B, New York, NY 10040",4.5,150.0,2012,,9:00 AM - 7:00 PM,,9:00 AM - 7:00 PM,,9:00 AM - 7:00 PM,,9:00 AM - 7:00 PM,,9:00 AM - 7:00 PM,,Closed - Closed,,Closed - Closed,,,,,,"Chiropractic, PT, orthopedics, neurology, pain management — auto accident & No-Fault specialty","No-Fault, Workers' Comp, Medicare, most major commercial plans",quantumchiropt.com,(646) 914-7747,Multi-specialty: PT + Chiro. Part of InjuryDocsNow network. Heavy No-Fault/auto focus.,https://www.google.com/maps/search/?api=1&query=Quantum%20PT%20%26%20Chiropractic%2026%20Sherman%20Ave%2C%20Ste%20B%2C%20New%20York%2C%20NY%2010040,,Injury Docs Now network (2012),10+ locations,No,"English, Spanish",4.5,30.0,IG: @quantumchiro,"Chiropractic tables, neurology tools",No,4,Quantum PT & Chiropractic Jamaica — 10+ locations; 197 reviews; multi-specialty PT + chiropractic + neurology + auto accident No-Fault specialty.,"Official Website: quantumchiropt.com
Google: https://www.google.com/search?q=Quantum%20PT%20%26%20Chiropractic%20NYC%20physical%20therapy
Yelp: https://www.yelp.com/search?find_desc=Quantum%20PT%20%26%20Chiropractic","High patient volume, extended operating hours, strong community integration.",Primary threat due to matching or exceeding operating hours and high review scores.,Unknown,Moderate Threat ⚠️,No,40.862759514001,-73.928375622827,"Medicare, No-Fault, Workers' Comp, Aetna, BCBS, Cigna, UHC, Oxford, Medicaid, EmblemHealth, GHI, Empire, Fidelis, Healthfirst, Humana, 1199","nan | Expanded ""Most Major Plans"" within combo value","Medicare, No-Fault, Workers' Comp, Most Major Plans",10040.0,9.81
Hudson Physical Therapy,No,Riverdale,"2600 Netherland Ave #121, Bronx, NY 10463",5.0,153.0,,,8:00 AM - 8:00 PM,,8:00 AM - 8:00 PM,,8:00 AM - 8:00 PM,,8:00 AM - 8:00 PM,,8:00 AM - 8:00 PM,,Closed - Closed,,Closed - Closed,,,,,,"General orthopedic PT, post-surgical, sports rehab",Verify with clinic,Not found - verify directly with clinic,,Perfect rating. Consistent 8 AM–8 PM every weekday. Strong hours advantage over PT of the City.,https://www.google.com/maps/search/?api=1&query=Hudson%20Physical%20Therapy%202600%20Netherland%20Ave%20%23121%2C%20Bronx%2C%20NY%2010463,,Independent Local Ownership,,No (In-person Focus),"English, Spanish (Standard NYC)",,,Limited/Inactive Profiles,Standard Outpatient Ortho Equipment,No (Clinic Only),Verify,,"Google: https://www.google.com/search?q=Hudson%20Physical%20Therapy%20NYC%20physical%20therapy
Yelp: https://www.yelp.com/search?find_desc=Hudson%20Physical%20Therapy",Standard outpatient physical therapy services.,Requires monitoring if review count increases or hours expand.,Unknown,High Threat 🚨,No,40.878470713795,-73.916129234082,"Aetna, BCBS, Cigna, UHC, Oxford, Medicare, Medicaid, EmblemHealth, GHI, Empire, Fidelis, Healthfirst, Humana, 1199, No-Fault, Workers' Comp","nan | ""Verification Required"" replaced with standard NYC PT insurance panel (estimated)",Verification Required,10463.0,10.94
Equilibrium Physical Therapy,No,Lenoxhill,"261 E 78th St, NY 10075",4.8,198.0,~2010s,,7:00 AM - 8:00 PM,,7:00 AM - 8:00 PM,,7:00 AM - 8:00 PM,,7:00 AM - 8:00 PM,,7:00 AM - 8:00 PM,,Closed - Closed,,Closed - Closed,,65.0,0.0,65.0,Monday: 7:00 AM - 8:00 PM | Tuesday: 7:00 AM - 8:00 PM | Wednesday: 7:00 AM - 8:00 PM | Thursday: 7:00 AM - 8:00 PM | Friday: 7:00 AM - 8:00 PM | Saturday: Closed | Sunday: Closed,Boutique orthopedic PT; evidence-based; 1-on-1 only; private rooms; pelvic floor; women's health — anti-overbooking model,All major insurance plans; complimentary billing & claims management,equilibriumpt.com,,1 block away; 198 reviews; open until 8PM every weekday,https://www.google.com/maps/search/?api=1&query=Equilibrium%20Physical%20Therapy%20261%20E%2078th%20St%2C%20NY%2010075,0.2,Independent Local Ownership,1–2 locations,No,English,4.8,35.0,Limited/Inactive Profiles,"1-on-1 private rooms, pelvic floor",No,4,Equilibrium PT Lenox Hill — 198 reviews; 4.8★; 1 block from PT of City; boutique anti-overbooking model; 1-on-1 only + private rooms; open until 8PM every weekday; pelvic floor + women's health.,"Official Website: equilibriumpt.com
Google: https://www.google.com/search?q=Equilibrium%20Physical%20Therapy%20NYC%20physical%20therapy
Yelp: https://www.yelp.com/search?find_desc=Equilibrium%20Physical%20Therapy","High patient volume, extended operating hours, strong community integration.",Primary threat due to matching or exceeding operating hours and high review scores.,~26 patients/day,High Threat 🚨,No,40.773078474066,-73.956401554739,"Aetna, BCBS, Cigna, UHC, Oxford, Medicare, Medicaid, EmblemHealth, GHI, Empire, Fidelis, Healthfirst, Humana, 1199, No-Fault, Workers' Comp","nan | ""Unknown/Not Listed"" replaced with standard NYC PT insurance panel (estimated)",Unknown / Not Listed,10075.0,11.03
Spear Physical Therapy — Chelsea,No,Chelsea,"269 W 16th St, NY 10011",4.9,372.0,1999,,7:00 AM - 8:00 PM,,7:00 AM - 8:00 PM,,7:00 AM - 8:00 PM,,7:00 AM - 8:00 PM,,7:00 AM - 8:00 PM,,9:00 AM - 1:00 PM,,Closed - Closed,,,,,,"Orthopedic, sports injury, pelvic floor PT, OT, kinesiotaping, vestibular therapy, pediatrics, golf swing analysis, running analysis","Aetna, BCBS, Cigna, Medicare, UHC — Medicaid NOT accepted",spearcenter.com,,Strongest competitor; 372 reviews; open Saturday; 7AM open daily,https://www.google.com/maps/search/?api=1&query=Spear%20Physical%20Therapy%20%E2%80%94%20Chelsea%20269%20W%2016th%20St%2C%20NY%2010011,,Independent Local Ownership,,No (In-person Focus),"English, Spanish (Standard NYC)",,,Limited/Inactive Profiles,Standard Outpatient Ortho Equipment,No (Clinic Only),Verify,,"Official Website: spearcenter.com
Google: https://www.google.com/search?q=Spear%20Physical%20Therapy%20%E2%80%94%20Chelsea%20NYC%20physical%20therapy
Yelp: https://www.yelp.com/search?find_desc=Spear%20Physical%20Therapy%20%E2%80%94%20Chelsea","Premium brand perception, telehealth 'Spear Live', extensive specialized therapies (golf, TMJ, pelvic floor).","Inc. Top 5000 company. Targets higher-income demographics, typically does not accept Medicaid. [DEEP SEARCH 2026 UPDATE]: Recently expanded into the East Village (14th St) in a former dispensary space. Tri-state presence exceeds 60+ locations.
[ROUND 3 UPDATE - Marketing Strategy]: Heavy presence on TikTok and Instagram Reels for marketing, targeting Millennials and Gen Z with posture, 'desk-job' ergonomics, and lifestyle tips.
[ROUND 5 - Recruiting]: Voted best place to work in healthcare multiple times. They attract top-tier new DPT grads because of their vibrant, young corporate culture and heavy social media presence.",Unknown,High Threat 🚨,Yes (Sat),40.740622598755,-74.000318963372,"Aetna, BCBS, Cigna, UHC, Medicare, Medicaid",Existing specific data retained (spear physical therapy),"Aetna, BCBS, Cigna, UHC, Medicare, Medicaid",10011.0,12.6
MOTION Sports Medicine,No,Cobble Hill,"27 Smith St 3rd Floor, Brooklyn, NY 11201",4.8,118.0,2015 (MOTION PT Group),,6:30 AM - 7:30 PM,,8:00 AM - 7:30 PM,,6:40 AM - 7:30 PM,,8:00 AM - 7:30 PM,,7:00 AM - 4:00 PM,,8:00 AM - 2:00 PM,,Closed - Closed,,,,,,"Orthopedic, sports rehab, neurologic therapy, aquatic therapy, hand therapy — opens earliest at 6:30AM Mon; Montefiore partner","30+ commercial plans, Medicare, Medicaid, EmblemHealth, NYCE PPO",motionptg.com,718-488-0001,"EARLIEST OPEN 6:30AM Mon, sports medicine focus | Opens extremely early for early birds",https://www.google.com/maps/search/?api=1&query=MOTION%20Sports%20Medicine%2027%20Smith%20St%203rd%20Floor%2C%20Brooklyn%2C%20NY%2011201,,Independent Local Ownership,,No (In-person Focus),"English, Spanish (Standard NYC)",,,Limited/Inactive Profiles,Standard Outpatient Ortho Equipment,No (Clinic Only),Verify,,"Official Website: motionptg.com
Google: https://www.google.com/search?q=MOTION%20Sports%20Medicine%20NYC%20physical%20therapy
Yelp: https://www.yelp.com/search?find_desc=MOTION%20Sports%20Medicine","Direct hospital integration (Montefiore), advanced diagnostics (MSKUS, EMG).","Strong physician referral network due to hospital ties. 'Hands-On' recently merged into MOTION.
[ROUND 5 - Referrals]: Direct EMR integration with Montefiore. Doctors can send PT referrals internally through Epic, making them highly dominant in the Bronx and Queens hospital systems.",Unknown,Moderate Threat ⚠️,Yes (Sat),40.690616474049,-73.987727886588,"Medicare, Medicaid, Emblem, EmblemHealth",Existing specific data retained (motion sports medicine),"Medicare, Medicaid, Emblem, EmblemHealth",11201.0,9.96
Riverdale Physical Therapy,No,Riverdale,"2735 Henry Hudson Pkwy W, Bronx, NY 10463",4.9,92.0,,,8:30 AM - 7:00 PM,,8:30 AM - 7:00 PM,,8:30 AM - 7:00 PM,,8:30 AM - 7:00 PM,,8:30 AM - 7:00 PM,,Closed - Closed,,Closed - Closed,,52.5,0.0,52.5,Monday: 8:30 AM - 7:00 PM | Tuesday: 8:30 AM - 7:00 PM | Wednesday: 8:30 AM - 7:00 PM | Thursday: 8:30 AM - 7:00 PM | Friday: 8:30 AM - 7:00 PM | Saturday: Closed | Sunday: Closed,"Orthopedic PT, manual therapy, general outpatient rehab",Verify with clinic,Not found - verify directly with clinic,,Same Johnson Ave / Henry Hudson corridor. High rating. Closes 7 PM vs. PT of City's 6 PM.,https://www.google.com/maps/search/?api=1&query=Riverdale%20Physical%20Therapy%202735%20Henry%20Hudson%20Pkwy%20W%2C%20Bronx%2C%20NY%2010463,1.0,Independent Local Ownership,,No (In-person Focus),"English, Spanish (Standard NYC)",,,Limited/Inactive Profiles,Standard Outpatient Ortho Equipment,No (Clinic Only),Verify,,"Google: https://www.google.com/search?q=Riverdale%20Physical%20Therapy%20NYC%20physical%20therapy
Yelp: https://www.yelp.com/search?find_desc=Riverdale%20Physical%20Therapy",Standard outpatient physical therapy services.,Requires monitoring if review count increases or hours expand.,~21 patients/day,Moderate Threat ⚠️,No,40.881920754298,-73.916996872484,"Aetna, BCBS, Cigna, UHC, Oxford, Medicare, Medicaid, EmblemHealth, GHI, Empire, Fidelis, Healthfirst, Humana, 1199, No-Fault, Workers' Comp","nan | ""Verification Required"" replaced with standard NYC PT insurance panel (estimated)",Verification Required,10463.0,9.65
Theradynamics PT & OT — Riverdale,No,Riverdale,"280 W 231st St, Bronx, NY 10463",4.6,334.0,2010 (est.),,8:00 AM - 8:00 PM,,8:00 AM - 7:00 PM,,8:00 AM - 8:00 PM,,8:00 AM - 7:00 PM,,8:00 AM - 8:00 PM,,9:00 AM - 3:00 PM,,Closed - Closed,,,,,,"PT + OT, sports rehab, pediatric PT/OT, hand/upper extremity therapy, isokinetic testing",Most major plans accepted; insurance-friendly multi-location network,theradynamics.com,,Highest review count. Latest closing (8 PM Mon/Wed/Fri). Open Saturdays. Major threat.,https://www.google.com/maps/search/?api=1&query=Theradynamics%20PT%20%26%20OT%20%E2%80%94%20Riverdale%20280%20W%20231st%20St%2C%20Bronx%2C%20NY%2010463,,Independent Local Ownership,"14+ locations (NYC, NJ)",Yes,"English, Spanish",4.0,20.0,IG: @theradynamics,"Infrared sauna, IV Reviv therapy, isokinetic testing, NEUBIE therapy",No,5,"Theradynamics — 14+ locations; tech-infused (infrared sauna, IV therapy); 334 reviews; latest hours (8PM Mon/Wed/Fri); open Saturdays; PT+OT+pediatric+hand therapy; in-network virtually ALL major plans.","Official Website: theradynamics.com
Google: https://www.google.com/search?q=Theradynamics%20PT%20%26%20OT%20%E2%80%94%20Riverdale%20NYC%20physical%20therapy
Yelp: https://www.yelp.com/search?find_desc=Theradynamics%20PT%20%26%20OT%20%E2%80%94%20Riverdale","Tech-infused therapy (Infrared sauna, NEUBIE, IV therapy) combined with standard PT/OT.",Heavy investment in recovery technology. Unusually broad insurance acceptance.,Unknown,Moderate Threat ⚠️,Yes (Sat),40.880382507262,-73.90774452068,"Aetna, Cigna, UHC, Medicare, Medicaid, Fidelis, Healthfirst, Department of Labor, BCBS, Oxford, EmblemHealth, GHI, Empire, Humana, 1199, No-Fault, Workers' Comp","Chain upgrade from Most Major Plans: theradynamics | Expanded ""Most Major Plans"" within combo value",Most Major Plans,10463.0,11.62
PT of The City — Physical Therapy Cobble Hill,Yes,Cobble Hill,"286 Court St, Brooklyn, NY 11231 (YOUR CLINIC)",4.9,132.0,2005 (est.),,9:00 AM - 5:00 PM,,8:00 AM - 7:00 PM,,9:00 AM - 5:00 PM,,8:00 AM - 7:00 PM,,9:00 AM - 5:00 PM,,Closed - Closed,,Closed - Closed,,,,,,"General orthopedic PT, post-surgical, sports rehab",Most major plans; verify with clinic,ptofthecity.com,718-648-0888,"YOUR CLINIC | Near Union Market, Court St location | Limited early morning hours vs competitors",https://www.google.com/maps/search/?api=1&query=PT%20of%20The%20City%20Physical%20Therapy%20Cobble%20Hill%20286%20Court%20St%2C%20Brooklyn%2C%20NY%2011231%20%28YOUR%20CLINIC%29,,PT of The City (your clinic),20+ locations across NYC,No (In-person Focus),English; varies by location,,,Limited/Inactive Profiles,Standard Outpatient Ortho Equipment,Yes (PT of The City – Home Care),,,"Official Website: ptofthecity.com
Google: https://www.google.com/search?q=PT%20of%20The%20City%20Physical%20Therapy%20Cobble%20Hill%20NYC%20physical%20therapy
Yelp: https://www.yelp.com/search?find_desc=PT%20of%20The%20City%20Physical%20Therapy%20Cobble%20Hill","YOUR CLINIC: Core focus on community access, strong availability, bilingual staff, and high patient ratings.","Maintain strong SEO and reviews. Target extended hours where competitors are currently winning.
[ROUND 3 UPDATE - Pricing Model]: Primarily an Out-Of-Network (OON) cash-based practice. Initial evaluations can cost upwards of $250-$300, targeting a high-end, premium demographic.",Unknown,Moderate Threat ⚠️,No,40.684394518932,-73.994999407704,"Aetna, BCBS, Cigna, UHC, Oxford, Medicare, Medicaid, EmblemHealth, GHI, Empire, Fidelis, Healthfirst, Humana, 1199, No-Fault, Workers' Comp","Existing specific data retained (pt of the city) | Expanded ""Most Major Plans"" to standard NYC PT insurance panel",Most Major Plans,11231.0,10.41
PT of The City — Refuah Physical Therapy,Yes,Midwood,"2918 Avenue M, Brooklyn, NY 11210",5.0,13.0,,,9:00 AM - 8:00 PM,,9:00 AM - 2:00 PM,,9:00 AM - 7:30 PM,,9:00 AM - 8:00 PM,,9:00 AM - 2:00 PM,,Closed - Closed,,Closed - Closed,,42.5,0.0,42.5,Monday: 9:00 AM - 8:00 PM | Tuesday: 9:00 AM - 2:00 PM | Wednesday: 9:00 AM - 7:30 PM | Thursday: 9:00 AM - 8:00 PM | Friday: 9:00 AM - 2:00 PM | Saturday: Closed | Sunday: Closed,"General orthopedic PT — community-focused, Jewish community clientele",Verify with clinic,ptofthecity.com,,Perfect rating. Varied daily hours. On same Avenue M as YOUR CLINIC. Very low review count.,https://www.google.com/maps/search/?api=1&query=Refuah%20Physical%20Therapy%202918%20Avenue%20M%2C%20Brooklyn%2C%20NY%2011210,0.7,PT of The City (your clinic),20+ locations across NYC,No (In-person Focus),English; varies by location,,,Limited/Inactive Profiles,Standard Outpatient Ortho Equipment,Yes (PT of The City – Home Care),,,"Google: https://www.google.com/search?q=Refuah%20Physical%20Therapy%20NYC%20physical%20therapy
Yelp: https://www.yelp.com/search?find_desc=Refuah%20Physical%20Therapy","YOUR CLINIC: Core focus on community access, strong availability, bilingual staff, and high patient ratings.",Maintain strong SEO and reviews. Target extended hours where competitors are currently winning.,~17 patients/day,Normal,No,40.619461984356,-73.946272665306,"Aetna, BCBS, Cigna, UHC, Oxford, Medicare, Medicaid, EmblemHealth, GHI, Empire, Fidelis, Healthfirst, Humana, 1199, No-Fault, Workers' Comp","Chain lookup: pt of the city | Expanded ""Most Major Plans"" to standard NYC PT insurance panel",Verification Required,11210.0,5.73
Physical Therapy Nest,No,Sheepshead Bay,"2919 Ave S, Brooklyn, NY 11229",5.0,67.0,,,9:00 AM - 7:00 PM,,9:00 AM - 7:00 PM,,9:00 AM - 7:00 PM,,9:00 AM - 7:00 PM,,8:00 AM - 2:30 PM,,Closed - Closed,,Closed - Closed,,,,,,"Orthopedic PT, manual therapy, patient-centered boutique care",Verify with clinic,Not found - verify directly with clinic,,Excellent reviews. Patient-centered boutique approach. Closes 2:30 PM Friday.,https://www.google.com/maps/search/?api=1&query=Physical%20Therapy%20Nest%202919%20Ave%20S%2C%20Brooklyn%2C%20NY%2011229,,Independent Local Ownership,,No (In-person Focus),"English, Spanish (Standard NYC)",,,Limited/Inactive Profiles,Standard Outpatient Ortho Equipment,No (Clinic Only),Verify,,"Google: https://www.google.com/search?q=Physical%20Therapy%20Nest%20NYC%20physical%20therapy
Yelp: https://www.yelp.com/search?find_desc=Physical%20Therapy%20Nest",Standard outpatient physical therapy services.,Requires monitoring if review count increases or hours expand.,Unknown,Moderate Threat ⚠️,No,40.605098745646,-73.943067548021,"Aetna, BCBS, Cigna, UHC, Oxford, Medicare, Medicaid, EmblemHealth, GHI, Empire, Fidelis, Healthfirst, Humana, 1199, No-Fault, Workers' Comp","nan | ""Verification Required"" replaced with standard NYC PT insurance panel (estimated)",Verification Required,11229.0,9.16
PT of The City — Astoria (C1),Yes,Astoria,"30-63 31st St Ste C1, Astoria, NY 11102",5.0,214.0,~2018 (est.),,9:00 AM - 7:00 PM,,9:00 AM - 7:00 PM,,9:00 AM - 7:00 PM,,9:00 AM - 7:00 PM,,9:00 AM - 7:00 PM,,9:00 AM - 12:00 PM,,Closed - Closed,,,,,,"Pelvic health PT (women & men), orthopedic, sports rehab, Parkinson's (LSVT BIG certified), manual therapy — 1-on-1 DPT model; 4-location multi-specialty practice",Most major plans; Workers' Comp; No-Fault; verify at polarisphysicaltherapy.com,polarisphysicaltherapy.com,(929) 484-2422,"Perfect 5.0 rating; pelvic health specialty (women & men); 1-on-1 care model; LSVT BIG certified (Parkinson's). 4 locations (Astoria, Maspeth, Brooklyn, Malverne). Sat AM only (9AM–12PM). Same weekday hours as your clinic — direct head-to-head.",https://www.google.com/maps/search/?api=1&query=Polaris%20Physical%20Therapy%2030-63%2031st%20St%20Ste%20C1%2C%20Astoria%2C%20NY%2011102,,Independent Local Ownership,4 locations,No,English,5.0,22.0,IG: @polarisphysicaltherapy,"Pelvic health, LSVT BIG",No,3,Polaris PT Astoria — est. 2018; 214 reviews; perfect 5.0★; pelvic health specialty; LSVT BIG Parkinson's certified; Saturday AM 9AM–12PM.,"Official Website: polarisphysicaltherapy.com
Google: https://www.google.com/search?q=Polaris%20Physical%20Therapy%20NYC%20physical%20therapy
Yelp: https://www.yelp.com/search?find_desc=Polaris%20Physical%20Therapy","YOUR CLINIC: Core focus on community access, strong availability, bilingual staff, and high patient ratings.",Maintain strong SEO and reviews. Target extended hours where competitors are currently winning.,Unknown,High Threat 🚨,Yes (Sat),40.76537983872,-73.922524423078,"No-Fault, Workers' Comp, Aetna, BCBS, Cigna, UHC, Oxford, Medicare, Medicaid, EmblemHealth, GHI, Empire, Fidelis, Healthfirst, Humana, 1199","Existing specific data retained (pt of the city) | Expanded ""Most Major Plans"" within combo value","No-Fault, Workers' Comp, Most Major Plans",11102.0,11.66
Millennium PT — Astoria,No,Astoria,"30-63 38th St, Astoria, NY 11103",4.7,187.0,~Late 1990s,,8:30 AM - 8:00 PM,,8:30 AM - 6:30 PM,,8:30 AM - 8:00 PM,,9:00 AM - 6:30 PM,,8:30 AM - 8:00 PM,,8:30 AM - 2:30 PM,,Closed - Closed,,,,,,"Orthopedic PT, sports medicine & rehab, neck/back rehab, hand therapy, pediatric PT, kinesio taping, ART, laser therapy, LSVT BIG (Parkinson's), IASTM, trigger point/myofascial — HSS Rehab Network member","Aetna, Cigna, Empire BCBS, Health Net, Medicare, No-Fault, Oxford, PHCS/Multiplan, UHC, Workers' Comp — most insurances accepted",mptsm.com,(718) 932-1269,✅ NOTE: Now open Saturday 8:30AM–2:30PM (original data showed Closed — corrected). Open until 8PM Mon/Wed/Fri. HSS Rehab Network member. 2 locations (Astoria + Bay Ridge). Comprehensive orthopedic/sports/neuro/pediatric services; LSVT BIG Parkinson's certified.,https://www.google.com/maps/search/?api=1&query=Millennium%20PT%20%E2%80%94%20Astoria%2030-63%2038th%20St%2C%20Astoria%2C%20NY%2011103,,Independent Local Ownership,2 locations,No,"English, Greek, Spanish",4.0,28.0,Limited/Inactive Profiles,"ART, laser therapy, IASTM, LSVT BIG",No,4,Millennium PT Astoria — late 1990s; 187 reviews; HSS Rehab Network member; ART + laser + IASTM + LSVT BIG Parkinson's; open Sat 8:30AM–2:30PM.,"Official Website: mptsm.com
Google: https://www.google.com/search?q=Millennium%20PT%20%E2%80%94%20Astoria%20NYC%20physical%20therapy
Yelp: https://www.yelp.com/search?find_desc=Millennium%20PT%20%E2%80%94%20Astoria","High patient volume, extended operating hours, strong community integration.",Primary threat due to matching or exceeding operating hours and high review scores.,Unknown,Moderate Threat ⚠️,Yes (Sat),40.762622131003,-73.917044333561,"Aetna, BCBS, Cigna, UHC, Oxford, Medicare, No-Fault, Workers' Comp, Empire, Multiplan, PHCS",,"Aetna, BCBS, Cigna, UHC, Oxford, Medicare, No-Fault, Workers' Comp, Empire, Multiplan, PHCS",11103.0,10.69
Apollo Physical Therapy,No,Central Harlem,"304 W 117th St, New York, NY 10026",4.5,8.0,2001,,10:00 AM - 6:30 PM,,10:00 AM - 6:30 PM,,10:00 AM - 6:30 PM,,10:00 AM - 6:30 PM,,10:00 AM - 6:30 PM,,Closed - Closed,,Closed - Closed,,44.0,0.0,44.0,Monday: 10:00 AM - 7:00 PM | Tuesday: 11:00 AM - 7:00 PM | Wednesday: 10:00 AM - 7:00 PM | Thursday: 10:00 AM - 7:00 PM | Friday: 10:00 AM - 7:00 PM | Saturday: Closed | Sunday: Closed,"General orthopedic PT, dry needling, individualized one-on-one rehab — community focused",Verify directly: (917) 493-9600 | apolloptnyc.com,apolloptnyc.com,,"Est. 2001, community focused",https://www.google.com/maps/search/?api=1&query=Apollo%20Physical%20Therapy%20304%20W%20117th%20St%2C%20New%20York%2C%20NY%2010026,1.0,Independent Local Ownership,,No (In-person Focus),"English, Spanish (Standard NYC)",,,Limited/Inactive Profiles,Standard Outpatient Ortho Equipment,No (Clinic Only),Verify,,"Official Website: apolloptnyc.com
Google: https://www.google.com/search?q=Apollo%20Physical%20Therapy%20NYC%20physical%20therapy
Yelp: https://www.yelp.com/search?find_desc=Apollo%20Physical%20Therapy",Standard outpatient physical therapy services.,Requires monitoring if review count increases or hours expand.,~18 patients/day,Normal,No,40.805115955019,-73.955087779122,"Aetna, BCBS, Cigna, UHC, Oxford, Medicare, Medicaid, EmblemHealth, GHI, Empire, Fidelis, Healthfirst, Humana, 1199, No-Fault, Workers' Comp","nan | ""Verification Required"" replaced with standard NYC PT insurance panel (estimated)",Verification Required,10026.0,4.29
PT of The City — Astoria (21st),Yes,Astoria,"31-64 21st St, Astoria, NY 11106",4.9,123.0,2005 (est.),,9:00 AM - 7:00 PM,,9:00 AM - 7:00 PM,,9:00 AM - 7:00 PM,,9:00 AM - 7:00 PM,,9:00 AM - 7:00 PM,,9:00 AM - 5:00 PM,,Closed - Closed,,,,,,"General orthopedic PT, post-surgical, sports rehab",Most major plans; verify with clinic,ptofthecity.com,718-648-0888,YOUR CLINIC | Strong 4.9 rating; 123 reviews; open Saturday 9AM–5PM. Opens later than top competitor (9AM vs 7:30AM). Key gap: Saturday closes at 5PM while Hands-On closes at 4PM — slight advantage. Opportunity to extend to 8PM weekdays.,https://www.google.com/maps/search/?api=1&query=PT%20of%20The%20City%20%E2%80%94%20Astoria%2031-64%2021st%20St%2C%20Astoria%2C%20NY%2011106,,PT of The City (your clinic),20+ locations across NYC,No (In-person Focus),English; varies by location,,,Limited/Inactive Profiles,Standard Outpatient Ortho Equipment,Yes (PT of The City – Home Care),,,"Official Website: ptofthecity.com
Google: https://www.google.com/search?q=PT%20of%20The%20City%20%E2%80%94%20Astoria%20NYC%20physical%20therapy
Yelp: https://www.yelp.com/search?find_desc=PT%20of%20The%20City%20%E2%80%94%20Astoria","YOUR CLINIC: Core focus on community access, strong availability, bilingual staff, and high patient ratings.",Maintain strong SEO and reviews. Target extended hours where competitors are currently winning.,Unknown,Moderate Threat ⚠️,Yes (Sat),40.765813947744,-73.931217502011,"Aetna, BCBS, Cigna, UHC, Oxford, Medicare, Medicaid, EmblemHealth, GHI, Empire, Fidelis, Healthfirst, Humana, 1199, No-Fault, Workers' Comp","Existing specific data retained (pt of the city) | Expanded ""Most Major Plans"" to standard NYC PT insurance panel",Most Major Plans,11106.0,10.26
PT of The City — Hell's Kitchen,Yes,Hellskitchen,"311A W 50th St, NY 10019",4.8,463.0,2005 (est.),,7:00 AM - 8:00 PM,,8:00 AM - 8:00 PM,,7:00 AM - 8:00 PM,,8:00 AM - 8:00 PM,,7:00 AM - 8:00 PM,,Closed - Closed,,Closed - Closed,,,,,,"General orthopedic PT, post-surgical, sports rehab",Most major plans; verify with clinic,ptofthecity.com,,"YOUR CLINIC | 463 reviews; staggered hours (7AM Mon/Wed/Fri, 8AM Tue/Thu). No Saturday coverage — gap vs Spear.",https://www.google.com/maps/search/?api=1&query=PT%20of%20The%20City%20%E2%80%94%20Hell%27s%20Kitchen%20311A%20W%2050th%20St%2C%20NY%2010019,,PT of The City (your clinic),20+ locations across NYC,No (In-person Focus),English; varies by location,,,Limited/Inactive Profiles,Standard Outpatient Ortho Equipment,Yes (PT of The City – Home Care),,,"Official Website: ptofthecity.com
Google: https://www.google.com/search?q=PT%20of%20The%20City%20%E2%80%94%20Hell%27s%20Kitchen%20NYC%20physical%20therapy
Yelp: https://www.yelp.com/search?find_desc=PT%20of%20The%20City%20%E2%80%94%20Hell%27s%20Kitchen","YOUR CLINIC: Core focus on community access, strong availability, bilingual staff, and high patient ratings.",Maintain strong SEO and reviews. Target extended hours where competitors are currently winning.,Unknown,High Threat 🚨,No,40.762626661023,-73.986751223021,"Aetna, BCBS, Cigna, UHC, Oxford, Medicare, Medicaid, EmblemHealth, GHI, Empire, Fidelis, Healthfirst, Humana, 1199, No-Fault, Workers' Comp","Existing specific data retained (pt of the city) | Expanded ""Most Major Plans"" to standard NYC PT insurance panel",Most Major Plans,10019.0,12.8
One Step Physical Therapy P.C.,No,Churchave,"3120 Church Ave, Brooklyn NY 11226",5.0,87.0,2018,,9:00 AM - 7:00 PM,,9:00 AM - 5:00 PM,,9:00 AM - 7:00 PM,,9:00 AM - 5:00 PM,,9:00 AM - 7:00 PM,,10:00 AM - 3:00 PM,,Closed - Closed,,,,,,"Orthopedic + neurological PT, manual therapy, Parkinson's PWR, lymphedema, dry needling, Graston","Aetna, BCBS, Cigna, EmblemHealth, Medicare + 200 more in-network plans",onestepphysicaltherapy.com,,Perfect 5.0★ with 492 reviews — top-rated rival on same street. Sat hours. Multi-therapist.,https://www.google.com/maps/search/?api=1&query=One%20Step%20Physical%20Therapy%20P.C.%203120%20Church%20Ave%2C%20Brooklyn%20NY%2011226,,Independent Local Ownership,3–4 locations,Yes,"English, Spanish, French Creole",4.5,30.0,IG: @onestepphysicaltherapy,"Graston, dry needling, Parkinson's PWR certified, lymphedema pump",No,5,One Step PT Church Ave — 492 reviews; perfect 5.0★; top-rated rival on same street as PT of City Church Ave; Parkinson's PWR certified; dry needling; Saturday hours. HIGHEST threat on Church Ave.,"Official Website: onestepphysicaltherapy.com
Google: https://www.google.com/search?q=One%20Step%20Physical%20Therapy%20P.C.%20NYC%20physical%20therapy
Yelp: https://www.yelp.com/search?find_desc=One%20Step%20Physical%20Therapy%20P.C.","High patient volume, extended operating hours, strong community integration.",Primary threat due to matching or exceeding operating hours and high review scores.,Unknown,Normal,Yes (Sat),40.650810595277,-73.948353592238,"Aetna, BCBS, Cigna, Medicare, Emblem, EmblemHealth",,"Aetna, BCBS, Cigna, Medicare, Emblem, EmblemHealth",11226.0,9.72
Peak Dynamics PT & Wellness,No,Hellskitchen,"315 W 57th St #405, NY 10019",5.0,129.0,~2015,,9:00 AM - 7:00 PM,,9:00 AM - 7:00 PM,,9:00 AM - 7:00 PM,,9:00 AM - 7:00 PM,,9:00 AM - 7:00 PM,,Closed - Closed,,Closed - Closed,,,,,,"Orthopedic & sports PT, shockwave therapy, corporate wellness, manual therapy — boutique 1-on-1 model; Dr. Ahmed Nady founder",Most major plans in-network; also out-of-network benefits utilized,peakdynamicspt.com,,5.0 rating; opens late at 9AM; holistic/wellness focus,https://www.google.com/maps/search/?api=1&query=Peak%20Dynamics%20PT%20%26%20Wellness%20315%20W%2057th%20St%20%23405%2C%20NY%2010019,,Independent Local Ownership,,No (In-person Focus),"English, Spanish (Standard NYC)",,,Limited/Inactive Profiles,Standard Outpatient Ortho Equipment,No (Clinic Only),Verify,,"Official Website: peakdynamicspt.com
Google: https://www.google.com/search?q=Peak%20Dynamics%20PT%20%26%20Wellness%20NYC%20physical%20therapy
Yelp: https://www.yelp.com/search?find_desc=Peak%20Dynamics%20PT%20%26%20Wellness",Standard outpatient physical therapy services.,Requires monitoring if review count increases or hours expand.,Unknown,Moderate Threat ⚠️,No,40.767117257827,-73.983665671596,"Aetna, BCBS, Cigna, UHC, Oxford, Medicare, Medicaid, EmblemHealth, GHI, Empire, Fidelis, Healthfirst, Humana, 1199, No-Fault, Workers' Comp, Out-of-Network Only/Boutique","nan | Expanded ""Most Major Plans"" within combo value","Most Major Plans, Out-of-Network Only/Boutique",10019.0,10.57
Hands-On PT — Astoria,No,Astoria,"32-44 31st St, Astoria, NY 11106",4.9,1339.0,1992,,7:30 AM - 8:00 PM,,7:30 AM - 8:00 PM,,7:30 AM - 8:00 PM,,7:30 AM - 8:00 PM,,7:30 AM - 8:00 PM,,8:00 AM - 4:00 PM,,Closed - Closed,,,,,,"Manual therapy, myofascial release, kinesio taping, trigger point therapy, laser therapy, hand therapy, vestibular rehab, SMARTfit training; MSKUS & EMG/NCS diagnostic imaging — leading Queens PT authority","Workers' Comp, most major plans; verify at handsonpt.org",handsonpt.org,(718) 626-2699,"⚠️ HIGHEST THREAT — 1,339 reviews (10× yours); opens 7:30AM daily; open Sat 8AM–4PM; MSKUS & EMG diagnostic imaging on-site; sister company PhysioCare PT. Now partnered with MOTION/Montefiore. Strong community loyalty since 1992.",https://www.google.com/maps/search/?api=1&query=Hands-On%20PT%20%E2%80%94%20Astoria%2032-44%2031st%20St%2C%20Astoria%2C%20NY%2011106,,Dr. Dimitrios Kostopoulos & Dr. Konstantine Rizopoulos,5 locations (+ MOTION/Montefiore),Yes,"English, Greek, Spanish",4.5,29.0,FB: HandsOnCarePT | FB: HandsOnAstoria,"MSKUS, EMG/NCS diagnostic imaging, SMARTfit, laser therapy",No,5,"HIGHEST THREAT in Astoria. 1,339 Google reviews. Now part of MOTION Sports Medicine / Montefiore Einstein partnership. MSKUS & EMG diagnostic imaging on-site. Opens 7:30AM daily, Sat 8AM–4PM.","Official Website: handsonpt.org
Google: https://www.google.com/search?q=Hands-On%20PT%20%E2%80%94%20Astoria%20NYC%20physical%20therapy
Yelp: https://www.yelp.com/search?find_desc=Hands-On%20PT%20%E2%80%94%20Astoria","Direct hospital integration (Montefiore), advanced diagnostics (MSKUS, EMG).",Strong physician referral network due to hospital ties. 'Hands-On' recently merged into MOTION.,Unknown,High Threat 🚨,Yes (Sat),40.760963221069,-73.926287062209,"Workers' Comp, Aetna, BCBS, Cigna, UHC, Oxford, Medicare, Medicaid, EmblemHealth, GHI, Empire, Fidelis, Healthfirst, Humana, 1199, No-Fault","Existing specific data retained (hands-on pt) | Expanded ""Most Major Plans"" within combo value","Workers' Comp, Most Major Plans",11106.0,15.32
Complete Physical Therapy,No,Fordham,"3201 Grand Concourse, Unit 1A, Bronx, NY 10468",4.5,45.0,~2010 (est.),,9:00 AM - 6:00 PM,,9:00 AM - 6:00 PM,,9:00 AM - 6:00 PM,,9:00 AM - 6:00 PM,,9:00 AM - 6:00 PM,,Closed - Closed,,Closed - Closed,,45.0,0.0,45.0,Monday: 9:00 AM - 6:00 PM | Tuesday: 9:00 AM - 6:00 PM | Wednesday: 9:00 AM - 6:00 PM | Thursday: 9:00 AM - 6:00 PM | Friday: 9:00 AM - 6:00 PM | Saturday: Closed | Sunday: Closed,General orthopedic outpatient PT — community network clinic,"Medicare, BCBS, Aetna, United, Cigna, Workers' Comp — completeptcenter.com",completeptcenter.com,,Network clinic,https://www.google.com/maps/search/?api=1&query=Complete%20Physical%20Therapy%203201%20Grand%20Concourse%2C%20Unit%201A%2C%20Bronx%2C%20NY%2010468,0.4,Independent Local Ownership,,No (In-person Focus),"English, Spanish (Standard NYC)",,,Limited/Inactive Profiles,Standard Outpatient Ortho Equipment,No (Clinic Only),Verify,,"Official Website: completeptcenter.com
Google: https://www.google.com/search?q=Complete%20Physical%20Therapy%20NYC%20physical%20therapy
Yelp: https://www.yelp.com/search?find_desc=Complete%20Physical%20Therapy",Standard outpatient physical therapy services.,Requires monitoring if review count increases or hours expand.,~18 patients/day,Normal,No,40.87694701761,-73.885811123011,"Aetna, BCBS, Cigna, Medicare, Workers' Comp",,"Aetna, BCBS, Cigna, Medicare, Workers' Comp",10468.0,7.48
MOTION Sports Medicine — Bainbridge,No,Bronx Allerton Final,"3202 Bainbridge Ave, Bronx NY 10467",4.8,164.0,2015 (MOTION PT Group),,7:30 AM - 6:30 PM,,7:30 AM - 4:00 PM,,7:30 AM - 6:30 PM,,9:00 AM - 5:30 PM,,7:30 AM - 4:00 PM,,Closed - Closed,,Closed - Closed,,,,,,"Orthopedic care, sports rehabilitation, neurologic therapy, aquatic therapy, hand therapy, pediatric therapy; Montefiore partner","30+ commercial plans, Medicare, Medicaid, EmblemHealth (GHI/HIP), NYCE PPO",motionptg.com,,Variable hours by day; closes early Tue/Fri; no Saturday,https://www.google.com/maps/search/?api=1&query=MOTION%20Sports%20Medicine%20%E2%80%94%20Bainbridge%203202%20Bainbridge%20Ave%2C%20Bronx%20NY%2010467,,Independent Local Ownership,,No (In-person Focus),"English, Spanish (Standard NYC)",,,Limited/Inactive Profiles,Standard Outpatient Ortho Equipment,No (Clinic Only),Verify,,"Official Website: motionptg.com
Google: https://www.google.com/search?q=MOTION%20Sports%20Medicine%20%E2%80%94%20Bainbridge%20NYC%20physical%20therapy
Yelp: https://www.yelp.com/search?find_desc=MOTION%20Sports%20Medicine%20%E2%80%94%20Bainbridge","Direct hospital integration (Montefiore), advanced diagnostics (MSKUS, EMG).","Strong physician referral network due to hospital ties. 'Hands-On' recently merged into MOTION.
[ROUND 5 - Referrals]: Direct EMR integration with Montefiore. Doctors can send PT referrals internally through Epic, making them highly dominant in the Bronx and Queens hospital systems.",Unknown,High Threat 🚨,No,40.875828004491,-73.879496686506,"Medicare, Medicaid, Emblem, EmblemHealth, GHI, HIP",Existing specific data retained (motion sports medicine),"Medicare, Medicaid, Emblem, EmblemHealth, GHI, HIP",10467.0,10.64
Deva Physical Therapy,No,Hellskitchen,"322 W 52nd St Ste 1496, NY 10019",5.0,84.0,2011,,8:00 AM - 6:00 PM,,8:00 AM - 6:00 PM,,8:00 AM - 6:00 PM,,8:00 AM - 6:00 PM,,8:00 AM - 5:00 PM,,Closed - Closed,,Closed - Closed,,,,,,"Orthopedic, post-surgical, neurological, geriatric & balance disorders — in-home & clinic; boutique 1-on-1 sessions",Accepts select insurance; primarily out-of-pocket / out-of-network model,devaphysicaltherapy.com,,Closes earliest (5–6PM); smaller boutique practice,https://www.google.com/maps/search/?api=1&query=Deva%20Physical%20Therapy%20322%20W%2052nd%20St%20Ste%201496%2C%20NY%2010019,,Independent Local Ownership,,No (In-person Focus),"English, Spanish (Standard NYC)",,,Limited/Inactive Profiles,Standard Outpatient Ortho Equipment,No (Clinic Only),Verify,,"Official Website: devaphysicaltherapy.com
Google: https://www.google.com/search?q=Deva%20Physical%20Therapy%20NYC%20physical%20therapy
Yelp: https://www.yelp.com/search?find_desc=Deva%20Physical%20Therapy","Focus on Neurological Rehabilitation (Stroke, Parkinson's).",Attracts older demographics and specific physician referrals.,Unknown,Moderate Threat ⚠️,No,40.763772736805,-73.985902204477,Out-of-Network Only/Boutique,,Out-of-Network Only/Boutique,10019.0,9.65
Kines Physical Therapy,No,Riverdale,"3265 Johnson Ave #211, Bronx, NY 10463",5.0,66.0,,,Closed - Closed,,5:00 AM - 8:00 PM,,Closed - Closed,,5:00 AM - 8:00 PM,,5:00 AM - 8:00 PM,,5:00 AM - 8:00 PM,,Closed - Closed,,,,,,General orthopedic PT — early-bird/pre-work appointment focus,Verify with clinic,Not found - verify directly with clinic,,Perfect rating. Unique 5 AM opening (pre-work market). Only 4 days/week. Same Johnson Ave.,https://www.google.com/maps/search/?api=1&query=Kines%20Physical%20Therapy%203265%20Johnson%20Ave%20%23211%2C%20Bronx%2C%20NY%2010463,,Independent Local Ownership,,No (In-person Focus),"English, Spanish (Standard NYC)",,,Limited/Inactive Profiles,Standard Outpatient Ortho Equipment,No (Clinic Only),Verify,,"Google: https://www.google.com/search?q=Kines%20Physical%20Therapy%20NYC%20physical%20therapy
Yelp: https://www.yelp.com/search?find_desc=Kines%20Physical%20Therapy",Standard outpatient physical therapy services.,Requires monitoring if review count increases or hours expand.,Unknown,Moderate Threat ⚠️,Yes (Sat),40.88397901141,-73.910492114591,"Aetna, BCBS, Cigna, UHC, Oxford, Medicare, Medicaid, EmblemHealth, GHI, Empire, Fidelis, Healthfirst, Humana, 1199, No-Fault, Workers' Comp","nan | ""Verification Required"" replaced with standard NYC PT insurance panel (estimated)",Verification Required,10463.0,9.13
Evolve PT — Marine Park,No,Midwood,"3319 Avenue N Suite 1, Brooklyn, NY 11234",5.0,676.0,2010,,8:00 AM - 8:00 PM,,8:00 AM - 8:00 PM,,8:00 AM - 8:00 PM,,8:00 AM - 8:00 PM,,8:00 AM - 3:00 PM,,Closed - Closed,,Closed - Closed,,,,,,"Sports rehab, manual therapy, pediatric PT, scoliosis, pelvic floor, hand therapy, TMJ, OT, running & gait analysis","Medicare, 1199, GHI, UHC, Oxford, BCBS, Fidelis, BCBS Healthplus, Empire Plan, Aetna, Cigna, Horizon",evolveny.com,(718) 258-3300,HIGHEST REVIEWS in area (676). Perfect 5.0 rating. Latest hours (8 PM). Major threat.,https://www.google.com/maps/search/?api=1&query=Evolve%20PT%20%E2%80%94%20Marine%20Park%203319%20Avenue%20N%20Suite%201%2C%20Brooklyn%2C%20NY%2011234,,Lou Ezrick (Owner) / Nathan (Lead PT),4–5 locations,No (in-clinic focus),"English, Spanish",4.5,21.0,IG: @evolvept_brooklyn,"Running gait analysis, video movement analysis, Pilates reformer",No,5,Founded 2010; HIGHEST REVIEWS in Midwood/Marine Park area (676 reviews); perfect 5.0★; operates multiple locations; specializes in sports rehab + pelvic floor + running/gait analysis; open until 8PM weekdays.,"Official Website: evolveny.com
Google: https://www.google.com/search?q=Evolve%20PT%20%E2%80%94%20Marine%20Park%20NYC%20physical%20therapy
Yelp: https://www.yelp.com/search?find_desc=Evolve%20PT%20%E2%80%94%20Marine%20Park","Walk-ins welcome, 7 AM Saturday openings, aggressive review generation.",High patient volume and satisfaction. Very strong local SEO presence in Brooklyn. [DEEP SEARCH 2026 UPDATE]: Owner is Lou Ezrick. 20-provider practice across 5 Brooklyn locations. Highly efficient operations: uses Prompt EMR & self-service Kiosks (evaluations reduced to 10 mins). High patient tech satisfaction.,Unknown,High Threat 🚨,No,40.617604708793,-73.942005176869,"Aetna, BCBS, Cigna, UHC, Oxford, Medicare, Fidelis, GHI, 1199, Empire, Horizon",Existing specific data retained (evolve pt),"Aetna, BCBS, Cigna, UHC, Oxford, Medicare, Fidelis, GHI, 1199, Empire, Horizon",11234.0,14.15
StarPro Physical & Hand Therapy,No,Hellskitchen,"333 W 52nd St Ste 801, NY 10019",5.0,241.0,2002 (Hell's Kitchen location ~2000s),,7:00 AM - 8:00 PM,,7:00 AM - 8:00 PM,,7:00 AM - 8:00 PM,,7:00 AM - 8:00 PM,,7:00 AM - 4:00 PM,,Closed - Closed,,Closed - Closed,,,,,,"Hand therapy & OT, orthopedic, sports & post-surgical rehab — large multi-location chain (StarPro/Professional PT)",Most major plans; front desk verifies insurance,starpropt.com,,5.0 rating; 241 reviews; closes early Fridays at 4PM,https://www.google.com/maps/search/?api=1&query=StarPro%20Physical%20%26%20Hand%20Therapy%20333%20W%2052nd%20St%20Ste%20801%2C%20NY%2010019,,Independent Local Ownership,,No (In-person Focus),"English, Spanish (Standard NYC)",,,Limited/Inactive Profiles,Standard Outpatient Ortho Equipment,No (Clinic Only),Verify,,"Official Website: starpropt.com
Google: https://www.google.com/search?q=StarPro%20Physical%20%26%20Hand%20Therapy%20NYC%20physical%20therapy
Yelp: https://www.yelp.com/search?find_desc=StarPro%20Physical%20%26%20Hand%20Therapy",Standard outpatient physical therapy services.,Requires monitoring if review count increases or hours expand.,Unknown,High Threat 🚨,No,40.763989321417,-73.986104881896,"Aetna, BCBS, Cigna, UHC, Oxford, Medicare, Medicaid, EmblemHealth, GHI, Empire, Fidelis, Healthfirst, Humana, 1199, No-Fault, Workers' Comp","Existing specific data retained (starpro) | Expanded ""Most Major Plans"" to standard NYC PT insurance panel",Most Major Plans,10019.0,11.92
360 Physical Therapy & Wellness,No,Central Harlem,"335/337 Lenox Ave, New York, NY 10037",5.0,4.0,~2015 (est.),,9:00 AM - 5:00 PM,,9:00 AM - 5:00 PM,,9:00 AM - 5:00 PM,,9:00 AM - 5:00 PM,,Closed - Closed,,Closed - Closed,,Closed - Closed,,32.0,0.0,32.0,Monday: 9:00 AM - 5:00 PM | Tuesday: 9:00 AM - 5:00 PM | Wednesday: 9:00 AM - 5:00 PM | Thursday: 9:00 AM - 5:00 PM | Friday: Closed | Saturday: Closed | Sunday: Closed,General outpatient PT & wellness — limited schedule,Verify with clinic,Not found - verify directly with clinic,,"Limited hours, excellent rating",https://www.google.com/maps/search/?api=1&query=360%20Physical%20Therapy%20%26%20Wellness%20335/337%20Lenox%20Ave%2C%20New%20York%2C%20NY%2010037,0.5,Independent Local Ownership,,No (In-person Focus),"English, Spanish (Standard NYC)",,,Limited/Inactive Profiles,Standard Outpatient Ortho Equipment,No (Clinic Only),Verify,,"Google: https://www.google.com/search?q=360%20Physical%20Therapy%20%26%20Wellness%20NYC%20physical%20therapy
Yelp: https://www.yelp.com/search?find_desc=360%20Physical%20Therapy%20%26%20Wellness",Standard outpatient physical therapy services.,Requires monitoring if review count increases or hours expand.,~13 patients/day,Normal,No,40.809047367464,-73.944641463642,"Aetna, BCBS, Cigna, UHC, Oxford, Medicare, Medicaid, EmblemHealth, GHI, Empire, Fidelis, Healthfirst, Humana, 1199, No-Fault, Workers' Comp","nan | ""Verification Required"" replaced with standard NYC PT insurance panel (estimated)",Verification Required,10037.0,3.49
PT of The City — Riverdale,Yes,Riverdale,"3553 Johnson Ave, Bronx, NY 10463",4.9,325.0,2005 (est.),,8:00 AM - 6:00 PM,,8:00 AM - 6:00 PM,,8:00 AM - 6:00 PM,,8:00 AM - 6:00 PM,,8:00 AM - 6:00 PM,,Closed - Closed,,Closed - Closed,,,,,,"General orthopedic PT, post-surgical rehab, sports rehab",Most major plans; verify with clinic,ptofthecity.com,,YOUR CLINIC — Earlier closing (6 PM) vs most competitors. Weekdays only. Strong ratings.,https://www.google.com/maps/search/?api=1&query=PT%20of%20The%20City%20%E2%80%94%20Riverdale%20%28YOUR%20CLINIC%29%203553%20Johnson%20Ave%2C%20Bronx%2C%20NY%2010463,,PT of The City (your clinic),20+ locations across NYC,No (In-person Focus),English; varies by location,,,Limited/Inactive Profiles,Standard Outpatient Ortho Equipment,Yes (PT of The City – Home Care),,,"Official Website: ptofthecity.com
Google: https://www.google.com/search?q=PT%20of%20The%20City%20%E2%80%94%20Riverdale%20%28YOUR%20CLINIC%29%20NYC%20physical%20therapy
Yelp: https://www.yelp.com/search?find_desc=PT%20of%20The%20City%20%E2%80%94%20Riverdale%20%28YOUR%20CLINIC%29","YOUR CLINIC: Core focus on community access, strong availability, bilingual staff, and high patient ratings.",Maintain strong SEO and reviews. Target extended hours where competitors are currently winning.,Unknown,High Threat 🚨,No,40.886190713752,-73.909885806223,"Aetna, BCBS, Cigna, UHC, Oxford, Medicare, Medicaid, EmblemHealth, GHI, Empire, Fidelis, Healthfirst, Humana, 1199, No-Fault, Workers' Comp","Existing specific data retained (pt of the city) | Expanded ""Most Major Plans"" to standard NYC PT insurance panel",Most Major Plans,10463.0,12.31
Theradynamics PT — Hamilton Heights,No,Sugarhill,"3648 Broadway, NY 10031",4.6,145.0,1995,,8:00 AM - 8:00 PM,,8:00 AM - 7:00 PM,,8:00 AM - 8:00 PM,,8:00 AM - 7:00 PM,,8:00 AM - 8:00 PM,,9:00 AM - 4:30 PM,,Closed - Closed,,,,,,"PT & OT, orthopedics, sports rehab, neurology, pediatrics, geriatrics — in-network with virtually ALL major plans; open until 8PM weekdays + Saturday",In-network with virtually ALL major plans (stated policy),theradynamics.com,,Open until 8PM weekdays; open Saturday; strongest hours competitor,https://www.google.com/maps/search/?api=1&query=Theradynamics%20PT%20%E2%80%94%20Hamilton%20Heights%203648%20Broadway%2C%20NY%2010031,,Independent Local Ownership,14+ locations,Yes,"English, Spanish",4.0,12.0,IG: @theradynamics,"Isokinetic testing, tech-infused equipment",No,4,Theradynamics Hamilton Heights — open until 8PM weekdays + Saturday; 145 reviews; strongest hours competitor vs PT of City Sugar Hill.,"Official Website: theradynamics.com
Google: https://www.google.com/search?q=Theradynamics%20PT%20%E2%80%94%20Hamilton%20Heights%20NYC%20physical%20therapy
Yelp: https://www.yelp.com/search?find_desc=Theradynamics%20PT%20%E2%80%94%20Hamilton%20Heights","Tech-infused therapy (Infrared sauna, NEUBIE, IV therapy) combined with standard PT/OT.",Heavy investment in recovery technology. Unusually broad insurance acceptance.,Unknown,Moderate Threat ⚠️,Yes (Sat),40.829881461191,-73.947845070175,"Aetna, Cigna, UHC, Medicare, Medicaid, Fidelis, Healthfirst, Department of Labor, BCBS, Oxford, EmblemHealth, GHI, Empire, Humana, 1199, No-Fault, Workers' Comp","Chain lookup: theradynamics | Expanded ""Most Major Plans"" within combo value",Unknown / Not Listed,10031.0,9.96
Physical Med & Rehab NY,No,Riverdale,"3815 Putnam Ave W, Bronx, NY 10463",4.1,32.0,,,8:30 AM - 7:00 PM,,8:30 AM - 7:00 PM,,8:30 AM - 7:00 PM,,8:30 AM - 7:00 PM,,8:30 AM - 7:00 PM,,8:30 AM - 12:30 PM,,Closed - Closed,,,,,,"Physical medicine & rehab (PM&R), orthopedic PT, pain management",Verify with clinic,Not found - verify directly with clinic,,Lowest rating in area (4.1 ★). Multi-specialty. Open Saturdays. Less competitive threat.,https://www.google.com/maps/search/?api=1&query=Physical%20Med%20%26%20Rehab%20NY%203815%20Putnam%20Ave%20W%2C%20Bronx%2C%20NY%2010463,,Independent Local Ownership,,No (In-person Focus),"English, Spanish (Standard NYC)",,,Limited/Inactive Profiles,Standard Outpatient Ortho Equipment,No (Clinic Only),Verify,,"Google: https://www.google.com/search?q=Physical%20Med%20%26%20Rehab%20NY%20NYC%20physical%20therapy
Yelp: https://www.yelp.com/search?find_desc=Physical%20Med%20%26%20Rehab%20NY",Standard outpatient physical therapy services.,Requires monitoring if review count increases or hours expand.,Unknown,Normal,Yes (Sat),40.884758435281,-73.898887587701,"Aetna, BCBS, Cigna, UHC, Oxford, Medicare, Medicaid, EmblemHealth, GHI, Empire, Fidelis, Healthfirst, Humana, 1199, No-Fault, Workers' Comp","nan | ""Verification Required"" replaced with standard NYC PT insurance panel (estimated)",Verification Required,10463.0,6.23
Signature Physical Therapy,No,Sugarhill,"3834 Broadway, NY 10032",5.0,55.0,~2022 (est.),,9:00 AM - 7:00 PM,,10:00 AM - 6:00 PM,,9:00 AM - 7:00 PM,,10:00 AM - 6:00 PM,,9:00 AM - 7:00 PM,,Closed - Closed,,Closed - Closed,,46.0,5.0,51.0,Monday: 9:00 AM - 7:00 PM | Tuesday: 10:00 AM - 6:00 PM | Wednesday: 9:00 AM - 7:00 PM | Thursday: 10:00 AM - 6:00 PM | Friday: 9:00 AM - 7:00 PM | Saturday: 10:00 AM - 3:00 PM | Sunday: Closed,"Orthopedic, sports injury, neurologic, stroke recovery, vestibular, post-surgical — boutique practice in Washington Heights/Sugar Hill","Aetna, BCBS, Cigna, EmblemHealth, Medicare + 200 more in-network plans",signatureptny.com,,5.0 rating; no weekends; variable hours Mon/Wed/Fri vs Tue/Thu,https://www.google.com/maps/search/?api=1&query=Signature%20Physical%20Therapy%203834%20Broadway%2C%20NY%2010032,1.1,Independent Local Ownership,,No (In-person Focus),"English, Spanish (Standard NYC)",,,Limited/Inactive Profiles,Standard Outpatient Ortho Equipment,No (Clinic Only),Verify,,"Official Website: signatureptny.com
Google: https://www.google.com/search?q=Signature%20Physical%20Therapy%20NYC%20physical%20therapy
Yelp: https://www.yelp.com/search?find_desc=Signature%20Physical%20Therapy","Focus on Neurological Rehabilitation (Stroke, Parkinson's).",Attracts older demographics and specific physician referrals.,~20 patients/day,Moderate Threat ⚠️,No,40.835739326816,-73.943567249172,"Aetna, BCBS, Cigna, Medicare, Emblem, EmblemHealth",,"Aetna, BCBS, Cigna, Medicare, Emblem, EmblemHealth",10032.0,8.74
Hands-On Physical Therapy,No,Castle Hill,"3867 E Tremont Ave, Bronx, NY 10465",4.9,115.0,1992,,8:00 AM - 8:00 PM,,8:00 AM - 8:00 PM,,8:00 AM - 8:00 PM,,8:00 AM - 8:00 PM,,8:00 AM - 8:00 PM,,9:00 AM - 2:00 PM,,Closed - Closed,,,,,,"Manual therapy, myofascial release, laser therapy, diagnostic ultrasound/EMG, sports injuries, back & sciatica, arthritis, TMJ","Workers' Comp, most major plans (confirm with clinic)",handsonpt.org,,Direct competitor; long daily operating hours.,https://www.google.com/maps/search/?api=1&query=Hands-On%20Physical%20Therapy%203867%20E%20Tremont%20Ave%2C%20Bronx%2C%20NY%2010465,,Independent Local Ownership,,No (In-person Focus),"English, Spanish (Standard NYC)",,,Limited/Inactive Profiles,Standard Outpatient Ortho Equipment,No (Clinic Only),Verify,,"Official Website: handsonpt.org
Google: https://www.google.com/search?q=Hands-On%20Physical%20Therapy%20NYC%20physical%20therapy
Yelp: https://www.yelp.com/search?find_desc=Hands-On%20Physical%20Therapy","Direct hospital integration (Montefiore), advanced diagnostics (MSKUS, EMG).",Strong physician referral network due to hospital ties. 'Hands-On' recently merged into MOTION.,Unknown,Moderate Threat ⚠️,Yes (Sat),40.823555211948,-73.81974252527,"Workers' Comp, Aetna, BCBS, Cigna, UHC, Oxford, Medicare, Medicaid, EmblemHealth, GHI, Empire, Fidelis, Healthfirst, Humana, 1199, No-Fault","Existing specific data retained (hands-on physical therapy) | Expanded ""Most Major Plans"" within combo value","Workers' Comp, Most Major Plans",10465.0,10.12
PT of The City — Fordham,Yes,Fordham,"387 Bedford Park Blvd, Bronx, NY 10458",4.97,70.0,2005 (est.),,8:00 AM - 7:00 PM,,8:00 AM - 7:00 PM,,8:00 AM - 7:00 PM,,8:00 AM - 7:00 PM,,8:00 AM - 7:00 PM,,Closed - Closed,,Closed - Closed,,,,,,"Orthopedic PT, post-surgical, sports injury — premier Bronx location",Most major plans accepted — verify at ptofthecity.com,ptofthecity.com,,YOUR CLINIC | Premier location,https://www.google.com/maps/search/?api=1&query=PT%20of%20the%20City%20Fordham%20%28YOUR%20CLINIC%29%20387%20Bedford%20Park%20Blvd%2C%20Bronx%2C%20NY%2010458,,PT of The City (your clinic),20+ locations across NYC,No (In-person Focus),English; varies by location,,,Limited/Inactive Profiles,Standard Outpatient Ortho Equipment,Yes (PT of The City – Home Care),,,"Official Website: ptofthecity.com
Google: https://www.google.com/search?q=PT%20of%20the%20City%20Fordham%20%28YOUR%20CLINIC%29%20NYC%20physical%20therapy
Yelp: https://www.yelp.com/search?find_desc=PT%20of%20the%20City%20Fordham%20%28YOUR%20CLINIC%29","YOUR CLINIC: Core focus on community access, strong availability, bilingual staff, and high patient ratings.",Maintain strong SEO and reviews. Target extended hours where competitors are currently winning.,Unknown,Moderate Threat ⚠️,No,40.86772334352,-73.883921394016,"Aetna, BCBS, Cigna, UHC, Oxford, Medicare, Medicaid, EmblemHealth, GHI, Empire, Fidelis, Healthfirst, Humana, 1199, No-Fault, Workers' Comp","Existing specific data retained (pt of the city) | Expanded ""Most Major Plans"" to standard NYC PT insurance panel",Most Major Plans,10458.0,9.2
Body Alignment PT,No,Hunts Point,"391 E 149th St #614, Bronx, NY 10455",5.0,21.0,~2020 (est.),,10:00 AM - 7:00 PM,,10:00 AM - 7:00 PM,,10:00 AM - 7:00 PM,,10:00 AM - 7:00 PM,,11:00 AM - 7:00 PM,,Closed - Closed,,Closed - Closed,,,,,,General orthopedic outpatient PT; later opening (10–11AM); 5-day weekdays only; boutique operation,Verify directly with clinic,Not found - verify directly with clinic,,Perfect rating - Later opening,https://www.google.com/maps/search/?api=1&query=Body%20Alignment%20PT%20391%20E%20149th%20St%20%23614%2C%20Bronx%2C%20NY%2010455,,Independent Local Ownership,,No (In-person Focus),"English, Spanish (Standard NYC)",,,Limited/Inactive Profiles,Standard Outpatient Ortho Equipment,No (Clinic Only),Verify,,"Google: https://www.google.com/search?q=Body%20Alignment%20PT%20NYC%20physical%20therapy
Yelp: https://www.yelp.com/search?find_desc=Body%20Alignment%20PT",Standard outpatient physical therapy services.,Requires monitoring if review count increases or hours expand.,Unknown,Normal,No,40.816249105363,-73.918069751001,"Aetna, BCBS, Cigna, UHC, Oxford, Medicare, Medicaid, EmblemHealth, GHI, Empire, Fidelis, Healthfirst, Humana, 1199, No-Fault, Workers' Comp","nan | ""Verification Required"" replaced with standard NYC PT insurance panel (estimated)",Verification Required,10455.0,6.71
Metro Physical & Aquatic Therapy,No,Cobble Hill,"400 Court St, Brooklyn, NY 11231",4.7,115.0,1982,,8:00 AM - 8:00 PM,,8:00 AM - 8:00 PM,,8:00 AM - 8:00 PM,,8:00 AM - 8:00 PM,,8:00 AM - 8:00 PM,,8:00 AM - 1:00 PM,,Closed - Closed,,60.0,5.0,65.0,Monday: 8:00 AM - 8:00 PM | Tuesday: 8:00 AM - 8:00 PM | Wednesday: 8:00 AM - 8:00 PM | Thursday: 8:00 AM - 8:00 PM | Friday: 8:00 AM - 8:00 PM | Saturday: 8:00 AM - 1:00 PM | Sunday: Closed,"PT, OT, speech therapy, aquatic therapy (heated saltwater pools), Parkinson's, pelvic floor, Schroth, pediatrics, acupuncture — 60+ locations","Aetna, BCBS, Cigna, EmblemHealth, Medicare + 200 more in-network plans",metrophysicaltherapy.com,718-855-1543,"Aquatic therapy, late 8PM close, Sat hours | Unique aquatic therapy offering",https://www.google.com/maps/search/?api=1&query=Metro%20Physical%20%26%20Aquatic%20Therapy%20400%20Court%20St%2C%20Brooklyn%2C%20NY%2011231,0.6,Independent Local Ownership,,No (In-person Focus),"English, Spanish (Standard NYC)",,,Limited/Inactive Profiles,Standard Outpatient Ortho Equipment,No (Clinic Only),Verify,,"Official Website: metrophysicaltherapy.com
Google: https://www.google.com/search?q=Metro%20Physical%20%26%20Aquatic%20Therapy%20NYC%20physical%20therapy
Yelp: https://www.yelp.com/search?find_desc=Metro%20Physical%20%26%20Aquatic%20Therapy",Specialized in Pelvic Floor & Women's Health.,Captures a niche market with less local competition.,~26 patients/day,Moderate Threat ⚠️,Yes (Sat),40.680581042837,-73.996839644942,"Aetna, BCBS, Cigna, Medicare, Emblem, EmblemHealth",,"Aetna, BCBS, Cigna, Medicare, Emblem, EmblemHealth",11231.0,9.7
Grand Street Wellness Center,No,Brownsville,"407 Rockaway Ave, Brooklyn NY 11212",4.0,8.0,Est. 2015,,9:00 AM - 5:00 PM,,Closed,,Closed,,Closed,,9:00 AM - 2:00 PM,,Closed - Closed,,Closed,,37.0,0.0,37.0,Monday: 9:00 AM - 5:00 PM | Tuesday: 9:00 AM - 5:00 PM | Wednesday: 9:00 AM - 5:00 PM | Thursday: 9:00 AM - 5:00 PM | Friday: 9:00 AM - 2:00 PM | Saturday: Closed | Sunday: Closed,"General wellness PT — 5-day only, closes early Friday (2PM); 8 reviews; limited capacity (low competitive threat)",Most major plans; verify with clinic,Not found - verify directly with clinic,,Closes very early Fri (2 PM). 5-day only. 8 reviews. Mixed feedback including ownership concerns.,https://www.google.com/maps/search/?api=1&query=Grand%20Street%20Wellness%20Center%20407%20Rockaway%20Ave%2C%20Brooklyn%20NY%2011212,0.0,Independent Local Ownership,,No (In-person Focus),"English, Spanish (Standard NYC)",,,Limited/Inactive Profiles,Standard Outpatient Ortho Equipment,No (Clinic Only),Verify,,"Official Website: N/A (no website found)
Google: https://www.google.com/search?q=Grand%20Street%20Wellness%20Center%20NYC%20physical%20therapy
Yelp: https://www.yelp.com/search?find_desc=Grand%20Street%20Wellness%20Center",Standard outpatient physical therapy services.,Requires monitoring if review count increases or hours expand.,~15 patients/day,Normal,No,40.670105870139,-73.91077364926,"Aetna, BCBS, Cigna, UHC, Oxford, Medicare, Medicaid, EmblemHealth, GHI, Empire, Fidelis, Healthfirst, Humana, 1199, No-Fault, Workers' Comp","nan | Expanded ""Most Major Plans"" to standard NYC PT insurance panel",Most Major Plans,11212.0,3.82
One Step Physical Therapy,No,Sugarhill,"4080 Broadway, NY 10032",5.0,196.0,2018,,9:00 AM - 7:00 PM,,9:00 AM - 5:00 PM,,9:00 AM - 7:00 PM,,9:00 AM - 5:00 PM,,9:00 AM - 7:00 PM,,10:00 AM - 3:00 PM,,Closed - Closed,,,,,,"Orthopedic, neurological PT, manual therapy, therapeutic exercises — 1-on-1 care; open Saturday 10AM–3PM; community-focused",In-network with major plans; verify at onestepphysicaltherapy.com,onestepphysicaltherapy.com,,5.0 rating; 196 reviews; open Saturday; good community presence,https://www.google.com/maps/search/?api=1&query=One%20Step%20Physical%20Therapy%204080%20Broadway%2C%20NY%2010032,,Independent Local Ownership,3–4 locations,Yes,"English, Spanish",4.5,25.0,IG: @onestepphysicaltherapy,"Graston, dry needling, Parkinson's tools",No,4,One Step PT Sugar Hill/Washington Heights — 196 reviews; perfect 5.0★; founded 2018; open Saturday 10AM–3PM; dry needling + Graston + Parkinson's PWR certified.,"Official Website: onestepphysicaltherapy.com
Google: https://www.google.com/search?q=One%20Step%20Physical%20Therapy%20NYC%20physical%20therapy
Yelp: https://www.yelp.com/search?find_desc=One%20Step%20Physical%20Therapy","High patient volume, extended operating hours, strong community integration.",Primary threat due to matching or exceeding operating hours and high review scores.,Unknown,High Threat 🚨,Yes (Sat),40.843991258598,-73.9389383874,"Aetna, BCBS, Cigna, UHC, Oxford, Medicare, Medicaid, EmblemHealth, GHI, Empire, Fidelis, Healthfirst, Humana, 1199, No-Fault, Workers' Comp","nan | ""Verification Required"" replaced with standard NYC PT insurance panel (estimated)",Verification Required,10032.0,11.47
Optimum Health PT,No,Bay Ridge,"416 Bay Ridge Pkwy, Brooklyn, NY 11209",4.9,185.0,2013,,8:00 AM - 9:00 PM,,8:00 AM - 9:00 PM,,8:00 AM - 9:00 PM,,8:00 AM - 9:00 PM,,8:00 AM - 9:00 PM,,8:00 AM - 3:00 PM,,Closed - Closed,,,,,,"Orthopedic, post-surgical, ACL, sports, stroke rehab — latest closing (9PM weekdays); strong community focus; 2 Brooklyn locations","AARP, Aetna, Cigna, EmblemHealth, MagnaCare + most major plans",ohpt.org,,Latest closing (9PM weekdays),https://www.google.com/maps/search/?api=1&query=Optimum%20Health%20PT%20416%20Bay%20Ridge%20Pkwy%2C%20Brooklyn%2C%20NY%2011209,,Independent Local Ownership,2 Brooklyn locations,No,"English, Arabic",4.5,30.0,Limited/Inactive Profiles,"Stroke rehab, ACL-specific tools",No,4,Optimum Health PT Bay Ridge — founded 2013; 185 reviews; 4.9★; LATEST CLOSING (9PM weekdays); open Saturday 8AM–3PM; ACL + stroke rehab. Latest evening hours = key competitive advantage.,"Official Website: ohpt.org
Google: https://www.google.com/search?q=Optimum%20Health%20PT%20NYC%20physical%20therapy
Yelp: https://www.yelp.com/search?find_desc=Optimum%20Health%20PT","High patient volume, extended operating hours, strong community integration.",Primary threat due to matching or exceeding operating hours and high review scores.,Unknown,High Threat 🚨,Yes (Sat),40.630633686795,-74.024658706965,"Aetna, Cigna, Emblem, EmblemHealth, BCBS, UHC, Oxford, Medicare, Medicaid, GHI, Empire, Fidelis, Healthfirst, Humana, 1199, No-Fault, Workers' Comp","nan | Expanded ""Most Major Plans"" within combo value","Aetna, Cigna, Emblem, EmblemHealth, Most Major Plans",11209.0,11.12
Rehab Associates of Crown Heights,No,Bedstuy,"425 Kingston Ave, Brooklyn NY 11225",4.3,35.0,Est. 2000s,,9:00 AM - 8:00 PM,,8:30 AM - 5:00 PM,,9:00 AM - 8:00 PM,,8:30 AM - 5:00 PM,,8:30 AM - 1:30 PM,,Closed - Closed,,Closed - Closed,,,,,,General orthopedic PT & rehab — small independent clinic; low volume (low threat),"Workers' Comp, most major plans; verify with clinic",Not found - verify directly with clinic,718-659-5800,,https://www.google.com/maps/search/?api=1&query=Rehab%20Associates%20of%20Crown%20Heights%20425%20Kingston%20Ave%2C%20Brooklyn%20NY%2011225,,Independent Local Ownership,,No (In-person Focus),"English, Spanish (Standard NYC)",,,Limited/Inactive Profiles,Standard Outpatient Ortho Equipment,No (Clinic Only),Verify,,"Google: https://www.google.com/search?q=Rehab%20Associates%20of%20Crown%20Heights%20NYC%20physical%20therapy
Yelp: https://www.yelp.com/search?find_desc=Rehab%20Associates%20of%20Crown%20Heights",Standard outpatient physical therapy services.,Requires monitoring if review count increases or hours expand.,Unknown,Normal,No,40.664429365488,-73.942586200229,"Workers' Comp, Aetna, BCBS, Cigna, UHC, Oxford, Medicare, Medicaid, EmblemHealth, GHI, Empire, Fidelis, Healthfirst, Humana, 1199, No-Fault","nan | Expanded ""Most Major Plans"" within combo value","Workers' Comp, Most Major Plans",11225.0,6.69
Synergy PT & Chiropractic,No,Corona,"43-04 Junction Blvd, Corona NY 11368",4.8,63.0,~2012 (est.),,10:00 AM - 7:00 PM,,10:00 AM - 7:00 PM,,10:00 AM - 7:00 PM,,10:00 AM - 7:00 PM,,10:00 AM - 7:00 PM,,Closed - Closed,,Closed - Closed,,,,,,PT + chiropractic combined services; opens 10 AM; no weekends,Most major plans — verify with clinic,Not found - verify directly with clinic,,PT + chiropractic combo; opens 10AM; no weekends; nearby,https://www.google.com/maps/search/?api=1&query=Synergy%20PT%20%26%20Chiropractic%2043-04%20Junction%20Blvd%2C%20Corona%20NY%2011368,,Independent Local Ownership,,No (In-person Focus),"English, Spanish (Standard NYC)",,,Limited/Inactive Profiles,Standard Outpatient Ortho Equipment,No (Clinic Only),Verify,,"Google: https://www.google.com/search?q=Synergy%20PT%20%26%20Chiropractic%20NYC%20physical%20therapy
Yelp: https://www.yelp.com/search?find_desc=Synergy%20PT%20%26%20Chiropractic",Standard outpatient physical therapy services.,Requires monitoring if review count increases or hours expand.,Unknown,Moderate Threat ⚠️,No,40.745511506313,-73.868140903756,"Aetna, BCBS, Cigna, UHC, Oxford, Medicare, Medicaid, EmblemHealth, GHI, Empire, Fidelis, Healthfirst, Humana, 1199, No-Fault, Workers' Comp","nan | Expanded ""Most Major Plans"" to standard NYC PT insurance panel",Most Major Plans,11368.0,8.67
Alexander Physical Therapy,No,Churchave,"4319 Church Ave, Brooklyn NY 11203",5.0,24.0,~2010 (solo),,9:00 AM - 6:00 PM,,Closed - Closed,,9:00 AM - 6:00 PM,,Closed - Closed,,9:00 AM - 5:00 PM,,Closed,,Closed,,26.0,0.0,26.0,Monday: 9:00 AM - 6:00 PM | Tuesday: Closed | Wednesday: 9:00 AM - 6:00 PM | Thursday: Closed | Friday: 9:00 AM - 5:00 PM | Saturday: Closed | Sunday: Closed,"General orthopedic PT — solo practitioner, 3-day schedule only",Verify directly with clinic,Not found - verify directly with clinic,,Solo practitioner — only 3 days/week. 24 reviews at 5★. Very limited hours = low capacity.,https://www.google.com/maps/search/?api=1&query=Alexander%20Physical%20Therapy%204319%20Church%20Ave%2C%20Brooklyn%20NY%2011203,0.5,Independent Local Ownership,,No (In-person Focus),"English, Spanish (Standard NYC)",,,Limited/Inactive Profiles,Standard Outpatient Ortho Equipment,No (Clinic Only),Verify,,"Google: https://www.google.com/search?q=Alexander%20Physical%20Therapy%20NYC%20physical%20therapy
Yelp: https://www.yelp.com/search?find_desc=Alexander%20Physical%20Therapy",Standard outpatient physical therapy services.,Requires monitoring if review count increases or hours expand.,~10 patients/day,Normal,No,40.651486461532,-73.936924411806,"Aetna, BCBS, Cigna, UHC, Oxford, Medicare, Medicaid, EmblemHealth, GHI, Empire, Fidelis, Healthfirst, Humana, 1199, No-Fault, Workers' Comp","nan | ""Verification Required"" replaced with standard NYC PT insurance panel (estimated)",Verification Required,11203.0,6.99
On Point Physical Therapy,No,Astoria,"44-01 21st St Ste 203, Long Island City, NY 11101",5.0,131.0,2017,,9:30 AM - 8:00 PM,,9:30 AM - 8:00 PM,,9:30 AM - 8:00 PM,,9:30 AM - 8:00 PM,,9:30 AM - 8:00 PM,,Closed - Closed,,Closed - Closed,,,,,,"Sports performance PT, injury prevention & rehab, manual therapy — solo practitioner; in-home & on-demand; athletes & active adults","United Healthcare, Aetna, BCBS in-network; most others out-of-network; verify at onpointphysio.com",onpointphysio.com,(347) 871-6814,"Solo sports performance PT (founder Ariel); in-home & on-demand model; open Mon–Fri only; no weekends. Out-of-network for most plans — accepts UHC, Aetna, BCBS. Lower volume boutique practice. No appointment needed.",https://www.google.com/maps/search/?api=1&query=On%20Point%20Physical%20Therapy%2044-01%2021st%20St%20Ste%20203%2C%20Long%20Island%20City%2C%20NY%2011101,,Independent Local Ownership,,No (In-person Focus),"English, Spanish (Standard NYC)",,,Limited/Inactive Profiles,Standard Outpatient Ortho Equipment,No (Clinic Only),Verify,,"Official Website: onpointphysio.com
Google: https://www.google.com/search?q=On%20Point%20Physical%20Therapy%20NYC%20physical%20therapy
Yelp: https://www.yelp.com/search?find_desc=On%20Point%20Physical%20Therapy",Standard outpatient physical therapy services.,Requires monitoring if review count increases or hours expand.,Unknown,Moderate Threat ⚠️,No,40.749421451278,-73.946630426468,"Aetna, BCBS, United Healthcare, Out-of-Network Only/Boutique",,"Aetna, BCBS, United Healthcare, Out-of-Network Only/Boutique",11101.0,10.6
Mahcel Rehab and Physical Therapy,No,Inwood,"440 Audubon Ave, New York, NY 10040",4.8,25.0,,,10:00 AM - 7:00 PM,,10:00 AM - 7:00 PM,,10:00 AM - 7:00 PM,,10:00 AM - 7:00 PM,,10:00 AM - 7:00 PM,,Closed - Closed,,Closed - Closed,,,,,,"PT, chiropractic, acupuncture — multi-modal approach",Verify with clinic,Not found - verify directly with clinic,,PT + Chiro + Acupuncture multi-specialty. Later opening (10 AM). High rating despite low reviews.,https://www.google.com/maps/search/?api=1&query=Mahcel%20Rehab%20and%20Physical%20Therapy%20440%20Audubon%20Ave%2C%20New%20York%2C%20NY%2010040,,Independent Local Ownership,,No (In-person Focus),"English, Spanish (Standard NYC)",,,Limited/Inactive Profiles,Standard Outpatient Ortho Equipment,No (Clinic Only),Verify,,"Google: https://www.google.com/search?q=Mahcel%20Rehab%20and%20Physical%20Therapy%20NYC%20physical%20therapy
Yelp: https://www.yelp.com/search?find_desc=Mahcel%20Rehab%20and%20Physical%20Therapy",Standard outpatient physical therapy services.,Requires monitoring if review count increases or hours expand.,Unknown,Normal,No,40.85264481988,-73.929564076151,"Aetna, BCBS, Cigna, UHC, Oxford, Medicare, Medicaid, EmblemHealth, GHI, Empire, Fidelis, Healthfirst, Humana, 1199, No-Fault, Workers' Comp","nan | ""Verification Required"" replaced with standard NYC PT insurance panel (estimated)",Verification Required,10040.0,6.79
Ivy Rehab HSS — LIC,No,Astoria,"45-43 21st St, Long Island City, NY 11101",4.9,198.0,2022 (LIC location),,7:00 AM - 7:00 PM,,7:30 AM - 8:00 PM,,7:00 AM - 7:00 PM,,7:30 AM - 8:00 PM,,7:00 AM - 5:30 PM,,7:00 AM - 5:00 PM,,7:00 AM - 5:00 PM,,,,,,"Sports rehab, post-surgical, pelvic health, vestibular, hand therapy, OT, telehealth — HSS Center of Excellence designation; Ivy Rehab Network (560+ locations nationwide)","Aetna, BCBS, Cigna, Medicare, UHC + 200 more in-network plans; Workers' Comp",ivyrehab.com,(347) 589-8100,"HSS Center of Excellence — #1-ranked orthopedic hospital brand; open 7 days/week including Sunday; 560+ location Ivy Rehab network; 10,000+ online reviews across network; telehealth available; 1 stop from Manhattan. Strong brand differentiator.",https://www.google.com/maps/search/?api=1&query=Ivy%20Rehab%20HSS%20%E2%80%94%20LIC%2045-43%2021st%20St%2C%20Long%20Island%20City%2C%20NY%2011101,,Ivy Rehab Network; HSS partnership,560+ locations,Yes,"English, Spanish",4.8,45.0,IG: @ivyrehab,"HSS-affiliated equipment, sports rehab tech",No,4,"Ivy Rehab HSS LIC — HSS Center of Excellence designation; 198 reviews; open 7 days incl. Sunday; 10,000+ online reviews across network; major brand differentiator in Queens market.","Official Website: ivyrehab.com
Google: https://www.google.com/search?q=Ivy%20Rehab%20HSS%20%E2%80%94%20LIC%20NYC%20physical%20therapy
Yelp: https://www.yelp.com/search?find_desc=Ivy%20Rehab%20HSS%20%E2%80%94%20LIC","HSS (Hospital for Special Surgery) Center of Excellence partner, 560+ nationwide clinics.","Private equity backed. Massive brand advantage by associating with HSS (the #1 orthopedic hospital).
[ROUND 5 - Ops & Strategy]: Massive clinical conversion rate due to their direct affiliation with HSS (Hospital for Special Surgery). They heavily market themselves as the 'next step' after HSS surgery.",Unknown,High Threat 🚨,Yes (Sat & Sun),40.746473697298,-73.947826212655,"Aetna, BCBS, Cigna, UHC, Medicare, Workers' Comp",Existing specific data retained (ivy rehab),"Aetna, BCBS, Cigna, UHC, Medicare, Workers' Comp",11101.0,11.26
PT of The City — Belmont (Grand Concourse Area),Yes,Grand Concourse,"4533 Third Ave, Bronx, NY 10458",4.9,50.0,2005 (est.),,8:00 AM - 5:00 PM,,10:00 AM - 7:00 PM,,8:00 AM - 5:00 PM,,10:00 AM - 7:00 PM,,8:00 AM - 5:00 PM,,Closed - Closed,,Closed - Closed,,,,,,"Orthopedic PT, post-surgical rehab, sports injury — YOUR CLINIC",Most major plans accepted — verify at ptofthecity.com,ptofthecity.com,,YOUR CLINIC (serving Grand Concourse area from Belmont location),https://www.google.com/maps/search/?api=1&query=PT%20of%20The%20City%20%E2%80%94%20Belmont%20%28Grand%20Concourse%20Area%29%204533%20Third%20Ave%2C%20Bronx%2C%20NY%2010458,,PT of The City (your clinic),20+ locations across NYC,No (In-person Focus),English; varies by location,,,Limited/Inactive Profiles,Standard Outpatient Ortho Equipment,Yes (PT of The City – Home Care),,,"Official Website: ptofthecity.com
Google: https://www.google.com/search?q=PT%20of%20The%20City%20%E2%80%94%20Belmont%20%28Grand%20Concourse%20Area%29%20NYC%20physical%20therapy
Yelp: https://www.yelp.com/search?find_desc=PT%20of%20The%20City%20%E2%80%94%20Belmont%20%28Grand%20Concourse%20Area%29","YOUR CLINIC: Core focus on community access, strong availability, bilingual staff, and high patient ratings.",Maintain strong SEO and reviews. Target extended hours where competitors are currently winning.,Unknown,Normal,No,40.85436601439,-73.890770598403,"Aetna, BCBS, Cigna, UHC, Oxford, Medicare, Medicaid, EmblemHealth, GHI, Empire, Fidelis, Healthfirst, Humana, 1199, No-Fault, Workers' Comp","Existing specific data retained (pt of the city) | Expanded ""Most Major Plans"" to standard NYC PT insurance panel",Most Major Plans,10458.0,8.37
PT of The City — Clinton Hill,Yes,Clinton Hill,"467 Myrtle Ave, Brooklyn, NY 11205",4.7,120.0,2005 (est.),,8:00 AM - 6:00 PM,,8:00 AM - 6:00 PM,,8:00 AM - 6:00 PM,,8:00 AM - 6:00 PM,,8:00 AM - 6:00 PM,,Closed - Closed,,Closed - Closed,,,,,,"General orthopedic PT, post-surgical, sports rehab",Most major plans; verify with clinic,ptofthecity.com,,"YOUR CLINIC - Strong ratings, good location",https://www.google.com/maps/search/?api=1&query=PT%20of%20The%20City%20%E2%80%94%20Clinton%20Hill%20467%20Myrtle%20Ave%2C%20Brooklyn%2C%20NY%2011205,,PT of The City (your clinic),20+ locations across NYC,No (In-person Focus),English; varies by location,,,Limited/Inactive Profiles,Standard Outpatient Ortho Equipment,Yes (PT of The City – Home Care),,,"Official Website: ptofthecity.com
Google: https://www.google.com/search?q=PT%20of%20The%20City%20%E2%80%94%20Clinton%20Hill%20NYC%20physical%20therapy
Yelp: https://www.yelp.com/search?find_desc=PT%20of%20The%20City%20%E2%80%94%20Clinton%20Hill","YOUR CLINIC: Core focus on community access, strong availability, bilingual staff, and high patient ratings.",Maintain strong SEO and reviews. Target extended hours where competitors are currently winning.,Unknown,Moderate Threat ⚠️,No,40.693419464096,-73.966631508919,"Aetna, BCBS, Cigna, UHC, Oxford, Medicare, Medicaid, EmblemHealth, GHI, Empire, Fidelis, Healthfirst, Humana, 1199, No-Fault, Workers' Comp","Existing specific data retained (pt of the city) | Expanded ""Most Major Plans"" to standard NYC PT insurance panel",Most Major Plans,11205.0,9.79
JAG Physical Therapy (Tribeca),No,Tribicia,"475 Greenwich St Unit CD, New York, NY 10013",4.8,85.0,1990 (Tribeca location ~2025),,7:00 AM - 6:00 PM,,1:00 PM - 8:00 PM,,7:00 AM - 3:00 PM,,1:00 PM - 8:00 PM,,7:00 AM - 2:00 PM,,Closed - Closed,,Closed - Closed,,,,,,"Orthopedic & sports rehab, OT, concussion rehab, spine rehab, Workers' Comp, Medicare — large national chain; opens earliest at 7AM Mon/Wed/Fri","Cigna (in-network), Medicare, Workers' Comp, most major plans",jagpt.com,646-914-9537,National chain (160+ locations); 6th Manhattan location (newest — opened 2025); staggered Tue/Thu PM hours capture evening patients; official PT provider for NJ Devils & Columbia/Princeton athletics.,https://www.google.com/maps/search/?api=1&query=JAG%20Physical%20Therapy%20%28Tribeca%29%20475%20Greenwich%20St%20Unit%20CD%2C%20New%20York%2C%20NY%2010013,,"John A. Gallucci Jr., PT, DPT, ATC (CEO)",170+ locations,Yes,English; varies by location,4.5,20.0,FB: JAGPhysicalTherapy | IG: @jagphysicaltherapy,"AlterG anti-gravity treadmill, concussion testing",No,3,"JAG Tribeca — newest location (opened 2025); 6th Manhattan location; 170+ chain; official PT for NJ Devils, Columbia & Princeton; staggered PM hours Tue/Thu captures evening patients.","Official Website: jagpt.com
Google: https://www.google.com/search?q=JAG%20Physical%20Therapy%20%28Tribeca%29%20NYC%20physical%20therapy
Yelp: https://www.yelp.com/search?find_desc=JAG%20Physical%20Therapy%20%28Tribeca%29","Massive scale (170+ locations), official sports partnerships (NJ Devils, Princeton), highly corporatized care model.","Backed by Pamlico Capital. Aggressive expansion strategy via acquisitions. Deep pockets for marketing. [DEEP SEARCH 2026 UPDATE]: Extremely aggressive expansion into biotech hubs (e.g., Onyx Equities). Heavy administrative focus on Workers' Comp and Auto claim submissions.
[ROUND 5 - ATC Strategy]: Deploys Athletic Trainers (ATCs) to local NYC/NJ high schools and colleges for free or at cost. When athletes get injured, the ATCs immediately funnel them to JAG clinics. Extremely smart pipeline.",Unknown,Moderate Threat ⚠️,No,40.724383485843,-74.009298282783,"Cigna, Medicare, Workers' Comp, Aetna, BCBS, UHC, Oxford, Medicaid, EmblemHealth, GHI, Empire, Fidelis, Healthfirst, Humana, 1199, No-Fault","Existing specific data retained (jag physical therapy) | Expanded ""Most Major Plans"" within combo value","Cigna, Medicare, Workers' Comp, Most Major Plans",10013.0,9.29
PT of The City — Inwood,Yes,Inwood,"4875 Broadway, New York, NY 10034",4.9,328.0,2005 (est.),,8:00 AM - 7:00 PM,,8:00 AM - 7:00 PM,,8:00 AM - 7:00 PM,,8:00 AM - 7:00 PM,,8:00 AM - 7:00 PM,,Closed - Closed,,Closed - Closed,,,,,,"General orthopedic PT, post-surgical rehab, sports rehab",Most major plans; verify with clinic,ptofthecity.com,,"YOUR CLINIC — 5 days/week, 11-hr days. Top-rated in Inwood area.",https://www.google.com/maps/search/?api=1&query=PT%20of%20the%20City%20Inwood%20%28YOUR%20CLINIC%29%204875%20Broadway%2C%20New%20York%2C%20NY%2010034,,PT of The City (your clinic),20+ locations across NYC,No (In-person Focus),English; varies by location,,,Limited/Inactive Profiles,Standard Outpatient Ortho Equipment,Yes (PT of The City – Home Care),,,"Official Website: ptofthecity.com
Google: https://www.google.com/search?q=PT%20of%20the%20City%20Inwood%20%28YOUR%20CLINIC%29%20NYC%20physical%20therapy
Yelp: https://www.yelp.com/search?find_desc=PT%20of%20the%20City%20Inwood%20%28YOUR%20CLINIC%29","YOUR CLINIC: Core focus on community access, strong availability, bilingual staff, and high patient ratings.",Maintain strong SEO and reviews. Target extended hours where competitors are currently winning.,Unknown,High Threat 🚨,No,40.867006166244,-73.923302894321,"Aetna, BCBS, Cigna, UHC, Oxford, Medicare, Medicaid, EmblemHealth, GHI, Empire, Fidelis, Healthfirst, Humana, 1199, No-Fault, Workers' Comp","Existing specific data retained (pt of the city) | Expanded ""Most Major Plans"" to standard NYC PT insurance panel",Most Major Plans,10034.0,12.33
Park Sports PT – Williamsburg,No,Bushwick,"490 Driggs Ave, Brooklyn NY 11211",4.6,115.0,2001 (Williamsburg location ~2020s),,7:00 AM - 8:00 PM,,7:00 AM - 8:00 PM,,7:00 AM - 8:00 PM,,7:00 AM - 8:00 PM,,7:00 AM - 7:00 PM,,7:00 AM - 5:00 PM,,7:00 AM - 5:00 PM,,,,,,"Sports rehab, pelvic floor, vestibular, hand therapy — Ivy Rehab Network; HSS affiliate; open 7 days/week","Aetna, BCBS, Cigna, Medicare, UHC + 200 more in-network plans",Not found - verify directly with clinic,347-329-4572,,https://www.google.com/maps/search/?api=1&query=Park%20Sports%20PT%20%E2%80%93%20Williamsburg%20490%20Driggs%20Ave%2C%20Brooklyn%20NY%2011211,,Ivy Rehab Network + HSS affiliate,560+ nationwide,Yes,"English, Spanish",4.0,28.0,IG: @parksportspt,"Schroth scoliosis, Pilates reformer",No,4,Park Sports Williamsburg — Ivy Rehab + HSS affiliate; 115 reviews; open 7 days 7AM–5PM; HSS brand is major differentiator.,"Official Website: parksportspt.com / ivyrehab.com
Google: https://www.google.com/search?q=Park%20Sports%20PT%20%E2%80%93%20Williamsburg%20NYC%20physical%20therapy
Yelp: https://www.yelp.com/search?find_desc=Park%20Sports%20PT%20%E2%80%93%20Williamsburg","HSS (Hospital for Special Surgery) Center of Excellence partner, 560+ nationwide clinics.","Private equity backed. Massive brand advantage by associating with HSS (the #1 orthopedic hospital).
[ROUND 5 - Ops & Strategy]: Massive clinical conversion rate due to their direct affiliation with HSS (Hospital for Special Surgery). They heavily market themselves as the 'next step' after HSS surgery.",Unknown,Moderate Threat ⚠️,Yes (Sat & Sun),40.718516553253,-73.95494361255,"Aetna, BCBS, Cigna, UHC, Medicare",Existing specific data retained (park sports),"Aetna, BCBS, Cigna, UHC, Medicare",11211.0,9.5
ProHealth & Fitness,No,Inwood,"4915 Broadway #1J, New York, NY 10034",4.7,30.0,,,9:00 AM - 8:00 PM,,9:00 AM - 8:00 PM,,9:00 AM - 8:00 PM,,9:00 AM - 8:00 PM,,9:00 AM - 6:00 PM,,Closed - Closed,,Closed - Closed,,,,,,General PT & fitness rehabilitation,Verify with clinic,Not found - verify directly with clinic,,Same-block competitor. Lower review count. Extended hours Mon–Thu.,https://www.google.com/maps/search/?api=1&query=ProHealth%20%26%20Fitness%204915%20Broadway%20%231J%2C%20New%20York%2C%20NY%2010034,,Independent Local Ownership,,No (In-person Focus),"English, Spanish (Standard NYC)",,,Limited/Inactive Profiles,Standard Outpatient Ortho Equipment,No (Clinic Only),Verify,,"Google: https://www.google.com/search?q=ProHealth%20%26%20Fitness%20NYC%20physical%20therapy
Yelp: https://www.yelp.com/search?find_desc=ProHealth%20%26%20Fitness",Standard outpatient physical therapy services.,Requires monitoring if review count increases or hours expand.,Unknown,Normal,No,40.867460125172,-73.922043431339,"Aetna, BCBS, Cigna, UHC, Oxford, Medicare, Medicaid, EmblemHealth, GHI, Empire, Fidelis, Healthfirst, Humana, 1199, No-Fault, Workers' Comp","nan | ""Verification Required"" replaced with standard NYC PT insurance panel (estimated)",Verification Required,10034.0,7.01
JAG Physical Therapy (50 Court St),No,Cobble Hill,"50 Court St #10103, Brooklyn, NY 11201",4.9,158.0,1990,,7:00 AM - 7:00 PM,,7:00 AM - 7:00 PM,,7:00 AM - 7:00 PM,,7:00 AM - 7:00 PM,,7:00 AM - 7:00 PM,,Closed - Closed,,Closed - Closed,,,,,,"Sports medicine, orthopedic rehab, concussion, spine, Workers' Comp, Medicare — major national chain (135+ locations)","Cigna (in-network), Medicare, Workers' Comp, most major plans",jagpt.com,718-858-6546,"Consistent 7AM-7PM schedule, strong reviews | Opens 2hrs earlier, mentioned in your image",https://www.google.com/maps/search/?api=1&query=JAG%20Physical%20Therapy%20%2850%20Court%20St%29%2050%20Court%20St%20%2310103%2C%20Brooklyn%2C%20NY%2011201,,Independent Local Ownership,,No (In-person Focus),"English, Spanish (Standard NYC)",,,Limited/Inactive Profiles,Standard Outpatient Ortho Equipment,No (Clinic Only),Verify,,"Official Website: jagpt.com
Google: https://www.google.com/search?q=JAG%20Physical%20Therapy%20%2850%20Court%20St%29%20NYC%20physical%20therapy
Yelp: https://www.yelp.com/search?find_desc=JAG%20Physical%20Therapy%20%2850%20Court%20St%29","Massive scale (170+ locations), official sports partnerships (NJ Devils, Princeton), highly corporatized care model.","Backed by Pamlico Capital. Aggressive expansion strategy via acquisitions. Deep pockets for marketing. [DEEP SEARCH 2026 UPDATE]: Extremely aggressive expansion into biotech hubs (e.g., Onyx Equities). Heavy administrative focus on Workers' Comp and Auto claim submissions.
[ROUND 5 - ATC Strategy]: Deploys Athletic Trainers (ATCs) to local NYC/NJ high schools and colleges for free or at cost. When athletes get injured, the ATCs immediately funnel them to JAG clinics. Extremely smart pipeline.",Unknown,High Threat 🚨,No,40.692392291289,-73.991131275587,"Cigna, Medicare, Workers' Comp, Aetna, BCBS, UHC, Oxford, Medicaid, EmblemHealth, GHI, Empire, Fidelis, Healthfirst, Humana, 1199, No-Fault","Existing specific data retained (jag physical therapy) | Expanded ""Most Major Plans"" within combo value","Cigna, Medicare, Workers' Comp, Most Major Plans",10103.0,10.79
Spear Physical Therapy — Myrtle,No,Clinton Hill,"504 Myrtle Ave, Brooklyn, NY 11205",5.0,97.0,1999,,7:00 AM - 8:00 PM,,7:00 AM - 8:00 PM,,7:00 AM - 8:00 PM,,7:00 AM - 8:00 PM,,7:00 AM - 8:00 PM,,Closed - Closed,,Closed - Closed,,,,,,"Orthopedic, sports injury, pelvic floor PT, OT, kinesiotaping, vestibular, pediatrics — national #1 rated brand","Aetna, BCBS, Cigna, Medicare, UHC — Medicaid NOT accepted",spearcenter.com,,"CLOSEST COMPETITOR - Same street! 50+ locations, nation's #1 rated PT",https://www.google.com/maps/search/?api=1&query=Spear%20Physical%20Therapy%20%E2%80%94%20Myrtle%20504%20Myrtle%20Ave%2C%20Brooklyn%2C%20NY%2011205,,Independent Local Ownership,,No (In-person Focus),"English, Spanish (Standard NYC)",,,Limited/Inactive Profiles,Standard Outpatient Ortho Equipment,No (Clinic Only),Verify,,"Official Website: spearcenter.com
Google: https://www.google.com/search?q=Spear%20Physical%20Therapy%20%E2%80%94%20Myrtle%20NYC%20physical%20therapy
Yelp: https://www.yelp.com/search?find_desc=Spear%20Physical%20Therapy%20%E2%80%94%20Myrtle","Premium brand perception, telehealth 'Spear Live', extensive specialized therapies (golf, TMJ, pelvic floor).","Inc. Top 5000 company. Targets higher-income demographics, typically does not accept Medicaid. [DEEP SEARCH 2026 UPDATE]: Recently expanded into the East Village (14th St) in a former dispensary space. Tri-state presence exceeds 60+ locations.
[ROUND 3 UPDATE - Marketing Strategy]: Heavy presence on TikTok and Instagram Reels for marketing, targeting Millennials and Gen Z with posture, 'desk-job' ergonomics, and lifestyle tips.
[ROUND 5 - Recruiting]: Voted best place to work in healthcare multiple times. They attract top-tier new DPT grads because of their vibrant, young corporate culture and heavy social media presence.",Unknown,Moderate Threat ⚠️,No,40.693487288743,-73.964754513126,"Aetna, BCBS, Cigna, UHC, Medicare, Medicaid",Existing specific data retained (spear physical therapy),"Aetna, BCBS, Cigna, UHC, Medicare, Medicaid",11205.0,9.96
Lion Physical Therapy,No,Greenpoint,"51 Nassau Ave Ste 1C, Brooklyn NY 11222",5.0,175.0,10–16,,8:00 AM - 7:00 PM,,8:00 AM - 7:00 PM,,8:00 AM - 7:00 PM,,8:00 AM - 7:00 PM,,8:00 AM - 7:00 PM,,8:00 AM - 12:00 PM,,Closed - Closed,,55.0,4.0,59.0,Monday: 8:00 AM - 7:00 PM | Tuesday: 8:00 AM - 7:00 PM | Wednesday: 8:00 AM - 7:00 PM | Thursday: 8:00 AM - 7:00 PM | Friday: 8:00 AM - 7:00 PM | Saturday: 8:00 AM - 12:00 PM | Sunday: Closed,60–96,2018,Not found - verify directly with clinic,347-561-8002,6,https://www.google.com/maps/search/?api=1&query=Lion%20Physical%20Therapy%2051%20Nassau%20Ave%20Ste%201C%2C%20Brooklyn%20NY%2011222,0.6,Independent Local Ownership,1 location,No,English,5.0,30.0,IG: @lionpt_greenpoint,Sports performance equipment; 1-on-1,No,3,Lion PT Greenpoint — 175 reviews; perfect 5.0★; sports/active-lifestyle focus; 1-on-1 full-hour sessions; targets Greenpoint/Williamsburg athletic community; open Sat 8AM–12PM.,"Official Website: Sports & active-lifestyle PT; 1-on-1 full-hour sessions; targets Greenpoint & Williamsburg athletes
Google: https://www.google.com/search?q=Lion%20Physical%20Therapy%20NYC%20physical%20therapy
Yelp: https://www.yelp.com/search?find_desc=Lion%20Physical%20Therapy",Standard outpatient physical therapy services.,Requires monitoring if review count increases or hours expand.,~24 patients/day,High Threat 🚨,Yes (Sat),40.723451881447,-73.951938238255,"Aetna, BCBS, Cigna, UHC, Oxford, Medicare, Medicaid, EmblemHealth, GHI, Empire, Fidelis, Healthfirst, Humana, 1199, No-Fault, Workers' Comp","nan | ""Unknown/Not Listed"" replaced with standard NYC PT insurance panel (estimated)",Unknown / Not Listed,11222.0,11.23
REMSEN AVE. Physical Therapy,No,Churchave,"5205 Church Ave 2nd Fl, Brooklyn NY 11203",4.9,45.0,~2010 (est.),,10:00 AM - 7:00 PM,,10:00 AM - 7:00 PM,,10:00 AM - 7:00 PM,,10:00 AM - 7:00 PM,,10:00 AM - 7:00 PM,,10:00 AM - 5:00 PM,,Closed - Closed,,,,,,PT + acupuncture combination; outpatient general orthopedic,Verify directly with clinic,Not found - verify directly with clinic,,Directly on Church Ave — same block competitor. 24 reviews. Late open (10 AM). Acupuncture + PT combo.,https://www.google.com/maps/search/?api=1&query=REMSEN%20AVE.%20Physical%20Therapy%205205%20Church%20Ave%202nd%20Fl%2C%20Brooklyn%20NY%2011203,,Independent Local Ownership,,No (In-person Focus),"English, Spanish (Standard NYC)",,,Limited/Inactive Profiles,Standard Outpatient Ortho Equipment,No (Clinic Only),Verify,,"Google: https://www.google.com/search?q=REMSEN%20AVE.%20Physical%20Therapy%20NYC%20physical%20therapy
Yelp: https://www.yelp.com/search?find_desc=REMSEN%20AVE.%20Physical%20Therapy",Standard outpatient physical therapy services.,Requires monitoring if review count increases or hours expand.,Unknown,Normal,Yes (Sat),40.65224505585,-73.928381092913,"Aetna, BCBS, Cigna, UHC, Oxford, Medicare, Medicaid, EmblemHealth, GHI, Empire, Fidelis, Healthfirst, Humana, 1199, No-Fault, Workers' Comp","nan | ""Verification Required"" replaced with standard NYC PT insurance panel (estimated)",Verification Required,11203.0,8.15
Community Health Physical Therapy,No,Churchave,"5205 Church Ave, Brooklyn NY 11203",5.0,60.0,,,10:00 AM - 6:00 PM,,10:00 AM - 6:00 PM,,10:00 AM - 6:00 PM,,10:00 AM - 6:00 PM,,10:00 AM - 6:00 PM,,Closed - Closed,,Closed - Closed,,,,,,General community outpatient PT — no web presence found,N/A — verify directly with clinic,Not found - verify directly with clinic,,"5-day, weekdays only. No reviews found online. Shorter hours (closes 6 PM). Low visibility.",https://www.google.com/maps/search/?api=1&query=Community%20Health%20Physical%20Therapy%205205%20Church%20Ave%2C%20Brooklyn%20NY%2011203,,Independent Local Ownership,,No (In-person Focus),"English, Spanish (Standard NYC)",,,Limited/Inactive Profiles,Standard Outpatient Ortho Equipment,No (Clinic Only),Verify,,"Google: https://www.google.com/search?q=Community%20Health%20Physical%20Therapy%20NYC%20physical%20therapy
Yelp: https://www.yelp.com/search?find_desc=Community%20Health%20Physical%20Therapy",Standard outpatient physical therapy services.,Requires monitoring if review count increases or hours expand.,Unknown,Normal,No,40.65224505585,-73.928381092913,"Aetna, BCBS, Cigna, UHC, Oxford, Medicare, Medicaid, EmblemHealth, GHI, Empire, Fidelis, Healthfirst, Humana, 1199, No-Fault, Workers' Comp","nan | ""Verification Required"" replaced with standard NYC PT insurance panel (estimated)",Verification Required,11203.0,8.93
Millennium Rehab & PT,No,Riverdale,"531 W 235th St Suite 101, Bronx, NY 10463",5.0,7.0,,,8:30 AM - 5:00 PM,,8:30 AM - 5:00 PM,,8:30 AM - 5:00 PM,,8:30 AM - 5:00 PM,,8:30 AM - 5:00 PM,,9:00 AM - 3:30 PM,,Closed - Closed,,,,,,"General orthopedic PT, rehabilitation medicine",Verify with clinic,Not found - verify directly with clinic,,Perfect rating but very new/low reviews. Smaller practice. Closes 5 PM — same building as Riverdale Sports PT.,https://www.google.com/maps/search/?api=1&query=Millennium%20Rehab%20%26%20PT%20531%20W%20235th%20St%20Suite%20101%2C%20Bronx%2C%20NY%2010463,,Independent Local Ownership,,No (In-person Focus),"English, Spanish (Standard NYC)",,,Limited/Inactive Profiles,Standard Outpatient Ortho Equipment,No (Clinic Only),Verify,,"Google: https://www.google.com/search?q=Millennium%20Rehab%20%26%20PT%20NYC%20physical%20therapy
Yelp: https://www.yelp.com/search?find_desc=Millennium%20Rehab%20%26%20PT",Standard outpatient physical therapy services.,Requires monitoring if review count increases or hours expand.,Unknown,Normal,Yes (Sat),40.885462034232,-73.908602066743,"Aetna, BCBS, Cigna, UHC, Oxford, Medicare, Medicaid, EmblemHealth, GHI, Empire, Fidelis, Healthfirst, Humana, 1199, No-Fault, Workers' Comp","nan | ""Verification Required"" replaced with standard NYC PT insurance panel (estimated)",Verification Required,10463.0,4.52
Riverdale Sports PT,No,Riverdale,"531 W 235th St, Bronx, NY 10463",4.7,121.0,,,8:00 AM - 7:00 PM,,8:00 AM - 7:00 PM,,8:00 AM - 7:00 PM,,8:00 AM - 7:00 PM,,8:00 AM - 7:00 PM,,9:00 AM - 3:00 PM,,Closed - Closed,,,,,,"Sports PT, orthopedic injury, post-surgical sports rehab, performance training",Verify with clinic,riverdalesportspt.com,,Sports specialty — Open Saturdays. Niche focus attracts athletic clientele.,https://www.google.com/maps/search/?api=1&query=Riverdale%20Sports%20PT%20531%20W%20235th%20St%2C%20Bronx%2C%20NY%2010463,,Independent Local Ownership,,No (In-person Focus),"English, Spanish (Standard NYC)",,,Limited/Inactive Profiles,Standard Outpatient Ortho Equipment,No (Clinic Only),Verify,,"Official Website: riverdalesportspt.com
Google: https://www.google.com/search?q=Riverdale%20Sports%20PT%20NYC%20physical%20therapy
Yelp: https://www.yelp.com/search?find_desc=Riverdale%20Sports%20PT",Standard outpatient physical therapy services.,Requires monitoring if review count increases or hours expand.,Unknown,Moderate Threat ⚠️,Yes (Sat),40.885462034232,-73.908602066743,"Aetna, BCBS, Cigna, UHC, Oxford, Medicare, Medicaid, EmblemHealth, GHI, Empire, Fidelis, Healthfirst, Humana, 1199, No-Fault, Workers' Comp","nan | ""Verification Required"" replaced with standard NYC PT insurance panel (estimated)",Verification Required,10463.0,9.81
PT of The City — Churchave,Yes,Churchave,"5316 Church Ave, Brooklyn NY 11203",4.9,50.0,2005 (est.),,9:00 AM - 7:00 PM,,9:00 AM - 7:00 PM,,9:00 AM - 7:00 PM,,9:00 AM - 7:00 PM,,9:00 AM - 7:00 PM,,9:00 AM - 5:00 PM,,Closed - Closed,,,,,,"Orthopedic PT, post-surgical, sports rehab, neurological — full-service community clinic",Most major plans accepted — verify at ptofthecity.com,ptofthecity.com,,"YOUR CLINIC | 6-day coverage. 255 reviews at 4.9★. Strong therapist team (Dr. Chichi, Ahmed Khan). Welcoming front desk.",https://www.google.com/maps/search/?api=1&query=PT%20of%20The%20City%20%28YOUR%20CLINIC%29%205316%20Church%20Ave%2C%20Brooklyn%20NY%2011203,,PT of The City (your clinic),20+ locations across NYC,No (In-person Focus),English; varies by location,,,Limited/Inactive Profiles,Standard Outpatient Ortho Equipment,Yes (PT of The City – Home Care),,,"Official Website: ptofthecity.com
Google: https://www.google.com/search?q=PT%20of%20The%20City%20%28YOUR%20CLINIC%29%20NYC%20physical%20therapy
Yelp: https://www.yelp.com/search?find_desc=PT%20of%20The%20City%20%28YOUR%20CLINIC%29","YOUR CLINIC: Core focus on community access, strong availability, bilingual staff, and high patient ratings.",Maintain strong SEO and reviews. Target extended hours where competitors are currently winning.,Unknown,Normal,Yes (Sat),40.652275252671,-73.927299130833,"Aetna, BCBS, Cigna, UHC, Oxford, Medicare, Medicaid, EmblemHealth, GHI, Empire, Fidelis, Healthfirst, Humana, 1199, No-Fault, Workers' Comp","Existing specific data retained (pt of the city) | Expanded ""Most Major Plans"" to standard NYC PT insurance panel",Most Major Plans,11203.0,8.37
Road To Recovery PT & OT,No,Bushwick,"535 Flushing Ave, Brooklyn NY 11205",4.7,94.0,Est. 2010s,,9:00 AM - 7:00 PM,,9:00 AM - 7:00 PM,,9:00 AM - 7:00 PM,,9:00 AM - 7:00 PM,,9:00 AM - 2:00 PM,,Closed - Closed,,Closed - Closed,,,,,,"PT & OT — PT-owned; manual therapy focus; AlterG treadmill; Pilates; 5 Brooklyn locations including Crown Heights, Far Rockaway, Williamsburg",Most major plans; verify at b2hpt.com,b2hpt.com,718-488-7272,,https://www.google.com/maps/search/?api=1&query=Road%20To%20Recovery%20PT%20%26%20OT%20535%20Flushing%20Ave%2C%20Brooklyn%20NY%2011205,,PT-owned (2010s),5 Brooklyn locations,No,"English, Spanish",4.0,18.0,Limited/Inactive Profiles,"AlterG anti-gravity treadmill, Pilates",No,3,Road To Recovery PT Bushwick — 94 reviews; 4.7★; PT + OT combined; manual therapy + AlterG treadmill + Pilates; 5 Brooklyn locations.,"Official Website: b2hpt.com
Google: https://www.google.com/search?q=Road%20To%20Recovery%20PT%20%26%20OT%20NYC%20physical%20therapy
Yelp: https://www.yelp.com/search?find_desc=Road%20To%20Recovery%20PT%20%26%20OT",Standard outpatient physical therapy services.,Requires monitoring if review count increases or hours expand.,Unknown,Moderate Threat ⚠️,No,40.699441273076,-73.953554417849,"Aetna, BCBS, Cigna, UHC, Oxford, Medicare, Medicaid, EmblemHealth, GHI, Empire, Fidelis, Healthfirst, Humana, 1199, No-Fault, Workers' Comp","nan | Expanded ""Most Major Plans"" to standard NYC PT insurance panel",Most Major Plans,11205.0,9.3
Alexandra Buwalda Pediatric PT,No,Sunset,"540 President St #1E, Brooklyn, NY 11215",4.8,23.0,,,9:00 AM - 6:00 PM,,9:00 AM - 6:00 PM,,9:00 AM - 6:00 PM,,9:00 AM - 6:00 PM,,9:00 AM - 3:00 PM,,Closed - Closed,,Closed - Closed,,,,,,"Pediatric PT only (niche) — developmental delays, sensory processing, neurological conditions",Verify with clinic — pediatric-focused plans,Not found - verify directly with clinic,,Solo pediatric specialist. Very niche/boutique. Home visits offered. Low competitive threat to PT of City.,https://www.google.com/maps/search/?api=1&query=Alexandra%20Buwalda%20Pediatric%20PT%20540%20President%20St%20%231E%2C%20Brooklyn%2C%20NY%2011215,,Independent Local Ownership,,No (In-person Focus),"English, Spanish (Standard NYC)",,,Limited/Inactive Profiles,Standard Outpatient Ortho Equipment,No (Clinic Only),Verify,,"Google: https://www.google.com/search?q=Alexandra%20Buwalda%20Pediatric%20PT%20NYC%20physical%20therapy
Yelp: https://www.yelp.com/search?find_desc=Alexandra%20Buwalda%20Pediatric%20PT","Focus on Neurological Rehabilitation (Stroke, Parkinson's).",Attracts older demographics and specific physician referrals.,Unknown,Normal,No,40.677337043206,-73.985077546583,"Aetna, BCBS, Cigna, UHC, Oxford, Medicare, Medicaid, EmblemHealth, GHI, Empire, Fidelis, Healthfirst, Humana, 1199, No-Fault, Workers' Comp","nan | ""Verification Required"" replaced with standard NYC PT insurance panel (estimated)",Verification Required,11215.0,6.63
PT of The City — Sunset Park,Yes,Sunset,"5418 5th Ave, Brooklyn, NY 11220",4.9,187.0,2005 (est.),,8:00 AM - 7:00 PM,,8:00 AM - 7:00 PM,,8:00 AM - 7:00 PM,,8:00 AM - 7:00 PM,,8:00 AM - 7:00 PM,,Closed - Closed,,Closed - Closed,,,,,,"General orthopedic PT, post-surgical rehab, sports rehab",Most major plans; verify with clinic,ptofthecity.com,,YOUR CLINIC — High ratings (4.9 ★). 11 hrs/day Mon–Fri. Weekend coverage gap vs. competitors.,https://www.google.com/maps/search/?api=1&query=PT%20of%20The%20City%20%E2%80%94%20Sunset%20Park%20%28YOUR%20CLINIC%29%205418%205th%20Ave%2C%20Brooklyn%2C%20NY%2011220,,PT of The City (your clinic),20+ locations across NYC,No (In-person Focus),English; varies by location,,,Limited/Inactive Profiles,Standard Outpatient Ortho Equipment,Yes (PT of The City – Home Care),,,"Official Website: ptofthecity.com
Google: https://www.google.com/search?q=PT%20of%20The%20City%20%E2%80%94%20Sunset%20Park%20%28YOUR%20CLINIC%29%20NYC%20physical%20therapy
Yelp: https://www.yelp.com/search?find_desc=PT%20of%20The%20City%20%E2%80%94%20Sunset%20Park%20%28YOUR%20CLINIC%29","YOUR CLINIC: Core focus on community access, strong availability, bilingual staff, and high patient ratings.",Maintain strong SEO and reviews. Target extended hours where competitors are currently winning.,Unknown,High Threat 🚨,No,40.642771316175,-74.012846044155,"Aetna, BCBS, Cigna, UHC, Oxford, Medicare, Medicaid, EmblemHealth, GHI, Empire, Fidelis, Healthfirst, Humana, 1199, No-Fault, Workers' Comp","Existing specific data retained (pt of the city) | Expanded ""Most Major Plans"" to standard NYC PT insurance panel",Most Major Plans,11220.0,11.14
Dynamic Solutions — Pediatric PT & OT,No,Sunset,"546 Court St, Brooklyn, NY 11231",4.7,28.0,,,8:00 AM - 7:00 PM,,8:00 AM - 7:00 PM,,8:00 AM - 7:00 PM,,8:00 AM - 7:00 PM,,8:00 AM - 7:00 PM,,Closed - Closed,,Closed - Closed,,,,,,"Pediatric PT + OT — developmental delays, sensory integration, school-age children",Verify with clinic — pediatric-focused plans,Not found - verify directly with clinic,,"Pediatric PT + OT combined — strong repeat-patient base. Niche market, limited overlap with PT of City adult focus.",https://www.google.com/maps/search/?api=1&query=Dynamic%20Solutions%20%E2%80%94%20Pediatric%20PT%20%26%20OT%20546%20Court%20St%2C%20Brooklyn%2C%20NY%2011231,,Independent Local Ownership,,No (In-person Focus),"English, Spanish (Standard NYC)",,,Limited/Inactive Profiles,Standard Outpatient Ortho Equipment,No (Clinic Only),Verify,,"Google: https://www.google.com/search?q=Dynamic%20Solutions%20%E2%80%94%20Pediatric%20PT%20%26%20OT%20NYC%20physical%20therapy
Yelp: https://www.yelp.com/search?find_desc=Dynamic%20Solutions%20%E2%80%94%20Pediatric%20PT%20%26%20OT",Standard outpatient physical therapy services.,Requires monitoring if review count increases or hours expand.,Unknown,Normal,No,40.675169128459,-73.999449650587,"Aetna, BCBS, Cigna, UHC, Oxford, Medicare, Medicaid, EmblemHealth, GHI, Empire, Fidelis, Healthfirst, Humana, 1199, No-Fault, Workers' Comp","nan | ""Verification Required"" replaced with standard NYC PT insurance panel (estimated)",Verification Required,11231.0,6.87
StarPro Physical Therapy — Chelsea,No,Chelsea,"552 6th Ave, NY 10011",4.8,257.0,2002 (Chelsea location),,6:30 AM - 8:00 PM,,6:30 AM - 8:00 PM,,6:30 AM - 8:00 PM,,6:30 AM - 8:00 PM,,6:30 AM - 6:00 PM,,8:00 AM - 12:00 PM,,Closed - Closed,,,,,,"Hand therapy & OT, orthopedic, sports & post-surgical rehab; large multi-location chain",Most major plans accepted; front desk handles insurance verification,starpropt.com,,Earliest open (6:30AM!); 257 reviews; open Saturday; strong hours,https://www.google.com/maps/search/?api=1&query=StarPro%20Physical%20Therapy%20%E2%80%94%20Chelsea%20552%206th%20Ave%2C%20NY%2010011,,Independent Local Ownership,,No (In-person Focus),"English, Spanish (Standard NYC)",,,Limited/Inactive Profiles,Standard Outpatient Ortho Equipment,No (Clinic Only),Verify,,"Official Website: starpropt.com
Google: https://www.google.com/search?q=StarPro%20Physical%20Therapy%20%E2%80%94%20Chelsea%20NYC%20physical%20therapy
Yelp: https://www.yelp.com/search?find_desc=StarPro%20Physical%20Therapy%20%E2%80%94%20Chelsea",Standard outpatient physical therapy services.,Requires monitoring if review count increases or hours expand.,Unknown,High Threat 🚨,Yes (Sat),40.738064810988,-73.996235540285,"Aetna, BCBS, Cigna, UHC, Oxford, Medicare, Medicaid, EmblemHealth, GHI, Empire, Fidelis, Healthfirst, Humana, 1199, No-Fault, Workers' Comp","Existing specific data retained (starpro) | Expanded ""Most Major Plans"" to standard NYC PT insurance panel",Most Major Plans,10011.0,11.58
PT of The City — (8th Ave),No,Hellskitchen,"575 8th Ave Fl 10, NY 10018",4.9,211.0,2005 (est.),,7:00 AM - 7:00 PM,,7:00 AM - 7:00 PM,,7:00 AM - 7:00 PM,,7:00 AM - 7:00 PM,,7:00 AM - 7:00 PM,,Closed - Closed,,Closed - Closed,,,,,,"General orthopedic PT, post-surgical, sports rehab — PT of the City sister location",Most major plans; verify with clinic,ptofthecity.com,,"Sister location — same brand, consistent 7AM open all week",https://www.google.com/maps/search/?api=1&query=PT%20of%20The%20City%20%288th%20Ave%29%20575%208th%20Ave%20Fl%2010%2C%20NY%2010018,,Independent Local Ownership,,No (In-person Focus),"English, Spanish (Standard NYC)",,,Limited/Inactive Profiles,Standard Outpatient Ortho Equipment,No (Clinic Only),Verify,,"Official Website: ptofthecity.com
Google: https://www.google.com/search?q=PT%20of%20The%20City%20%288th%20Ave%29%20NYC%20physical%20therapy
Yelp: https://www.yelp.com/search?find_desc=PT%20of%20The%20City%20%288th%20Ave%29",Standard outpatient physical therapy services.,Requires monitoring if review count increases or hours expand.,Unknown,High Threat 🚨,No,40.754940796788,-73.991548426422,"Aetna, BCBS, Cigna, UHC, Oxford, Medicare, Medicaid, EmblemHealth, GHI, Empire, Fidelis, Healthfirst, Humana, 1199, No-Fault, Workers' Comp","Existing specific data retained (pt of the city) | Expanded ""Most Major Plans"" to standard NYC PT insurance panel",Most Major Plans,10018.0,11.4
"Metropolis Physical Therapy, PLLC",No,Bushwick,"585 Bushwick Ave, Brooklyn NY 11206",4.9,38.0,Est. 2018,,3:00 PM - 8:30 PM,,12:00 PM - 5:00 PM,,3:00 PM - 8:30 PM,,12:00 PM - 5:00 PM,,3:00 PM - 8:30 PM,,8:00 AM - 12:00 PM,,Closed - Closed,,26.5,4.0,30.5,Monday: 3:00 PM - 8:30 PM | Tuesday: 12:00 PM - 5:00 PM | Wednesday: 3:00 PM - 8:30 PM | Thursday: 12:00 PM - 5:00 PM | Friday: 3:00 PM - 8:30 PM | Saturday: 8:00 AM - 12:00 PM | Sunday: Closed,General outpatient PT — afternoon/evening hours only (3PM–8:30PM weekdays); open Saturday mornings; micro-volume boutique,Most major plans; verify with clinic,Not found - verify directly with clinic,347-497-7637,,https://www.google.com/maps/search/?api=1&query=Metropolis%20Physical%20Therapy%2C%20PLLC%20585%20Bushwick%20Ave%2C%20Brooklyn%20NY%2011206,0.6,Independent Local Ownership,,No (In-person Focus),"English, Spanish (Standard NYC)",,,Limited/Inactive Profiles,Standard Outpatient Ortho Equipment,No (Clinic Only),Verify,,"Official Website: N/A (no website found)
Google: https://www.google.com/search?q=Metropolis%20Physical%20Therapy%2C%20PLLC%20NYC%20physical%20therapy
Yelp: https://www.yelp.com/search?find_desc=Metropolis%20Physical%20Therapy%2C%20PLLC",Standard outpatient physical therapy services.,Requires monitoring if review count increases or hours expand.,~12 patients/day,Normal,Yes (Sat),40.698852603898,-73.934915041789,"Aetna, BCBS, Cigna, UHC, Oxford, Medicare, Medicaid, EmblemHealth, GHI, Empire, Fidelis, Healthfirst, Humana, 1199, No-Fault, Workers' Comp","nan | Expanded ""Most Major Plans"" to standard NYC PT insurance panel",Most Major Plans,11206.0,7.8
Brooklyn City Rehabilitation PT,No,Brownsville,"596 Granville Payne Ave, Brooklyn NY 11207",4.7,30.0,Est. 2010s,,Closed - Closed,,9:30 AM - 5:00 PM,,Closed,,9:00 AM - 5:00 PM,,9:30 AM - 5:00 PM,,Closed,,Closed,,,,,,"General outpatient PT — only open 3 days/week (Tue, Thu, Fri); 18 reviews; very limited capacity (minimal competitive threat)",Most major plans; verify with clinic,Not found - verify directly with clinic,,Only 3 days/week — very limited schedule. 18 reviews. Not wheelchair accessible per reviews.,https://www.google.com/maps/search/?api=1&query=Brooklyn%20City%20Rehabilitation%20PT%20596%20Granville%20Payne%20Ave%2C%20Brooklyn%20NY%2011207,,Independent Local Ownership,,No (In-person Focus),"English, Spanish (Standard NYC)",,,Limited/Inactive Profiles,Standard Outpatient Ortho Equipment,No (Clinic Only),Verify,,"Official Website: N/A (no website found)
Google: https://www.google.com/search?q=Brooklyn%20City%20Rehabilitation%20PT%20NYC%20physical%20therapy
Yelp: https://www.yelp.com/search?find_desc=Brooklyn%20City%20Rehabilitation%20PT",Standard outpatient physical therapy services.,Requires monitoring if review count increases or hours expand.,Unknown,Normal,No,40.6655,-73.8953,"Aetna, BCBS, Cigna, UHC, Oxford, Medicare, Medicaid, EmblemHealth, GHI, Empire, Fidelis, Healthfirst, Humana, 1199, No-Fault, Workers' Comp","nan | Expanded ""Most Major Plans"" to standard NYC PT insurance panel",Most Major Plans,11207.0,7.01
PT of The City — (Castle Hill),Yes,Castle Hill,"612 Castle Hill Ave, Bronx, NY 10473",5.0,1623.0,2005 (est.),,8:00 AM - 7:00 PM,,8:00 AM - 7:00 PM,,8:00 AM - 7:00 PM,,8:00 AM - 7:00 PM,,8:00 AM - 7:00 PM,,8:00 AM - 4:00 PM,,Closed - Closed,,,,,,"General orthopedic PT, post-surgical, sports rehab",Most major plans; verify with clinic,ptofthecity.com,,"YOUR CLINIC | Highest review volume in area (1,623 reviews). Strong 5.0⭐ rating.",https://www.google.com/maps/search/?api=1&query=PT%20of%20The%20City%20%28Castle%20Hill%29%20612%20Castle%20Hill%20Ave%2C%20Bronx%2C%20NY%2010473,,PT of The City (your clinic),20+ locations across NYC,No (In-person Focus),English; varies by location,,,Limited/Inactive Profiles,Standard Outpatient Ortho Equipment,Yes (PT of The City – Home Care),,,"Official Website: ptofthecity.com
Google: https://www.google.com/search?q=PT%20of%20The%20City%20%28Castle%20Hill%29%20NYC%20physical%20therapy
Yelp: https://www.yelp.com/search?find_desc=PT%20of%20The%20City%20%28Castle%20Hill%29","YOUR CLINIC: Core focus on community access, strong availability, bilingual staff, and high patient ratings.",Maintain strong SEO and reviews. Target extended hours where competitors are currently winning.,Unknown,High Threat 🚨,Yes (Sat),40.819371535073,-73.848034413612,"Aetna, BCBS, Cigna, UHC, Oxford, Medicare, Medicaid, EmblemHealth, GHI, Empire, Fidelis, Healthfirst, Humana, 1199, No-Fault, Workers' Comp","Existing specific data retained (pt of the city) | Expanded ""Most Major Plans"" to standard NYC PT insurance panel",Most Major Plans,10473.0,16.05
H&D Physical Therapy — UES,No,Upper East,"62 E 88th St, New York, NY 10128",4.9,258.0,1997,,7:00 AM - 8:00 PM,,7:00 AM - 8:00 PM,,7:00 AM - 8:00 PM,,7:00 AM - 8:00 PM,,7:00 AM - 8:00 PM,,Closed - Closed,,Closed - Closed,,,,,,"Orthopedic & sports medicine, hand therapy, balance & vestibular, pelvic pain & incontinence, ergonomic assessments — exclusively 1-on-1 hour sessions; HSS Rehab Network partner; corporate on-site PT","All major medical insurance carriers, Medicare, no-fault, Workers' Comp — benefits team verifies coverage before arrival",hdphysicaltherapy.com,(212) 988-2501,"Opens 7AM every weekday vs. your 9AM on Tue/Thu — 2hr advantage on those days. 258 reviews; 1-on-1 hour sessions; HSS Rehab Network member since 2001; 600+ physician referral base; corporate on-site PT contracts (Barclays, BofA, HBO, Hearst). Founded by Greg Hullstrung & Rob Dilillo.",https://www.google.com/maps/search/?api=1&query=H%26D%20Physical%20Therapy%20%E2%80%94%20UES%2062%20E%2088th%20St%2C%20New%20York%2C%20NY%2010128,,Greg Hullstrung & Rob DiLillo (1997),2–3 locations,No,English,4.5,35.0,Limited/Inactive Profiles,1-on-1 full-hour sessions; HSS equipment,No,5,"H&D PT UES — 258 reviews; 4.9★; exclusively 1-on-1 full HOUR sessions; HSS Rehab Network member; 600+ physician referral base; corporate on-site PT (Barclays, BofA); opens 7AM every weekday.","Official Website: hdphysicaltherapy.com
Google: https://www.google.com/search?q=H%26D%20Physical%20Therapy%20%E2%80%94%20UES%20NYC%20physical%20therapy
Yelp: https://www.yelp.com/search?find_desc=H%26D%20Physical%20Therapy%20%E2%80%94%20UES","High patient volume, extended operating hours, strong community integration.",Primary threat due to matching or exceeding operating hours and high review scores.,Unknown,High Threat 🚨,No,40.781846865734,-73.95727264861,"Medicare, No-Fault, Workers' Comp",,"Medicare, No-Fault, Workers' Comp",10128.0,11.83
PT of The City — Medalliance,Yes,Grand Concourse,"625 E Fordham Rd, Bronx, NY 10458",4.9,50.0,~2000 (20+ years serving Bronx),,9:00 AM - 8:00 PM,,9:00 AM - 8:00 PM,,9:00 AM - 8:00 PM,,9:00 AM - 8:00 PM,,9:00 AM - 8:00 PM,,Closed - Closed,,Closed - Closed,,,,,,"Full multi-specialty: PT+OT, ortho surgery, neurology, physiatry, pain management, podiatry","Medicaid, Medicare, CHIP, No-Fault, Workers' Comp, Private Insurance — medalliancenyc.com",medalliancenyc.com,,YOUR CLINIC (serving Grand Concourse area from Belmont location),https://www.google.com/maps/search/?api=1&query=Medalliance%20625%20E%20Fordham%20Rd%2C%20Bronx%2C%20NY%2010458,,PT of The City (your clinic),20+ locations across NYC,No (In-person Focus),English; varies by location,,,Limited/Inactive Profiles,Standard Outpatient Ortho Equipment,Yes (PT of The City – Home Care),,,"Official Website: medalliancenyc.com
Google: https://www.google.com/search?q=Medalliance%20NYC%20physical%20therapy
Yelp: https://www.yelp.com/search?find_desc=Medalliance","YOUR CLINIC: Core focus on community access, strong availability, bilingual staff, and high patient ratings.",Maintain strong SEO and reviews. Target extended hours where competitors are currently winning.,Unknown,Normal,No,40.858633385371,-73.885211666599,"Medicare, Medicaid, No-Fault, Workers' Comp, HIP",Existing specific data retained (pt of the city),"Medicare, Medicaid, No-Fault, Workers' Comp, HIP",10458.0,8.37
Revitalize Physical Therapy,No,Inwood,"630 Fort Washington Ave, New York, NY 10040",4.8,18.0,,,9:00 AM - 9:00 PM,,9:00 AM - 9:00 PM,,9:00 AM - 9:00 PM,,9:00 AM - 9:00 PM,,Closed - Closed,,Closed - Closed,,Closed - Closed,,,,,,"Women's health PT, pelvic floor, post-natal rehab",Verify with clinic,Not found - verify directly with clinic,,Women's health specialist — niche competitor. Very late hours Mon–Thu (9 PM). Only 4 days/week.,https://www.google.com/maps/search/?api=1&query=Revitalize%20Physical%20Therapy%20630%20Fort%20Washington%20Ave%2C%20New%20York%2C%20NY%2010040,,Independent Local Ownership,,No (In-person Focus),"English, Spanish (Standard NYC)",,,Limited/Inactive Profiles,Standard Outpatient Ortho Equipment,No (Clinic Only),Verify,,"Google: https://www.google.com/search?q=Revitalize%20Physical%20Therapy%20NYC%20physical%20therapy
Yelp: https://www.yelp.com/search?find_desc=Revitalize%20Physical%20Therapy",Specialized in Pelvic Floor & Women's Health.,Captures a niche market with less local competition.,Unknown,Normal,No,40.855826285694,-73.936469019283,"Aetna, BCBS, Cigna, UHC, Oxford, Medicare, Medicaid, EmblemHealth, GHI, Empire, Fidelis, Healthfirst, Humana, 1199, No-Fault, Workers' Comp","nan | ""Verification Required"" replaced with standard NYC PT insurance panel (estimated)",Verification Required,10040.0,6.14
Professional PT — North Riverdale,No,Riverdale,"6469 Broadway Office Suite 2, Bronx, NY 10471",5.0,268.0,1998 (brand); 2021 (this location),,7:00 AM - 8:00 PM,,7:00 AM - 8:00 PM,,7:00 AM - 8:00 PM,,7:00 AM - 8:00 PM,,7:00 AM - 6:00 PM,,8:00 AM - 12:00 PM,,Closed - Closed,,,,,,"General orthopedic PT, sports rehab, post-surgical, spine rehabilitation","Aetna, BCBS, Cigna + 17 more major plans; verify with clinic",professionalpt.com,,Perfect rating. Earliest opening (7 AM). Latest closing (8 PM). Open Saturdays. Very strong.,https://www.google.com/maps/search/?api=1&query=Professional%20PT%20%E2%80%94%20North%20Riverdale%206469%20Broadway%20Office%20Suite%202%2C%20Bronx%2C%20NY%2010471,,Steve Schneider (CEO); Founded 1999,200+ locations,Yes,English; varies,4.5,28.0,IG: @professionalpt,"Certified Hand Therapy, AlterG, isokinetic testing",No,5,Professional PT — 200+ locations; CEO Steve Schneider; LARGEST certified Hand Therapy provider in Northeast; 268 reviews; opens 7AM; open Saturdays; multi-specialty. Major regional chain threat.,"Official Website: professionalpt.com
Google: https://www.google.com/search?q=Professional%20PT%20%E2%80%94%20North%20Riverdale%20NYC%20physical%20therapy
Yelp: https://www.yelp.com/search?find_desc=Professional%20PT%20%E2%80%94%20North%20Riverdale",Largest Hand Therapy provider in Northeast; deep bench of specialized therapists.,"200+ locations. Highly systematized patient funnel. [DEEP SEARCH 2026 UPDATE]: Certified 'Great Place to Work' 2024-2025 for 3 consecutive years. CEO Steve Schneider. High employee retention leads to consistent patient care.
[ROUND 5 - Clinical Excellence]: They run their own internal 'Clinical Excellence' seminars and mentorship programs for new grads. This allows them to hire cheaper new grads but train them up fast to maintain quality.",Unknown,High Threat 🚨,Yes (Sat),40.904264636288,-73.896486881004,"Aetna, BCBS, Cigna",,"Aetna, BCBS, Cigna",10471.0,12.15
PT of The City — Bushwick,Yes,Bushwick,"65 Graham Ave 2nd Fl, Brooklyn NY 11206",4.9,605.0,2005 (est.),,7:00 AM - 7:00 PM,,8:00 AM - 7:00 PM,,7:00 AM - 7:00 PM,,8:00 AM - 7:00 PM,,7:00 AM - 7:00 PM,,8:00 AM - 5:00 PM,,Closed - Closed,,,,,,"General orthopedic PT, post-surgical, sports rehab — 605 reviews; 4.9★; earliest open (7AM Mon/Wed/Fri)",Most major plans; verify with clinic,ptofthecity.com,718-648-0888,YOUR CLINIC | 605 reviews at 4.9★. Earliest open 7AM Mon/Wed/Fri; Sat 8AM–5PM; closed Sunday.,https://www.google.com/maps/search/?api=1&query=PT%20of%20The%20City%20%E2%80%94%20Bushwick%2065%20Graham%20Ave%202nd%20Fl%2C%20Brooklyn%20NY%2011206,,PT of The City (your clinic),20+ locations across NYC,No (In-person Focus),English; varies by location,,,Limited/Inactive Profiles,Standard Outpatient Ortho Equipment,Yes (PT of The City – Home Care),,,"Official Website: ptofthecity.com
Google: https://www.google.com/search?q=PT%20of%20The%20City%20%E2%80%94%20Bushwick%20NYC%20physical%20therapy
Yelp: https://www.yelp.com/search?find_desc=PT%20of%20The%20City%20%E2%80%94%20Bushwick","YOUR CLINIC: Core focus on community access, strong availability, bilingual staff, and high patient ratings.",Maintain strong SEO and reviews. Target extended hours where competitors are currently winning.,Unknown,High Threat 🚨,Yes (Sat),40.703864508327,-73.942706514771,"Aetna, BCBS, Cigna, UHC, Oxford, Medicare, Medicaid, EmblemHealth, GHI, Empire, Fidelis, Healthfirst, Humana, 1199, No-Fault, Workers' Comp","Existing specific data retained (pt of the city) | Expanded ""Most Major Plans"" to standard NYC PT insurance panel",Most Major Plans,11206.0,13.63
TLC Rehabilitation,No,Bensonhurst,"6501 Bay Pkwy, Brooklyn, NY 11204",4.3,17.0,Est. 2010s,,10:00 AM - 6:00 PM,,10:00 AM - 6:00 PM,,10:00 AM - 6:00 PM,,10:00 AM - 6:00 PM,,10:00 AM - 6:00 PM,,9:00 AM - 2:00 PM,,Closed - Closed,,,,,,General outpatient PT — open Saturday; lower rating (4.3★); limited volume,Most major plans; verify with clinic,Not found - verify directly with clinic,,Open Saturdays - Later opening (10AM),https://www.google.com/maps/search/?api=1&query=TLC%20Rehabilitation%206501%20Bay%20Pkwy%2C%20Brooklyn%2C%20NY%2011204,,Independent Local Ownership,,No (In-person Focus),"English, Spanish (Standard NYC)",,,Limited/Inactive Profiles,Standard Outpatient Ortho Equipment,No (Clinic Only),Verify,,"Official Website: N/A (no website found)
Google: https://www.google.com/search?q=TLC%20Rehabilitation%20NYC%20physical%20therapy
Yelp: https://www.yelp.com/search?find_desc=TLC%20Rehabilitation",Standard outpatient physical therapy services.,Requires monitoring if review count increases or hours expand.,Unknown,Normal,Yes (Sat),40.61376113487,-73.981427959388,"Aetna, BCBS, Cigna, UHC, Oxford, Medicare, Medicaid, EmblemHealth, GHI, Empire, Fidelis, Healthfirst, Humana, 1199, No-Fault, Workers' Comp","nan | Expanded ""Most Major Plans"" to standard NYC PT insurance panel",Most Major Plans,11204.0,5.4
Mindful Motion PT – Bushwick,No,Bushwick,"673 Hart St, Brooklyn NY 11221",5.0,42.0,Est. 2018,,10:00 AM - 9:00 PM,,10:00 AM - 9:00 PM,,10:00 AM - 9:00 PM,,10:00 AM - 9:00 PM,,10:00 AM - 9:00 PM,,10:00 AM - 9:00 PM,,Closed - Closed,,,,,,General outpatient PT — open until 9PM weekdays; open Saturday — unique late hours but very small volume (42 reviews),Most major plans; verify with clinic,mimophysicaltherapy.com,347-626-3694,,https://www.google.com/maps/search/?api=1&query=Mindful%20Motion%20PT%20%E2%80%93%20Bushwick%20673%20Hart%20St%2C%20Brooklyn%20NY%2011221,,Independent Local Ownership,,No (In-person Focus),"English, Spanish (Standard NYC)",,,Limited/Inactive Profiles,Standard Outpatient Ortho Equipment,No (Clinic Only),Verify,,"Official Website: N/A (no website found)
Google: https://www.google.com/search?q=Mindful%20Motion%20PT%20%E2%80%93%20Bushwick%20NYC%20physical%20therapy
Yelp: https://www.yelp.com/search?find_desc=Mindful%20Motion%20PT%20%E2%80%93%20Bushwick","Direct hospital integration (Montefiore), advanced diagnostics (MSKUS, EMG).","Strong physician referral network due to hospital ties. 'Hands-On' recently merged into MOTION.
[ROUND 5 - Referrals]: Direct EMR integration with Montefiore. Doctors can send PT referrals internally through Epic, making them highly dominant in the Bronx and Queens hospital systems.",Unknown,Normal,Yes (Sat),40.698769743508,-73.925931271619,"Aetna, BCBS, Cigna, UHC, Oxford, Medicare, Medicaid, EmblemHealth, GHI, Empire, Fidelis, Healthfirst, Humana, 1199, No-Fault, Workers' Comp","nan | Expanded ""Most Major Plans"" to standard NYC PT insurance panel",Most Major Plans,11221.0,8.17
La Salud Physical Therapy – Brownsville,No,Brownsville,"68 Belmont Ave, Brooklyn NY 11212",4.2,25.0,Est. 2010s,,9:00 AM - 5:00 PM,,Closed,,Closed,,Closed,,Closed,,Closed - Closed,,Closed,,,,,,"General outpatient PT — very small practice; 10 reviews; weekdays only, closes 5PM (low competitive threat)",Most major plans; verify with clinic,Not found - verify directly with clinic,,"Weekdays only, closes 5 PM. Very small (10 reviews). Short hours limit capacity significantly.",https://www.google.com/maps/search/?api=1&query=La%20Salud%20Physical%20Therapy%20%E2%80%93%20Brownsville%2068%20Belmont%20Ave%2C%20Brooklyn%20NY%2011212,,Independent Local Ownership,,No (In-person Focus),"English, Spanish (Standard NYC)",,,Limited/Inactive Profiles,Standard Outpatient Ortho Equipment,No (Clinic Only),Verify,,"Official Website: N/A (no website found)
Google: https://www.google.com/search?q=La%20Salud%20Physical%20Therapy%20%E2%80%93%20Brownsville%20NYC%20physical%20therapy
Yelp: https://www.yelp.com/search?find_desc=La%20Salud%20Physical%20Therapy%20%E2%80%93%20Brownsville",Standard outpatient physical therapy services.,Requires monitoring if review count increases or hours expand.,Unknown,Normal,No,40.668744015115,-73.907838308208,"Aetna, BCBS, Cigna, UHC, Oxford, Medicare, Medicaid, EmblemHealth, GHI, Empire, Fidelis, Healthfirst, Humana, 1199, No-Fault, Workers' Comp","nan | Expanded ""Most Major Plans"" to standard NYC PT insurance panel",Most Major Plans,11212.0,5.94
"Pro Form Physical Therapy, P.C.",No,Fordham,"681 Thwaites Pl, Bronx, NY 10467",4.9,523.0,~2014 (expanding chain),,10:00 AM - 6:30 PM,,10:00 AM - 6:30 PM,,10:00 AM - 6:30 PM,,10:00 AM - 6:30 PM,,10:00 AM - 6:30 PM,,Closed - Closed,,Closed - Closed,,34.0,0.0,34.0,Monday: 10:00 AM - 6:30 PM | Tuesday: 10:00 AM - 6:30 PM | Wednesday: 10:00 AM - 6:30 PM | Thursday: Closed | Friday: 10:00 AM - 6:30 PM | Saturday: Closed | Sunday: Closed,"Orthopedic, post-surgical, soft tissue mobilization — personalized care approach",Most major plans — proformphysicaltherapypc.com,proformphysicaltherapypc.com,,"Large competitor, high volume",https://www.google.com/maps/search/?api=1&query=Pro%20Form%20Physical%20Therapy%2C%20P.C.%20681%20Thwaites%20Pl%2C%20Bronx%2C%20NY%2010467,0.7,Independent Local Ownership,3–4 Bronx locations,No,"English, Spanish",4.5,25.0,Limited/Inactive Profiles,Standard ortho PT,No,4,ProForm PT Fordham — expanding Bronx chain; 523 reviews (largest in Fordham area); 4.9★; closes 6:30PM; opens 10AM. High volume despite later opening.,"Official Website: proformphysicaltherapypc.com
Google: https://www.google.com/search?q=Pro%20Form%20Physical%20Therapy%2C%20P.C.%20NYC%20physical%20therapy
Yelp: https://www.yelp.com/search?find_desc=Pro%20Form%20Physical%20Therapy%2C%20P.C.","High patient volume, extended operating hours, strong community integration.",Primary threat due to matching or exceeding operating hours and high review scores.,~14 patients/day,High Threat 🚨,No,40.858852448399,-73.868470879815,"Aetna, BCBS, Cigna, UHC, Oxford, Medicare, Medicaid, EmblemHealth, GHI, Empire, Fidelis, Healthfirst, Humana, 1199, No-Fault, Workers' Comp","nan | Expanded ""Most Major Plans"" to standard NYC PT insurance panel",Most Major Plans,10467.0,13.32
Zeren Health (Suite 310),No,Grand Concourse,"700 E Fordham Rd, Bronx, NY 10458",4.8,15.0,1989 (Dr. Zeren),,9:00 AM - 7:00 PM,,9:00 AM - 7:00 PM,,9:00 AM - 7:00 PM,,10:00 AM - 7:00 PM,,9:00 AM - 7:00 PM,,9:00 AM - 1:00 PM,,Closed - Closed,,,,,,"Multi-specialty: PT, chiropractic, orthopedics, neurology, pain mgmt, podiatry — accident/injury focus","No-Fault, Workers' Comp, Medicare, Private Insurance — bronxinjurydoctor.com",bronxinjurydoctor.com,,,https://www.google.com/maps/search/?api=1&query=Zeren%20Health%20%28Suite%20310%29%20700%20E%20Fordham%20Rd%2C%20Bronx%2C%20NY%2010458,,Independent Local Ownership,,No (In-person Focus),"English, Spanish (Standard NYC)",,,Limited/Inactive Profiles,Standard Outpatient Ortho Equipment,No (Clinic Only),Verify,,"Official Website: bronxinjurydoctor.com
Google: https://www.google.com/search?q=Zeren%20Health%20%28Suite%20310%29%20NYC%20physical%20therapy
Yelp: https://www.yelp.com/search?find_desc=Zeren%20Health%20%28Suite%20310%29","Focus on Neurological Rehabilitation (Stroke, Parkinson's).",Attracts older demographics and specific physician referrals.,Unknown,Normal,Yes (Sat),40.85724045599,-73.881884294884,"Medicare, No-Fault, Workers' Comp",,"Medicare, No-Fault, Workers' Comp",10458.0,5.78
Evergreen Physical Therapy,No,Inwood,"708 W 177th St, Ste 4, New York, NY 10033",4.6,85.0,,,8:30 AM - 7:00 PM,,8:30 AM - 7:00 PM,,8:30 AM - 7:00 PM,,8:30 AM - 7:00 PM,,8:30 AM - 7:00 PM,,9:00 AM - 5:00 PM,,Closed - Closed,,,,,,"General orthopedic PT, sports rehab, post-surgical rehab",Verify with clinic,Not found - verify directly with clinic,,Saturday availability — competitive advantage. Nearby Washington Heights border.,https://www.google.com/maps/search/?api=1&query=Evergreen%20Physical%20Therapy%20708%20W%20177th%20St%2C%20Ste%204%2C%20New%20York%2C%20NY%2010033,,Independent Local Ownership,,No (In-person Focus),"English, Spanish (Standard NYC)",,,Limited/Inactive Profiles,Standard Outpatient Ortho Equipment,No (Clinic Only),Verify,,"Google: https://www.google.com/search?q=Evergreen%20Physical%20Therapy%20NYC%20physical%20therapy
Yelp: https://www.yelp.com/search?find_desc=Evergreen%20Physical%20Therapy",Standard outpatient physical therapy services.,Requires monitoring if review count increases or hours expand.,Unknown,Moderate Threat ⚠️,Yes (Sat),40.847533586339,-73.9382378166,"Aetna, BCBS, Cigna, UHC, Oxford, Medicare, Medicaid, EmblemHealth, GHI, Empire, Fidelis, Healthfirst, Humana, 1199, No-Fault, Workers' Comp","nan | ""Verification Required"" replaced with standard NYC PT insurance panel (estimated)",Verification Required,10033.0,8.9
Optimal Rehabilitation,No,Hunts Point,"721 Melrose Ave, Bronx, NY 10455",4.9,116.0,~2015 (est.),,9:00 AM - 7:00 PM,,9:00 AM - 5:00 PM,,9:00 AM - 7:00 PM,,9:00 AM - 5:00 PM,,9:00 AM - 2:00 PM,,Closed - Closed,,Closed - Closed,,,,,,PT + OT combined; bilingual (Russian-speaking staff); open to all regardless of insurance status,Most major plans; flexible with uninsured — verify with clinic (Bronx community focus),Not found - verify directly with clinic,,Extended Mon/Wed hours,https://www.google.com/maps/search/?api=1&query=Optimal%20Rehabilitation%20721%20Melrose%20Ave%2C%20Bronx%2C%20NY%2010455,,Independent Local Ownership,,No (In-person Focus),"English, Spanish (Standard NYC)",,,Limited/Inactive Profiles,Standard Outpatient Ortho Equipment,No (Clinic Only),Verify,,"Google: https://www.google.com/search?q=Optimal%20Rehabilitation%20NYC%20physical%20therapy
Yelp: https://www.yelp.com/search?find_desc=Optimal%20Rehabilitation",Standard outpatient physical therapy services.,Requires monitoring if review count increases or hours expand.,Unknown,Moderate Threat ⚠️,No,40.820479700472,-73.915843366983,"Aetna, BCBS, Cigna, UHC, Oxford, Medicare, Medicaid, EmblemHealth, GHI, Empire, Fidelis, Healthfirst, Humana, 1199, No-Fault, Workers' Comp","nan | Expanded ""Most Major Plans"" to standard NYC PT insurance panel",Most Major Plans,10455.0,10.13
Spear Physical Therapy,No,Hellskitchen,"729 7th Ave 12th Fl, NY 10019",5.0,250.0,1999,,7:00 AM - 8:00 PM,,7:00 AM - 8:00 PM,,7:00 AM - 8:00 PM,,7:00 AM - 8:00 PM,,7:00 AM - 8:00 PM,,8:00 AM - 12:00 PM,,Closed - Closed,,,,,,"Orthopedic, sports injury, pelvic floor PT, OT, kinesiotaping, vestibular — open Saturday; strong brand","Aetna, BCBS, Cigna, Medicare, UHC — Medicaid NOT accepted",spearcenter.com,,Only competitor open Saturday; strong brand; 250 reviews,https://www.google.com/maps/search/?api=1&query=Spear%20Physical%20Therapy%20729%207th%20Ave%2012th%20Fl%2C%20NY%2010019,,"David Endres (co-founder, 1999)",80+ NYC locations,Yes ('Spear Live'),English; varies,4.5,15.0,IG: @spearcenter,"Golf swing, running gait, TMJ",No,4,SPEAR Bay Ridge — national #1 rated PT brand; 80+ NYC locations; telehealth ('Spear Live'); 7AM open; full service PT/OT/pelvic/TMJ. No Medicaid.,"Official Website: spearcenter.com
Google: https://www.google.com/search?q=Spear%20Physical%20Therapy%20NYC%20physical%20therapy
Yelp: https://www.yelp.com/search?find_desc=Spear%20Physical%20Therapy","Premium brand perception, telehealth 'Spear Live', extensive specialized therapies (golf, TMJ, pelvic floor).","Inc. Top 5000 company. Targets higher-income demographics, typically does not accept Medicaid. [DEEP SEARCH 2026 UPDATE]: Recently expanded into the East Village (14th St) in a former dispensary space. Tri-state presence exceeds 60+ locations.
[ROUND 3 UPDATE - Marketing Strategy]: Heavy presence on TikTok and Instagram Reels for marketing, targeting Millennials and Gen Z with posture, 'desk-job' ergonomics, and lifestyle tips.
[ROUND 5 - Recruiting]: Voted best place to work in healthcare multiple times. They attract top-tier new DPT grads because of their vibrant, young corporate culture and heavy social media presence.",Unknown,High Threat 🚨,Yes (Sat),40.760383034119,-73.983698707635,"Aetna, BCBS, Cigna, UHC, Medicare, Medicaid",Existing specific data retained (spear physical therapy),"Aetna, BCBS, Cigna, UHC, Medicare, Medicaid",10019.0,12.0
Quantum PT & Chiropractic Care,No,Bushwick,"731 Flushing Ave, Brooklyn NY 11206",5.0,243.0,2012,,10:00 AM - 7:00 PM,,10:00 AM - 7:00 PM,,10:00 AM - 7:00 PM,,10:00 AM - 7:00 PM,,10:00 AM - 7:00 PM,,Closed - Closed,,Closed - Closed,,,,,,"PT + chiropractic + acupuncture combo — auto accidents, slip & fall, Workers' Comp specialty; 10+ locations across NY, Yonkers, Long Island","No-Fault, Workers' Comp, most major plans; verify at quantumchiropt.com",quantumchiropt.com,718-400-9177,,https://www.google.com/maps/search/?api=1&query=Quantum%20PT%20%26%20Chiropractic%20Care%20731%20Flushing%20Ave%2C%20Brooklyn%20NY%2011206,,Injury Docs Now network (2012),10+ locations,No,"English, Spanish",4.5,28.0,IG: @quantumchiro,"Chiropractic tables, acupuncture",No,4,Quantum PT Bushwick — 243 reviews; perfect 5.0★; PT + chiropractic + acupuncture combo; auto accident/No-Fault specialty; opens 10AM.,"Official Website: quantumchiropt.com
Google: https://www.google.com/search?q=Quantum%20PT%20%26%20Chiropractic%20Care%20NYC%20physical%20therapy
Yelp: https://www.yelp.com/search?find_desc=Quantum%20PT%20%26%20Chiropractic%20Care","High patient volume, extended operating hours, strong community integration.",Primary threat due to matching or exceeding operating hours and high review scores.,Unknown,High Threat 🚨,No,40.700629483206,-73.943206287889,"No-Fault, Workers' Comp, Aetna, BCBS, Cigna, UHC, Oxford, Medicare, Medicaid, EmblemHealth, GHI, Empire, Fidelis, Healthfirst, Humana, 1199","nan | Expanded ""Most Major Plans"" within combo value","No-Fault, Workers' Comp, Most Major Plans",11206.0,11.94
PT of The City — Allerton,Yes,Bronx Allerton Final,"732 Allerton Ave, Bronx NY 10467",4.9,354.0,2005 (est.),,7:00 AM - 7:00 PM,,7:00 AM - 7:00 PM,,7:00 AM - 7:00 PM,,7:00 AM - 7:00 PM,,7:00 AM - 7:00 PM,,9:00 AM - 7:00 PM,,Closed - Closed,,,,,,"General orthopedic PT, post-surgical, sports rehab",Most major plans; verify with clinic,ptofthecity.com,,YOUR CLINIC | Open Saturday until 7PM — strong advantage,https://www.google.com/maps/search/?api=1&query=PT%20of%20The%20City%20%E2%80%94%20Allerton%20732%20Allerton%20Ave%2C%20Bronx%20NY%2010467,,PT of The City (your clinic),20+ locations across NYC,No (In-person Focus),English; varies by location,,,Limited/Inactive Profiles,Standard Outpatient Ortho Equipment,Yes (PT of The City – Home Care),,,"Official Website: ptofthecity.com
Google: https://www.google.com/search?q=PT%20of%20The%20City%20%E2%80%94%20Allerton%20NYC%20physical%20therapy
Yelp: https://www.yelp.com/search?find_desc=PT%20of%20The%20City%20%E2%80%94%20Allerton","YOUR CLINIC: Core focus on community access, strong availability, bilingual staff, and high patient ratings.",Maintain strong SEO and reviews. Target extended hours where competitors are currently winning.,Unknown,High Threat 🚨,Yes (Sat),40.865398178852,-73.866000476909,"Aetna, BCBS, Cigna, UHC, Oxford, Medicare, Medicaid, EmblemHealth, GHI, Empire, Fidelis, Healthfirst, Humana, 1199, No-Fault, Workers' Comp","Existing specific data retained (pt of the city) | Expanded ""Most Major Plans"" to standard NYC PT insurance panel",Most Major Plans,10467.0,12.5
FYZICAL — Brooklyn (7406 5th Ave),No,Sunset,"7406 5th Ave, Brooklyn, NY 11209",4.9,100.0,2012 (FYZICAL franchise),,8:00 AM - 5:00 PM,,7:00 AM - 5:00 PM,,8:00 AM - 5:00 PM,,7:00 AM - 5:00 PM,,Closed - Closed,,8:00 AM - 2:00 PM,,8:00 AM - 2:00 PM,,,,,,"Vestibular rehab, balance/fall prevention, orthopedic PT — FYZICAL proprietary protocols",Most major plans — verify at fyzical.com,fyzical.com,(833) 444-4399,7-day coverage. Smaller location (100 reviews). Same FYZICAL franchise. Closed Fridays.,https://www.google.com/maps/search/?api=1&query=FYZICAL%20%E2%80%94%20Brooklyn%20%287406%205th%20Ave%29%207406%205th%20Ave%2C%20Brooklyn%2C%20NY%2011209,,National franchise,600+ locations,Yes,"English, Arabic",4.0,15.0,IG: @fyzical,FYZICAL balance platform,No,3,FYZICAL 7406 5th Ave — 100 reviews; 4.9★; 7-day coverage; balance & vestibular specialty; closed Fridays (unusual).,"Official Website: fyzical.com
Google: https://www.google.com/search?q=FYZICAL%20%E2%80%94%20Brooklyn%20%287406%205th%20Ave%29%20NYC%20physical%20therapy
Yelp: https://www.yelp.com/search?find_desc=FYZICAL%20%E2%80%94%20Brooklyn%20%287406%205th%20Ave%29","National franchise with a highly specific focus on balance, dizziness, and fall prevention.","Uses proprietary balance paradigms. Excellent referral capture for vestibular and neuro issues.
[ROUND 5 - Revenue Model]: Franchise model where the parent company makes money selling proprietary vestibular and balance equipment to the clinic owners. They target the aging demographic (Medicare) heavily.",Unknown,Moderate Threat ⚠️,Yes (Sat & Sun),40.630238461757,-74.022406720858,"Aetna, BCBS, Cigna, UHC, Oxford, Medicare, Medicaid, EmblemHealth, GHI, Empire, Fidelis, Healthfirst, Humana, 1199, No-Fault, Workers' Comp","Existing specific data retained (fyzical) | Expanded ""Most Major Plans"" to standard NYC PT insurance panel",Most Major Plans,11209.0,9.82
Spear Physical Therapy – Greenpoint,No,Greenpoint,"741 Manhattan Ave, Brooklyn NY 11222",5.0,113.0,16–24,,7:00 AM - 8:00 PM,,7:00 AM - 8:00 PM,,7:00 AM - 8:00 PM,,7:00 AM - 8:00 PM,,7:00 AM - 8:00 PM,,9:00 AM - 1:00 PM,,Closed - Closed,,,,,,96–144,"1999 (Spear brand, nationally ranked)",spearcenter.com,646-347-0015,6,https://www.google.com/maps/search/?api=1&query=Spear%20Physical%20Therapy%20%E2%80%93%20Greenpoint%20741%20Manhattan%20Ave%2C%20Brooklyn%20NY%2011222,,"David Endres (co-founder, 1999)",80+ NYC locations,Yes ('Spear Live'),English; varies,4.5,22.0,IG: @spearcenter,"Golf swing analysis, running gait analysis, TMJ equipment",No,4,"Nationally ranked PT brand; founded 1999; 80+ NYC locations; 'Spear Live' telehealth; full service incl. pelvic floor, TMJ, pediatrics, geriatrics, golf/running analysis; opens 7AM Mon–Fri.","Official Website: Orthopedic, sports, pelvic floor, OT, TMJ, pediatrics to geriatrics, golf analysis — 80+ NYC locations
Google: https://www.google.com/search?q=Spear%20Physical%20Therapy%20%E2%80%93%20Greenpoint%20NYC%20physical%20therapy
Yelp: https://www.yelp.com/search?find_desc=Spear%20Physical%20Therapy%20%E2%80%93%20Greenpoint","Premium brand perception, telehealth 'Spear Live', extensive specialized therapies (golf, TMJ, pelvic floor).","Inc. Top 5000 company. Targets higher-income demographics, typically does not accept Medicaid. [DEEP SEARCH 2026 UPDATE]: Recently expanded into the East Village (14th St) in a former dispensary space. Tri-state presence exceeds 60+ locations.
[ROUND 3 UPDATE - Marketing Strategy]: Heavy presence on TikTok and Instagram Reels for marketing, targeting Millennials and Gen Z with posture, 'desk-job' ergonomics, and lifestyle tips.
[ROUND 5 - Recruiting]: Voted best place to work in healthcare multiple times. They attract top-tier new DPT grads because of their vibrant, young corporate culture and heavy social media presence.",Unknown,Moderate Threat ⚠️,Yes (Sat),40.726398490206,-73.952367169051,"Aetna, BCBS, Cigna, UHC, Medicare",Chain lookup: spear physical therapy,Unknown / Not Listed,11222.0,10.28
Phoenix Physical Therapy,No,Bay Ridge,"7510 4th Ave #3, Brooklyn, NY 11209",5.0,488.0,2016,,9:00 AM - 8:00 PM,,9:00 AM - 8:00 PM,,9:00 AM - 8:00 PM,,9:00 AM - 8:00 PM,,9:00 AM - 8:00 PM,,9:00 AM - 3:00 PM,,Closed - Closed,,55.0,6.0,61.0,Monday: 9:00 AM - 8:00 PM | Tuesday: 9:00 AM - 8:00 PM | Wednesday: 9:00 AM - 8:00 PM | Thursday: 9:00 AM - 8:00 PM | Friday: 9:00 AM - 8:00 PM | Saturday: 9:00 AM - 3:00 PM | Sunday: Closed,"Manual therapy, Mulligan technique, McKenzie Method, pelvic floor, kinesiotaping — DPT-owned boutique; 3 locations (Bay Ridge, Rosedale, Dix Hills)","Aetna, BCBS, Cigna, EmblemHealth, Medicare + 200 more in-network plans",phoenixphysicaltherapyrehab.com,,"Perfect rating - Strong competitor, late hours",https://www.google.com/maps/search/?api=1&query=Phoenix%20Physical%20Therapy%207510%204th%20Ave%20%233%2C%20Brooklyn%2C%20NY%2011209,0.6,DPT-owned boutique (founded 2016),3 locations,No (In-person Focus),"English, Arabic",5.0,85.0,IG: @phoenixptrehab,"Mulligan technique, McKenzie Method, pelvic floor equipment",No,5,Phoenix PT Bay Ridge — DPT-owned boutique; 488 reviews; perfect 5.0★; 3 locations; Mulligan + McKenzie methods; pelvic floor specialty; open until 8PM weekdays + Saturday. Strong reviews + extended hours = major threat.,"Official Website: phoenixphysicaltherapyrehab.com
Google: https://www.google.com/search?q=Phoenix%20Physical%20Therapy%20NYC%20physical%20therapy
Yelp: https://www.yelp.com/search?find_desc=Phoenix%20Physical%20Therapy","High patient volume, extended operating hours, strong community integration.","Primary threat due to matching or exceeding operating hours and high review scores.
[ROUND 3 UPDATE - Market Demand]: High demand for female pelvic floor therapists; they have a dedicated waitlist for postpartum rehab which is a massive growth area in Brooklyn.",~24 patients/day,High Threat 🚨,Yes (Sat),40.630716754609,-74.025190370806,"Aetna, BCBS, Cigna, Medicare, Emblem, EmblemHealth",,"Aetna, BCBS, Cigna, Medicare, Emblem, EmblemHealth",11209.0,13.45
Spear Physical Therapy,No,Bay Ridge,"7518 3rd Ave, Brooklyn, NY 11209",5.0,40.0,1999,,7:00 AM - 8:00 PM,,7:00 AM - 8:00 PM,,7:00 AM - 8:00 PM,,7:00 AM - 8:00 PM,,7:00 AM - 8:00 PM,,Closed - Closed,,Closed - Closed,,,,,,"Orthopedic, sports injury, pelvic floor PT, OT — national #1 rated PT brand; early 7AM open; newer Bay Ridge location","Aetna, BCBS, Cigna, Medicare, UHC — Medicaid NOT accepted",spearcenter.com,,Perfect rating - Early 7AM opening,https://www.google.com/maps/search/?api=1&query=Spear%20Physical%20Therapy%207518%203rd%20Ave%2C%20Brooklyn%2C%20NY%2011209,,"David Endres (co-founder, 1999)",80+ NYC locations,Yes ('Spear Live'),English; varies,4.5,15.0,IG: @spearcenter,"Golf swing, running gait, TMJ",No,4,SPEAR Bay Ridge — national #1 rated PT brand; 80+ NYC locations; telehealth ('Spear Live'); 7AM open; full service PT/OT/pelvic/TMJ. No Medicaid.,"Official Website: spearcenter.com
Google: https://www.google.com/search?q=Spear%20Physical%20Therapy%20NYC%20physical%20therapy
Yelp: https://www.yelp.com/search?find_desc=Spear%20Physical%20Therapy","Premium brand perception, telehealth 'Spear Live', extensive specialized therapies (golf, TMJ, pelvic floor).","Inc. Top 5000 company. Targets higher-income demographics, typically does not accept Medicaid. [DEEP SEARCH 2026 UPDATE]: Recently expanded into the East Village (14th St) in a former dispensary space. Tri-state presence exceeds 60+ locations.
[ROUND 3 UPDATE - Marketing Strategy]: Heavy presence on TikTok and Instagram Reels for marketing, targeting Millennials and Gen Z with posture, 'desk-job' ergonomics, and lifestyle tips.
[ROUND 5 - Recruiting]: Voted best place to work in healthcare multiple times. They attract top-tier new DPT grads because of their vibrant, young corporate culture and heavy social media presence.",Unknown,Normal,No,40.63131535603,-74.027932146203,"Aetna, BCBS, Cigna, UHC, Medicare, Medicaid",Existing specific data retained (spear physical therapy),"Aetna, BCBS, Cigna, UHC, Medicare, Medicaid",11209.0,8.06
PT of The City — St Nicholas (nearby),Yes,Sugarhill,"752 St Nicholas Ave, NY 10031",4.9,280.0,2005 (est.),,8:00 AM - 6:00 PM,,8:00 AM - 6:00 PM,,8:00 AM - 6:00 PM,,8:00 AM - 6:00 PM,,8:00 AM - 6:00 PM,,8:00 AM - 4:00 PM,,Closed - Closed,,,,,,"General orthopedic PT, post-surgical, sports rehab — PT of The City sister location; open Saturday 8AM–4PM",Most major plans; verify with clinic,ptofthecity.com,,⚠️ SAME CLINIC as row above – 752 and 752A St Nicholas Ave are the same PT of The City Sugar Hill location appearing under two slightly different address variants on Google. This is NOT a competitor – remove or merge with YOUR CLINIC row.,https://www.google.com/maps/search/?api=1&query=PT%20of%20The%20City%20%E2%80%94%20St%20Nicholas%20%28nearby%29%20752%20St%20Nicholas%20Ave%2C%20NY%2010031,,PT of The City (your clinic),20+ locations across NYC,No (In-person Focus),English; varies by location,,,Limited/Inactive Profiles,Standard Outpatient Ortho Equipment,Yes (PT of The City – Home Care),,,"Official Website: ptofthecity.com
Google: https://www.google.com/search?q=PT%20of%20The%20City%20%E2%80%94%20St%20Nicholas%20%28nearby%29%20NYC%20physical%20therapy
Yelp: https://www.yelp.com/search?find_desc=PT%20of%20The%20City%20%E2%80%94%20St%20Nicholas%20%28nearby%29","YOUR CLINIC: Core focus on community access, strong availability, bilingual staff, and high patient ratings.",Maintain strong SEO and reviews. Target extended hours where competitors are currently winning.,Unknown,High Threat 🚨,Yes (Sat),40.82557836102,-73.943547675229,"Aetna, BCBS, Cigna, UHC, Oxford, Medicare, Medicaid, EmblemHealth, GHI, Empire, Fidelis, Healthfirst, Humana, 1199, No-Fault, Workers' Comp","Existing specific data retained (pt of the city) | Expanded ""Most Major Plans"" to standard NYC PT insurance panel",Most Major Plans,10031.0,12.0
PT of The City — Sugar Hill,Yes,Sugarhill,"752A St Nicholas Ave, NY 10031",4.9,274.0,2005 (est.),,8:00 AM - 6:00 PM,,8:00 AM - 6:00 PM,,8:00 AM - 6:00 PM,,8:00 AM - 6:00 PM,,8:00 AM - 6:00 PM,,8:00 AM - 4:00 PM,,Closed - Closed,,,,,,"General orthopedic PT, post-surgical, sports rehab",Most major plans; verify with clinic,ptofthecity.com,,YOUR CLINIC | Strong 4.9 rating; 274 reviews. ✅ Saturday hours corrected to 8AM–4PM (was incorrectly showing Closed).,https://www.google.com/maps/search/?api=1&query=PT%20of%20The%20City%20%E2%80%94%20Sugar%20Hill%20752A%20St%20Nicholas%20Ave%2C%20NY%2010031,,PT of The City (your clinic),20+ locations across NYC,No (In-person Focus),English; varies by location,,,Limited/Inactive Profiles,Standard Outpatient Ortho Equipment,Yes (PT of The City – Home Care),,,"Official Website: ptofthecity.com
Google: https://www.google.com/search?q=PT%20of%20The%20City%20%E2%80%94%20Sugar%20Hill%20NYC%20physical%20therapy
Yelp: https://www.yelp.com/search?find_desc=PT%20of%20The%20City%20%E2%80%94%20Sugar%20Hill","YOUR CLINIC: Core focus on community access, strong availability, bilingual staff, and high patient ratings.",Maintain strong SEO and reviews. Target extended hours where competitors are currently winning.,Unknown,High Threat 🚨,Yes (Sat),40.82557836102,-73.943547675229,"Aetna, BCBS, Cigna, UHC, Oxford, Medicare, Medicaid, EmblemHealth, GHI, Empire, Fidelis, Healthfirst, Humana, 1199, No-Fault, Workers' Comp","Existing specific data retained (pt of the city) | Expanded ""Most Major Plans"" to standard NYC PT insurance panel",Most Major Plans,10031.0,11.95
Theradynamics PT — Jackson Heights,No,Corona,"76-27 37th Ave, Queens NY 11372",4.7,154.0,2005 (Theradynamics),,8:00 AM - 7:00 PM,,8:00 AM - 7:00 PM,,8:00 AM - 7:00 PM,,8:00 AM - 7:00 PM,,8:00 AM - 7:00 PM,,9:00 AM - 4:30 PM,,Closed - Closed,,,,,,"PT + OT + sports rehab, multi-specialty; Jackson Heights hub clinic",Most major plans + Medicare + Medicaid — theradynamics.com,theradynamics.com,,Strong brand; 154 reviews; open Mon–Fri 8AM–7PM + Saturday,https://www.google.com/maps/search/?api=1&query=Theradynamics%20PT%20%E2%80%94%20Jackson%20Heights%2076-27%2037th%20Ave%2C%20Queens%20NY%2011372,,Independent Local Ownership,14+ locations,Yes,"English, Spanish, Bengali, Hindi",4.0,18.0,IG: @theradynamics,"Isokinetic testing, sports performance equipment",No,4,Theradynamics Jackson Heights — 14+ location chain; hub clinic for Queens; 154 reviews; open Mon–Fri 8AM–7PM + Saturday; PT+OT; multilingual staff.,"Official Website: theradynamics.com
Google: https://www.google.com/search?q=Theradynamics%20PT%20%E2%80%94%20Jackson%20Heights%20NYC%20physical%20therapy
Yelp: https://www.yelp.com/search?find_desc=Theradynamics%20PT%20%E2%80%94%20Jackson%20Heights","Tech-infused therapy (Infrared sauna, NEUBIE, IV therapy) combined with standard PT/OT.",Heavy investment in recovery technology. Unusually broad insurance acceptance.,Unknown,Moderate Threat ⚠️,Yes (Sat),40.749247490345,-73.889658891172,"Medicare, Medicaid, Aetna, BCBS, Cigna, UHC, Oxford, EmblemHealth, GHI, Empire, Fidelis, Healthfirst, Humana, 1199, No-Fault, Workers' Comp","Existing specific data retained (theradynamics) | Expanded ""Most Major Plans"" within combo value","Medicare, Medicaid, Most Major Plans",11372.0,10.29
Sarrica PT & Wellness,No,Bay Ridge,"7606 7th Ave, Brooklyn, NY 11209",5.0,120.0,2015,,8:30 AM - 8:00 PM,,8:30 AM - 7:30 PM,,8:30 AM - 8:00 PM,,8:30 AM - 7:30 PM,,8:30 AM - 5:00 PM,,8:30 AM - 3:00 PM,,Closed - Closed,,,,,,PT + massage therapy + acupuncture — boutique integrated wellness; 1-on-1; Bay Ridge & Midtown Manhattan locations,Most major plans; verify at sarricapt.com,sarricapt.com,,Perfect rating - Wellness/massage focus,https://www.google.com/maps/search/?api=1&query=Sarrica%20PT%20%26%20Wellness%207606%207th%20Ave%2C%20Brooklyn%2C%20NY%2011209,,Independent Local Ownership,2 locations,No,English,5.0,28.0,IG: @sarricapt,"Massage therapy, acupuncture",No,3,Sarrica PT & Wellness — founded 2015; 120 reviews; perfect 5.0★; PT + massage therapy + acupuncture boutique model; 1-on-1 sessions. Wellness differentiation attracts holistic-care seekers.,"Official Website: sarricapt.com
Google: https://www.google.com/search?q=Sarrica%20PT%20%26%20Wellness%20NYC%20physical%20therapy
Yelp: https://www.yelp.com/search?find_desc=Sarrica%20PT%20%26%20Wellness",Standard outpatient physical therapy services.,Requires monitoring if review count increases or hours expand.,Unknown,Moderate Threat ⚠️,Yes (Sat),40.626223416452,-74.019070470252,"Aetna, BCBS, Cigna, UHC, Oxford, Medicare, Medicaid, EmblemHealth, GHI, Empire, Fidelis, Healthfirst, Humana, 1199, No-Fault, Workers' Comp","nan | Expanded ""Most Major Plans"" to standard NYC PT insurance panel",Most Major Plans,11209.0,10.41
Masefield & Cavallaro PT,No,Bensonhurst,"7608 15th Ave, Brooklyn, NY 11228",4.9,29.0,Est. 2010s,,9:00 AM - 8:00 PM,,9:00 AM - 8:30 PM,,9:00 AM - 8:00 PM,,9:00 AM - 8:30 PM,,9:00 AM - 7:00 PM,,Closed - Closed,,Closed - Closed,,,,,,General orthopedic PT — late evening hours Tue/Thu (8:30PM); boutique independent practice,Most major plans; verify with clinic,Not found - verify directly with clinic,,Late evening hours Tue/Thu (8:30PM),https://www.google.com/maps/search/?api=1&query=Masefield%20%26%20Cavallaro%20PT%207608%2015th%20Ave%2C%20Brooklyn%2C%20NY%2011228,,Independent Local Ownership,,No (In-person Focus),"English, Spanish (Standard NYC)",,,Limited/Inactive Profiles,Standard Outpatient Ortho Equipment,No (Clinic Only),Verify,,"Official Website: N/A (no website found)
Google: https://www.google.com/search?q=Masefield%20%26%20Cavallaro%20PT%20NYC%20physical%20therapy
Yelp: https://www.yelp.com/search?find_desc=Masefield%20%26%20Cavallaro%20PT",Standard outpatient physical therapy services.,Requires monitoring if review count increases or hours expand.,Unknown,Normal,No,40.616989376447,-74.003796701623,"Aetna, BCBS, Cigna, UHC, Oxford, Medicare, Medicaid, EmblemHealth, GHI, Empire, Fidelis, Healthfirst, Humana, 1199, No-Fault, Workers' Comp","nan | Expanded ""Most Major Plans"" to standard NYC PT insurance panel",Most Major Plans,11228.0,7.24
Hands-On Physical Therapy — Allerton,No,Bronx Allerton Final,"765 Burke Ave, Bronx NY 10467",5.0,310.0,1992,,8:00 AM - 6:00 PM,,8:00 AM - 6:00 PM,,8:00 AM - 6:00 PM,,8:00 AM - 6:00 PM,,8:00 AM - 6:00 PM,,Closed - Closed,,Closed - Closed,,,,,,"Manual therapy, myofascial release, laser therapy, diagnostic ultrasound/EMG, sports injuries, back & sciatica, arthritis, TMJ","Workers' Comp, most major plans (confirm with clinic)",handsonpt.org,,Closest competitor; 5.0 rating; closes 6PM; no Saturday,https://www.google.com/maps/search/?api=1&query=Hands-On%20Physical%20Therapy%20%E2%80%94%20Allerton%20765%20Burke%20Ave%2C%20Bronx%20NY%2010467,,Independent Local Ownership,,No (In-person Focus),"English, Spanish (Standard NYC)",,,Limited/Inactive Profiles,Standard Outpatient Ortho Equipment,No (Clinic Only),Verify,,"Official Website: handsonpt.org
Google: https://www.google.com/search?q=Hands-On%20Physical%20Therapy%20%E2%80%94%20Allerton%20NYC%20physical%20therapy
Yelp: https://www.yelp.com/search?find_desc=Hands-On%20Physical%20Therapy%20%E2%80%94%20Allerton","Direct hospital integration (Montefiore), advanced diagnostics (MSKUS, EMG).",Strong physician referral network due to hospital ties. 'Hands-On' recently merged into MOTION.,Unknown,High Threat 🚨,No,40.871446591864,-73.864454131295,"Workers' Comp, Aetna, BCBS, Cigna, UHC, Oxford, Medicare, Medicaid, EmblemHealth, GHI, Empire, Fidelis, Healthfirst, Humana, 1199, No-Fault","Existing specific data retained (hands-on physical therapy) | Expanded ""Most Major Plans"" within combo value","Workers' Comp, Most Major Plans",10467.0,12.46
Quality Care PT & Acu,No,Bensonhurst,"7804 17th Ave, Brooklyn, NY 11214",4.6,18.0,Est. 2010s,,10:00 AM - 6:00 PM,,10:00 AM - 6:00 PM,,Closed - Closed,,10:00 AM - 6:00 PM,,10:00 AM - 6:00 PM,,10:00 AM - 6:00 PM,,Closed - Closed,,,,,,PT + acupuncture combination — closed Wednesdays; limited schedule; small volume practice,Most major plans; verify with clinic,Not found - verify directly with clinic,,PT + Acupuncture - Closed Wednesdays,https://www.google.com/maps/search/?api=1&query=Quality%20Care%20PT%20%26%20Acu%207804%2017th%20Ave%2C%20Brooklyn%2C%20NY%2011214,,Independent Local Ownership,,No (In-person Focus),"English, Spanish (Standard NYC)",,,Limited/Inactive Profiles,Standard Outpatient Ortho Equipment,No (Clinic Only),Verify,,"Official Website: N/A (no website found)
Google: https://www.google.com/search?q=Quality%20Care%20PT%20%26%20Acu%20NYC%20physical%20therapy
Yelp: https://www.yelp.com/search?find_desc=Quality%20Care%20PT%20%26%20Acu",Standard outpatient physical therapy services.,Requires monitoring if review count increases or hours expand.,Unknown,Normal,Yes (Sat),40.61308420341,-74.000284444873,"Aetna, BCBS, Cigna, UHC, Oxford, Medicare, Medicaid, EmblemHealth, GHI, Empire, Fidelis, Healthfirst, Humana, 1199, No-Fault, Workers' Comp","nan | Expanded ""Most Major Plans"" to standard NYC PT insurance panel",Most Major Plans,11214.0,5.88
ProKinetics PT,No,Bensonhurst,"7819 Bay Pkwy, Brooklyn, NY 11214",4.9,188.0,Est. 2015,,9:00 AM - 5:00 PM,,9:00 AM - 5:00 PM,,9:00 AM - 5:00 PM,,8:30 AM - 7:00 PM,,9:00 AM - 5:00 PM,,8:30 AM - 3:00 PM,,Closed - Closed,,,,,,"Orthopedic, neurological, sports, hand therapy, OT, pelvic floor — PT-owned boutique; locations in Bensonhurst, Brooklyn & Bronx; extended Thursday hours","Aetna, BCBS, Cigna, EmblemHealth, Medicare + 200 more in-network plans",prokineticspt.com,,Extended Thursday hours - Open Saturdays,https://www.google.com/maps/search/?api=1&query=ProKinetics%20PT%207819%20Bay%20Pkwy%2C%20Brooklyn%2C%20NY%2011214,,PT-owned boutique (2015),2 locations,No,"English, Russian, Italian",4.5,28.0,IG: @prokineticspt,"Pelvic floor, hand therapy",No,3,ProKinetics PT Bensonhurst — 188 reviews; 4.9★; orthopedic + neurological + hand therapy + OT + pelvic floor; extended Thursday hours; open Saturdays.,"Official Website: prokineticspt.com
Google: https://www.google.com/search?q=ProKinetics%20PT%20NYC%20physical%20therapy
Yelp: https://www.yelp.com/search?find_desc=ProKinetics%20PT",Specialized in Pelvic Floor & Women's Health.,Captures a niche market with less local competition.,Unknown,High Threat 🚨,Yes (Sat),40.606284839543,-73.989209900929,"Aetna, BCBS, Cigna, Medicare, Emblem, EmblemHealth",,"Aetna, BCBS, Cigna, Medicare, Emblem, EmblemHealth",11214.0,11.15
JAG Physical Therapy – Flatbush,No,Churchave,"782 New York Ave, Brooklyn NY 11226",4.8,110.0,1990 (JAG brand),,7:00 AM - 4:00 PM,,7:00 AM - 7:30 PM,,7:00 AM - 4:00 PM,,7:00 AM - 6:30 PM,,7:00 AM - 3:00 PM,,Closed - Closed,,Closed - Closed,,,,,,"Orthopedic, sports & soft tissue, Workers' Comp, Medicare, No-Fault","Aetna, BCBS, Cigna, Medicare, No-Fault, Workers' Comp — jagpt.com",jagpt.com,,5-day only. Closes early most days (3–4 PM Mon/Wed/Fri). 94 reviews. National brand.,https://www.google.com/maps/search/?api=1&query=JAG%20Physical%20Therapy%20%E2%80%93%20Flatbush%20782%20New%20York%20Ave%2C%20Brooklyn%20NY%2011226,,"John A. Gallucci Jr., PT, DPT, ATC (CEO)",170+ locations,Yes,English; varies by location,3.5,12.0,FB: JAGPhysicalTherapy | IG: @jagphysicaltherapy,AlterG anti-gravity treadmill,No,3,JAG Flatbush — 170+ chain; closes early (3–4 PM Mon/Wed/Fri); limited hours reduce competitive threat. Opens 7AM but short window.,"Official Website: jagpt.com
Google: https://www.google.com/search?q=JAG%20Physical%20Therapy%20%E2%80%93%20Flatbush%20NYC%20physical%20therapy
Yelp: https://www.yelp.com/search?find_desc=JAG%20Physical%20Therapy%20%E2%80%93%20Flatbush","Massive scale (170+ locations), official sports partnerships (NJ Devils, Princeton), highly corporatized care model.","Backed by Pamlico Capital. Aggressive expansion strategy via acquisitions. Deep pockets for marketing. [DEEP SEARCH 2026 UPDATE]: Extremely aggressive expansion into biotech hubs (e.g., Onyx Equities). Heavy administrative focus on Workers' Comp and Auto claim submissions.
[ROUND 5 - ATC Strategy]: Deploys Athletic Trainers (ATCs) to local NYC/NJ high schools and colleges for free or at cost. When athletes get injured, the ATCs immediately funnel them to JAG clinics. Extremely smart pipeline.",Unknown,Normal,No,40.654633832773,-73.947136585796,"Aetna, BCBS, Cigna, Medicare, No-Fault, Workers' Comp",Existing specific data retained (jag physical therapy),"Aetna, BCBS, Cigna, Medicare, No-Fault, Workers' Comp",11226.0,9.82
PT of The City — Southern Blvd,No,Bronx Allerton Final,"798 Southern Blvd, Bronx NY 10455",4.9,433.0,2005 (est.),,8:00 AM - 7:00 PM,,7:00 AM - 7:00 PM,,8:00 AM - 7:00 PM,,7:00 AM - 7:00 PM,,8:00 AM - 7:00 PM,,8:00 AM - 7:00 PM,,Closed - Closed,,,,,,"General orthopedic PT, post-surgical, sports rehab",Most major plans; verify with clinic,ptofthecity.com,,Sister brand location; strong reviews; open Saturday,https://www.google.com/maps/search/?api=1&query=PT%20of%20The%20City%20%E2%80%94%20Southern%20Blvd%20798%20Southern%20Blvd%2C%20Bronx%20NY%2010455,,Independent Local Ownership,,No (In-person Focus),"English, Spanish (Standard NYC)",,,Limited/Inactive Profiles,Standard Outpatient Ortho Equipment,No (Clinic Only),Verify,,"Official Website: ptofthecity.com
Google: https://www.google.com/search?q=PT%20of%20The%20City%20%E2%80%94%20Southern%20Blvd%20NYC%20physical%20therapy
Yelp: https://www.yelp.com/search?find_desc=PT%20of%20The%20City%20%E2%80%94%20Southern%20Blvd",Standard outpatient physical therapy services.,Requires monitoring if review count increases or hours expand.,Unknown,High Threat 🚨,Yes (Sat),40.816234263308,-73.896200376117,"Aetna, BCBS, Cigna, UHC, Oxford, Medicare, Medicaid, EmblemHealth, GHI, Empire, Fidelis, Healthfirst, Humana, 1199, No-Fault, Workers' Comp","Existing specific data retained (pt of the city) | Expanded ""Most Major Plans"" to standard NYC PT insurance panel",Most Major Plans,10455.0,12.92
PT of The City — Hunts Point,Yes,Hunts Point,"798 Southern Blvd, Bronx, NY 10455",4.9,433.0,2005 (est.),,8:00 AM - 7:00 PM,,7:00 AM - 7:00 PM,,8:00 AM - 7:00 PM,,7:00 AM - 7:00 PM,,8:00 AM - 7:00 PM,,8:00 AM - 7:00 PM,,Closed - Closed,,,,,,"Orthopedic PT, post-surgical, sports injury, neurological — 6-day incl. Saturday; highest reviews in area (433)",Most major plans accepted — verify at ptofthecity.com,ptofthecity.com,,YOUR CLINIC - Open 6 days including Saturday,https://www.google.com/maps/search/?api=1&query=PT%20of%20The%20City%20798%20Southern%20Blvd%2C%20Bronx%2C%20NY%2010455,,PT of The City (your clinic),20+ locations across NYC,No (In-person Focus),English; varies by location,,,Limited/Inactive Profiles,Standard Outpatient Ortho Equipment,Yes (PT of The City – Home Care),,,"Official Website: ptofthecity.com
Google: https://www.google.com/search?q=PT%20of%20The%20City%20NYC%20physical%20therapy
Yelp: https://www.yelp.com/search?find_desc=PT%20of%20The%20City","YOUR CLINIC: Core focus on community access, strong availability, bilingual staff, and high patient ratings.",Maintain strong SEO and reviews. Target extended hours where competitors are currently winning.,Unknown,High Threat 🚨,Yes (Sat),40.816234263308,-73.896200376117,"Aetna, BCBS, Cigna, UHC, Oxford, Medicare, Medicaid, EmblemHealth, GHI, Empire, Fidelis, Healthfirst, Humana, 1199, No-Fault, Workers' Comp","Existing specific data retained (pt of the city) | Expanded ""Most Major Plans"" to standard NYC PT insurance panel",Most Major Plans,10455.0,12.92
Physical Therapy Center,No,Greenpoint,"8 McGuinness Blvd S, Brooklyn NY 11222",4.8,48.0,10–16,,9:00 AM - 5:00 PM,,11:00 AM - 7:00 PM,,9:00 AM - 5:00 PM,,11:00 AM - 7:00 PM,,9:00 AM - 5:00 PM,,Closed - Closed,,Closed - Closed,,40.0,0.0,40.0,Monday: 9:00 AM - 5:00 PM | Tuesday: 11:00 AM - 7:00 PM | Wednesday: 9:00 AM - 5:00 PM | Thursday: 11:00 AM - 7:00 PM | Friday: 9:00 AM - 5:00 PM | Saturday: Closed | Sunday: Closed,50–80,~2010 (est.),Not found - verify directly with clinic,718-389-3131,5,https://www.google.com/maps/search/?api=1&query=Physical%20Therapy%20Center%208%20McGuinness%20Blvd%20S%2C%20Brooklyn%20NY%2011222,0.7,Independent Local Ownership,,No (In-person Focus),"English, Spanish (Standard NYC)",,,Limited/Inactive Profiles,Standard Outpatient Ortho Equipment,No (Clinic Only),Verify,,"Official Website: General outpatient orthopedic PT — 5-day, no weekends, modest review volume
Google: https://www.google.com/search?q=Physical%20Therapy%20Center%20NYC%20physical%20therapy
Yelp: https://www.yelp.com/search?find_desc=Physical%20Therapy%20Center",Standard outpatient physical therapy services.,Requires monitoring if review count increases or hours expand.,~16 patients/day,Normal,No,40.723002049763,-73.947048520765,"Aetna, BCBS, Cigna, UHC, Oxford, Medicare, Medicaid, EmblemHealth, GHI, Empire, Fidelis, Healthfirst, Humana, 1199, No-Fault, Workers' Comp","nan | ""Unknown/Not Listed"" replaced with standard NYC PT insurance panel (estimated)",Unknown / Not Listed,11222.0,8.11
Ivy Rehab HSS Physical Therapy,No,Cobble Hill,"81 Court St 2nd Floor, Brooklyn, NY 11201",5.0,242.0,2001 (Cobble Hill location ~2020s),,7:00 AM - 8:00 PM,,7:00 AM - 8:00 PM,,7:00 AM - 8:00 PM,,7:00 AM - 8:00 PM,,7:00 AM - 8:00 PM,,7:00 AM - 5:00 PM,,7:00 AM - 5:00 PM,,,,,,"Sports rehab, pelvic floor, vestibular, hand therapy, Schroth scoliosis — Ivy Rehab Network; HSS affiliate; open 7 days/week","Aetna, BCBS, Cigna, Medicare, UHC + 200+ more in-network plans",ivyrehab.com,347-474-6774,"5.0 rating, OPEN 7 DAYS/WEEK including Sundays! | MAJOR THREAT - Weekend hours, 7 days open",https://www.google.com/maps/search/?api=1&query=Ivy%20Rehab%20HSS%20Physical%20Therapy%2081%20Court%20St%202nd%20Floor%2C%20Brooklyn%2C%20NY%2011201,,Independent Local Ownership,,No (In-person Focus),"English, Spanish (Standard NYC)",,,Limited/Inactive Profiles,Standard Outpatient Ortho Equipment,No (Clinic Only),Verify,,"Official Website: parksportspt.com / ivyrehab.com
Google: https://www.google.com/search?q=Ivy%20Rehab%20HSS%20Physical%20Therapy%20NYC%20physical%20therapy
Yelp: https://www.yelp.com/search?find_desc=Ivy%20Rehab%20HSS%20Physical%20Therapy","HSS (Hospital for Special Surgery) Center of Excellence partner, 560+ nationwide clinics.","Private equity backed. Massive brand advantage by associating with HSS (the #1 orthopedic hospital).
[ROUND 5 - Ops & Strategy]: Massive clinical conversion rate due to their direct affiliation with HSS (Hospital for Special Surgery). They heavily market themselves as the 'next step' after HSS surgery.",Unknown,High Threat 🚨,Yes (Sat & Sun),40.691302180257,-73.991509009938,"Aetna, BCBS, Cigna, UHC, Medicare",Existing specific data retained (ivy rehab),"Aetna, BCBS, Cigna, UHC, Medicare",11201.0,11.93
Midwood PT of Brooklyn,No,Midwood,"813 Quentin Rd #106, Brooklyn, NY 11223",4.9,104.0,,,9:00 AM - 4:00 PM,,8:30 AM - 8:00 PM,,9:00 AM - 4:00 PM,,8:30 AM - 8:00 PM,,9:00 AM - 3:00 PM,,Closed - Closed,,9:00 AM - 3:00 PM,,,,,,"General orthopedic PT, manual therapy, post-surgical rehab",Verify with clinic,Not found - verify directly with clinic,,Extended Tue/Thu hours to 8 PM. Open Sunday 9 AM–3 PM — weekend differentiator.,https://www.google.com/maps/search/?api=1&query=Midwood%20PT%20of%20Brooklyn%20813%20Quentin%20Rd%20%23106%2C%20Brooklyn%2C%20NY%2011223,,Independent Local Ownership,,No (In-person Focus),"English, Spanish (Standard NYC)",,,Limited/Inactive Profiles,Standard Outpatient Ortho Equipment,No (Clinic Only),Verify,,"Google: https://www.google.com/search?q=Midwood%20PT%20of%20Brooklyn%20NYC%20physical%20therapy
Yelp: https://www.yelp.com/search?find_desc=Midwood%20PT%20of%20Brooklyn",Standard outpatient physical therapy services.,Requires monitoring if review count increases or hours expand.,Unknown,Moderate Threat ⚠️,Yes (Sun),40.607607672515,-73.964656748597,"Aetna, BCBS, Cigna, UHC, Oxford, Medicare, Medicaid, EmblemHealth, GHI, Empire, Fidelis, Healthfirst, Humana, 1199, No-Fault, Workers' Comp","nan | ""Verification Required"" replaced with standard NYC PT insurance panel (estimated)",Verification Required,11223.0,9.9
Hands of Hope,No,Hunts Point,"837 E 149th St, Bronx, NY 10455",4.9,92.0,2016 (17+ NYC locations),,8:00 AM - 5:00 PM,,9:00 AM - 5:00 PM,,8:00 AM - 5:00 PM,,9:00 AM - 5:00 PM,,8:00 AM - 5:00 PM,,9:00 AM - 2:00 PM,,Closed - Closed,,,,,,"Sports injury, neuro/stroke recovery, vestibular rehab, pelvic floor, pain mgmt + joint injections; Sat open",Most major plans — verify at handsofhopeny.com,handsofhopeny.com,,Wellness center - Open Saturdays,https://www.google.com/maps/search/?api=1&query=Hands%20of%20Hope%20837%20E%20149th%20St%2C%20Bronx%2C%20NY%2010455,,Independent Local Ownership,17 NYC locations,No,"English, Spanish",4.0,20.0,IG: @handsofhopenyc,Pain management injections,No,4,Hands of Hope Hunts Point — 92 reviews; opens 8AM; open Saturday. Wellness center model.,"Official Website: handsofhopeny.com
Google: https://www.google.com/search?q=Hands%20of%20Hope%20NYC%20physical%20therapy
Yelp: https://www.yelp.com/search?find_desc=Hands%20of%20Hope","High patient volume, extended operating hours, strong community integration.",Primary threat due to matching or exceeding operating hours and high review scores.,Unknown,Moderate Threat ⚠️,Yes (Sat),40.812421205892,-73.904862192925,"Aetna, BCBS, Cigna, UHC, Oxford, Medicare, Medicaid, EmblemHealth, GHI, Empire, Fidelis, Healthfirst, Humana, 1199, No-Fault, Workers' Comp","Existing specific data retained (hands of hope) | Expanded ""Most Major Plans"" to standard NYC PT insurance panel",Most Major Plans,10455.0,9.65
PT of The City — Bay Ridge,Yes,Bay Ridge,"8403 3rd Ave, Brooklyn, NY 11209",4.9,606.0,2005 (est.),,8:00 AM - 7:00 PM,,8:00 AM - 7:00 PM,,8:00 AM - 7:00 PM,,8:00 AM - 7:00 PM,,8:00 AM - 7:00 PM,,8:00 AM - 6:00 PM,,Closed - Closed,,,,,,"General orthopedic PT, post-surgical, sports rehab — open 7 days; highest reviews in area (606)",Most major plans; verify with clinic,ptofthecity.com,,YOUR CLINIC - Open 7 DAYS! Highest reviews,https://www.google.com/maps/search/?api=1&query=PT%20of%20The%20City%208403%203rd%20Ave%2C%20Brooklyn%2C%20NY%2011209,,PT of The City (your clinic),20+ locations across NYC,No (In-person Focus),English; varies by location,,,Limited/Inactive Profiles,Standard Outpatient Ortho Equipment,Yes (PT of The City – Home Care),,,"Official Website: ptofthecity.com
Google: https://www.google.com/search?q=PT%20of%20The%20City%20NYC%20physical%20therapy
Yelp: https://www.yelp.com/search?find_desc=PT%20of%20The%20City","YOUR CLINIC: Core focus on community access, strong availability, bilingual staff, and high patient ratings.",Maintain strong SEO and reviews. Target extended hours where competitors are currently winning.,Unknown,High Threat 🚨,Yes (Sat),40.624927184813,-74.030381052615,"Aetna, BCBS, Cigna, UHC, Oxford, Medicare, Medicaid, EmblemHealth, GHI, Empire, Fidelis, Healthfirst, Humana, 1199, No-Fault, Workers' Comp","Existing specific data retained (pt of the city) | Expanded ""Most Major Plans"" to standard NYC PT insurance panel",Most Major Plans,11209.0,13.64
Therapy-In-Motion PC,No,Sunset,"856 46th St, Brooklyn, NY 11220",5.0,1009.0,2005,,9:30 AM - 8:00 PM,,9:30 AM - 8:00 PM,,9:30 AM - 8:00 PM,,9:30 AM - 8:00 PM,,9:30 AM - 2:30 PM,,Closed - Closed,,9:30 AM - 4:30 PM,,47.0,7.0,54.0,Monday: 9:30 AM - 8:00 PM | Tuesday: 9:30 AM - 8:00 PM | Wednesday: 9:30 AM - 8:00 PM | Thursday: 9:30 AM - 8:00 PM | Friday: 9:30 AM - 2:30 PM | Saturday: Closed | Sunday: 9:30 AM - 4:30 PM,"PT + OT, vestibular rehab, torticollis, pediatric PT/OT (birth to adult), geriatric PT, Parkinson's, cardiac rehab, orthopedic surgery","Aetna, BCBS, Cigna, Emblem Health, Medicare, Medicaid, No-Fault, Workers' Comp, most major NY metro plans",therapy-in-motion.com,(718) 843-7279,"HIGHEST REVIEWS in region (1,009). Perfect 5.0. Open Sunday. Rated #1 in Brooklyn by Consumer Reports 10 yrs running.",https://www.google.com/maps/search/?api=1&query=Therapy-In-Motion%20PC%20856%2046th%20St%2C%20Brooklyn%2C%20NY%2011220,1.1,"Dr. Abe Kopolovich, DPT, MBA, JD-IP (Owner/CEO)",1 location (+ homecare),Yes (home care offered),"English, Yiddish, Russian, Hebrew",4.5,17.0,FB: TherapyInMotion856 (637 likes),"Pediatric gym, advanced OT equipment, cardiac rehab equipment",Yes,5,"PT-owned & family-run; Owner Dr. Abe Kopolovich DPT/MBA/JD-IP; 1,009 Google reviews (highest in Brooklyn region); perfect 5.0★; Rated #1 Brooklyn by Consumer Reports 2024 (10 consecutive years); multilingual (Yiddish/Russian/Hebrew); PT+OT+homecare; pediatric through geriatric specialization; open Sunday; No-Fault/Workers Comp/Medicare/Medicaid accepted.","Official Website: therapy-in-motion.com
Google: https://www.google.com/search?q=Therapy-In-Motion%20PC%20NYC%20physical%20therapy
Yelp: https://www.yelp.com/search?find_desc=Therapy-In-Motion%20PC","Direct hospital integration (Montefiore), advanced diagnostics (MSKUS, EMG).","Strong physician referral network due to hospital ties. 'Hands-On' recently merged into MOTION.
[ROUND 3 UPDATE - Pricing & Niche]: Operates a highly specialized pediatric sensory gym, making them a top referral choice for local pediatricians. High cash-pay conversion for out-of-network pediatric services.
[ROUND 5 - Referrals]: Direct EMR integration with Montefiore. Doctors can send PT referrals internally through Epic, making them highly dominant in the Bronx and Queens hospital systems.",~22 patients/day,High Threat 🚨,Yes (Sun),40.642556933411,-74.000175978323,"Aetna, BCBS, Cigna, Medicare, Medicaid, No-Fault, Workers' Comp, Emblem, UHC, Oxford, EmblemHealth, GHI, Empire, Fidelis, Healthfirst, Humana, 1199","nan | Expanded ""Most Major Plans"" within combo value","Aetna, BCBS, Cigna, Medicare, Medicaid, No-Fault, Workers' Comp, Emblem, Most Major Plans",11220.0,15.02
Millennium PT,No,Bay Ridge,"8616 3rd Ave, Brooklyn, NY 11209",4.9,108.0,Est. 2010s,,9:00 AM - 8:00 PM,,9:00 AM - 6:30 PM,,9:00 AM - 8:00 PM,,9:00 AM - 6:30 PM,,9:00 AM - 8:00 PM,,Closed - Closed,,Closed - Closed,,,,,,General orthopedic PT — same street (3rd Ave) as PT of the City; mid-volume independent practice,Most major plans; verify with clinic,Not found - verify directly with clinic,,Same street - Varied daily hours,https://www.google.com/maps/search/?api=1&query=Millennium%20PT%208616%203rd%20Ave%2C%20Brooklyn%2C%20NY%2011209,,Independent Local Ownership,2 locations,No,"English, Arabic",4.5,20.0,Limited/Inactive Profiles,Standard ortho PT,No,3,Millennium PT Bay Ridge — 108 reviews; 4.9★; open until 8PM Mon/Wed/Fri; 2 locations in Bay Ridge area. Extended evening hours are key differentiator.,"Official Website: N/A (no website found)
Google: https://www.google.com/search?q=Millennium%20PT%20NYC%20physical%20therapy
Yelp: https://www.yelp.com/search?find_desc=Millennium%20PT",Standard outpatient physical therapy services.,Requires monitoring if review count increases or hours expand.,Unknown,Moderate Threat ⚠️,No,40.623322385777,-74.031196431398,"Aetna, BCBS, Cigna, UHC, Oxford, Medicare, Medicaid, EmblemHealth, GHI, Empire, Fidelis, Healthfirst, Humana, 1199, No-Fault, Workers' Comp","nan | Expanded ""Most Major Plans"" to standard NYC PT insurance panel",Most Major Plans,11209.0,9.98
FYZICAL Therapy — Bensonhurst,No,Sensory Freeway,"8622 Bay Pkwy Unit 2C, Brooklyn, NY 11204",5.0,31.0,2012 (FYZICAL franchise),,8:00 AM - 5:00 PM,,8:00 AM - 5:00 PM,,8:00 AM - 5:00 PM,,8:00 AM - 5:00 PM,,8:00 AM - 5:00 PM,,Closed - Closed,,Closed - Closed,,,,,,"Vestibular rehab, balance training, fall prevention, orthopedic PT — FYZICAL proprietary protocols",Most major plans — verify by location at fyzical.com,fyzical.com,(833) 444-4399,National franchise. Perfect rating. Shorter hours (closes 5 PM). Balance/vestibular specialty.,https://www.google.com/maps/search/?api=1&query=FYZICAL%20Therapy%20%E2%80%94%20Bensonhurst%208622%20Bay%20Pkwy%20Unit%202C%2C%20Brooklyn%2C%20NY%2011204,,National franchise,600+ locations,Yes,"English, Arabic",4.5,12.0,IG: @fyzical,FYZICAL balance platform,No,3,FYZICAL Bensonhurst — 31 reviews; perfect 5.0★; balance/vestibular specialty; closes 5PM; weekdays only.,"Official Website: fyzical.com
Google: https://www.google.com/search?q=FYZICAL%20Therapy%20%E2%80%94%20Bensonhurst%20NYC%20physical%20therapy
Yelp: https://www.yelp.com/search?find_desc=FYZICAL%20Therapy%20%E2%80%94%20Bensonhurst","National franchise with a highly specific focus on balance, dizziness, and fall prevention.","Uses proprietary balance paradigms. Excellent referral capture for vestibular and neuro issues.
[ROUND 5 - Revenue Model]: Franchise model where the parent company makes money selling proprietary vestibular and balance equipment to the clinic owners. They target the aging demographic (Medicare) heavily.",Unknown,Normal,No,40.601516623472,-73.994358456166,"Aetna, BCBS, Cigna, UHC, Oxford, Medicare, Medicaid, EmblemHealth, GHI, Empire, Fidelis, Healthfirst, Humana, 1199, No-Fault, Workers' Comp","Existing specific data retained (fyzical) | Expanded ""Most Major Plans"" to standard NYC PT insurance panel",Most Major Plans,11204.0,7.53
JAG Physical Therapy,No,Bensonhurst,"8718 Bay Pkwy (3rd Fl), Brooklyn, NY 11214",4.8,249.0,1990,,7:30 AM - 7:30 PM,,7:30 AM - 7:30 PM,,7:30 AM - 7:30 PM,,7:30 AM - 7:30 PM,,7:30 AM - 6:00 PM,,Closed - Closed,,Closed - Closed,,,,,,"Sports medicine, orthopedic rehab, concussion, spine, Workers' Comp — earliest open (7:30AM); large national chain (135+ locations)","Cigna (in-network), Medicare, Workers' Comp, most major plans",jagpt.com,,Earliest opening - Extended weekday hours,https://www.google.com/maps/search/?api=1&query=JAG%20Physical%20Therapy%208718%20Bay%20Pkwy%20%283rd%20Fl%29%2C%20Brooklyn%2C%20NY%2011214,,"John A. Gallucci Jr., PT, DPT, ATC (CEO)",170+ locations,Yes,English,4.0,20.0,FB: JAGPhysicalTherapy | IG: @jagphysicaltherapy,"AlterG anti-gravity treadmill, sports medicine equipment",No,4,JAG PT Bensonhurst — part of 170+ location chain; CEO John Gallucci Jr.; early 7:30AM open; sports medicine + ortho specialty; no weekends.,"Official Website: jagpt.com
Google: https://www.google.com/search?q=JAG%20Physical%20Therapy%20NYC%20physical%20therapy
Yelp: https://www.yelp.com/search?find_desc=JAG%20Physical%20Therapy","Massive scale (170+ locations), official sports partnerships (NJ Devils, Princeton), highly corporatized care model.","Backed by Pamlico Capital. Aggressive expansion strategy via acquisitions. Deep pockets for marketing. [DEEP SEARCH 2026 UPDATE]: Extremely aggressive expansion into biotech hubs (e.g., Onyx Equities). Heavy administrative focus on Workers' Comp and Auto claim submissions.
[ROUND 5 - ATC Strategy]: Deploys Athletic Trainers (ATCs) to local NYC/NJ high schools and colleges for free or at cost. When athletes get injured, the ATCs immediately funnel them to JAG clinics. Extremely smart pipeline.",Unknown,High Threat 🚨,No,40.599602558235,-73.996346456865,"Cigna, Medicare, Workers' Comp, Aetna, BCBS, UHC, Oxford, Medicaid, EmblemHealth, GHI, Empire, Fidelis, Healthfirst, Humana, 1199, No-Fault","Existing specific data retained (jag physical therapy) | Expanded ""Most Major Plans"" within combo value","Cigna, Medicare, Workers' Comp, Most Major Plans",11214.0,11.51
JAG Physical Therapy (Bay Pkwy),No,Midtown,"8718 Bay Pkwy 3rd Fl, Brooklyn NY 11214",4.8,249.0,1990,,7:30 AM - 7:30 PM,,7:30 AM - 7:30 PM,,7:30 AM - 7:30 PM,,7:30 AM - 7:30 PM,,7:30 AM - 6:00 PM,,Closed - Closed,,Closed - Closed,,,,,,"Sports medicine, orthopedic rehab, concussion, spine, Workers' Comp — consistent 7:30AM open; large national chain","Cigna (in-network), Medicare, Workers' Comp, most major plans",jagpt.com,,Opens 30min earlier Mon–Thu; largest review base,https://www.google.com/maps/search/?api=1&query=JAG%20Physical%20Therapy%20%28Bay%20Pkwy%29%208718%20Bay%20Pkwy%203rd%20Fl%2C%20Brooklyn%20NY%2011214,,"John A. Gallucci Jr., PT, DPT, ATC (CEO)",170+ locations,Yes,English,4.0,18.0,FB: JAGPhysicalTherapy | IG: @jagphysicaltherapy,AlterG anti-gravity treadmill,No,4,JAG Bay Pkwy — 170+ national chain; opens 7:30AM earliest Mon–Thu; large review base. No weekends.,"Official Website: jagpt.com
Google: https://www.google.com/search?q=JAG%20Physical%20Therapy%20%28Bay%20Pkwy%29%20NYC%20physical%20therapy
Yelp: https://www.yelp.com/search?find_desc=JAG%20Physical%20Therapy%20%28Bay%20Pkwy%29","Massive scale (170+ locations), official sports partnerships (NJ Devils, Princeton), highly corporatized care model.","Backed by Pamlico Capital. Aggressive expansion strategy via acquisitions. Deep pockets for marketing. [DEEP SEARCH 2026 UPDATE]: Extremely aggressive expansion into biotech hubs (e.g., Onyx Equities). Heavy administrative focus on Workers' Comp and Auto claim submissions.
[ROUND 5 - ATC Strategy]: Deploys Athletic Trainers (ATCs) to local NYC/NJ high schools and colleges for free or at cost. When athletes get injured, the ATCs immediately funnel them to JAG clinics. Extremely smart pipeline.",Unknown,High Threat 🚨,No,40.599602558235,-73.996346456865,"Cigna, Medicare, Workers' Comp, Aetna, BCBS, UHC, Oxford, Medicaid, EmblemHealth, GHI, Empire, Fidelis, Healthfirst, Humana, 1199, No-Fault","Existing specific data retained (jag physical therapy) | Expanded ""Most Major Plans"" within combo value","Cigna, Medicare, Workers' Comp, Most Major Plans",11214.0,11.51
JAG Physical Therapy — Bensonhurst,No,Sensory Freeway,"8718 Bay Pkwy 3rd Fl, Brooklyn, NY 11214",4.8,249.0,1990,,7:30 AM - 7:30 PM,,7:30 AM - 7:30 PM,,7:30 AM - 7:30 PM,,7:30 AM - 7:30 PM,,7:30 AM - 6:00 PM,,Closed - Closed,,Closed - Closed,,,,,,"Orthopedic PT, sports & soft tissue, OT, Workers' Comp, Medicare, vestibular PT, AlterG anti-gravity treadmill","Aetna, BCBS, Cigna, GHI, Healthnet, Horizon, Oxford, Workers' Comp, No-Fault, Medicare",jagpt.com,(917) 310-5754,Earliest opening (7:30 AM). Strong JAG brand. 100+ locations. No weekends.,https://www.google.com/maps/search/?api=1&query=JAG%20Physical%20Therapy%20%E2%80%94%20Bensonhurst%208718%20Bay%20Pkwy%203rd%20Fl%2C%20Brooklyn%2C%20NY%2011214,,"John A. Gallucci Jr., PT, DPT, ATC (CEO)",170+ locations,Yes,English; varies by location,4.0,18.0,FB: JAGPhysicalTherapy | IG: @jagphysicaltherapy,AlterG anti-gravity treadmill,No,4,JAG Bensonhurst — 170+ location national chain; earliest open 7:30AM; AlterG treadmill; CEO John Gallucci Jr. Official sports team PT provider. No weekends.,"Official Website: jagpt.com
Google: https://www.google.com/search?q=JAG%20Physical%20Therapy%20%E2%80%94%20Bensonhurst%20NYC%20physical%20therapy
Yelp: https://www.yelp.com/search?find_desc=JAG%20Physical%20Therapy%20%E2%80%94%20Bensonhurst","Massive scale (170+ locations), official sports partnerships (NJ Devils, Princeton), highly corporatized care model.","Backed by Pamlico Capital. Aggressive expansion strategy via acquisitions. Deep pockets for marketing. [DEEP SEARCH 2026 UPDATE]: Extremely aggressive expansion into biotech hubs (e.g., Onyx Equities). Heavy administrative focus on Workers' Comp and Auto claim submissions.
[ROUND 5 - ATC Strategy]: Deploys Athletic Trainers (ATCs) to local NYC/NJ high schools and colleges for free or at cost. When athletes get injured, the ATCs immediately funnel them to JAG clinics. Extremely smart pipeline.",Unknown,High Threat 🚨,No,40.599602558235,-73.996346456865,"Aetna, BCBS, Cigna, Oxford, Medicare, No-Fault, Workers' Comp, GHI, Horizon, Healthnet",Existing specific data retained (jag physical therapy),"Aetna, BCBS, Cigna, Oxford, Medicare, No-Fault, Workers' Comp, GHI, Horizon, Healthnet",11214.0,11.51
PT of The City — Sensory Freeway,Yes,Sensory Freeway,"8746 20th Ave, Brooklyn, NY 11214",4.9,515.0,2005 (est.),,8:00 AM - 7:00 PM,,8:00 AM - 7:00 PM,,8:00 AM - 7:00 PM,,8:00 AM - 7:00 PM,,8:00 AM - 7:00 PM,,9:00 AM - 7:00 PM,,9:00 AM - 5:00 PM,,,,,,"General orthopedic PT, post-surgical rehab, sports rehab, sensory integration",Most major plans; verify with clinic,ptofthecity.com,(718) 648-0888,YOUR CLINIC — Open 7 days/week. Strong reviews. 11 hrs/day weekdays.,https://www.google.com/maps/search/?api=1&query=PT%20of%20The%20City%20%28YOUR%20CLINIC%29%208746%2020th%20Ave%2C%20Brooklyn%2C%20NY%2011214,,PT of The City (your clinic),20+ locations across NYC,No (In-person Focus),English; varies by location,,,Limited/Inactive Profiles,Standard Outpatient Ortho Equipment,Yes (PT of The City – Home Care),,,"Official Website: ptofthecity.com
Google: https://www.google.com/search?q=PT%20of%20The%20City%20%28YOUR%20CLINIC%29%20NYC%20physical%20therapy
Yelp: https://www.yelp.com/search?find_desc=PT%20of%20The%20City%20%28YOUR%20CLINIC%29","YOUR CLINIC: Core focus on community access, strong availability, bilingual staff, and high patient ratings.",Maintain strong SEO and reviews. Target extended hours where competitors are currently winning.,Unknown,High Threat 🚨,Yes (Sat & Sun),40.60177428528,-74.001294501717,"Aetna, BCBS, Cigna, UHC, Oxford, Medicare, Medicaid, EmblemHealth, GHI, Empire, Fidelis, Healthfirst, Humana, 1199, No-Fault, Workers' Comp","Existing specific data retained (pt of the city) | Expanded ""Most Major Plans"" to standard NYC PT insurance panel",Most Major Plans,11214.0,13.29
Ivy Rehab Physical Therapy,No,Greenpoint,"880 Manhattan Ave, Brooklyn NY 11222",4.9,131.0,18–26,,7:00 AM - 8:00 PM,,7:00 AM - 8:00 PM,,7:00 AM - 8:00 PM,,7:00 AM - 8:00 PM,,7:00 AM - 8:00 PM,,7:00 AM - 5:00 PM,,7:00 AM - 5:00 PM,,,,,,126–182,2014 (Ivy Rehab network),ivyrehab.com,929-590-2212,7,https://www.google.com/maps/search/?api=1&query=Ivy%20Rehab%20Physical%20Therapy%20880%20Manhattan%20Ave%2C%20Brooklyn%20NY%2011222,,Ivy Rehab Network (private equity backed); HSS partnership,560+ locations nationwide,Yes,"English, Spanish",4.5,25.0,IG: @ivyrehab,"HSS-affiliated equipment, hand therapy tools",No,4,Ivy Rehab Greenpoint — 560+ location national network; open 7 days 7AM–5PM; 131 reviews; HSS brand association. Major chain threat.,"Official Website: Orthopedic, sports, post-surgical, hand therapy, OT, balance/fall prevention — 7-day, 600+ locations nationally
Google: https://www.google.com/search?q=Ivy%20Rehab%20Physical%20Therapy%20NYC%20physical%20therapy
Yelp: https://www.yelp.com/search?find_desc=Ivy%20Rehab%20Physical%20Therapy","HSS (Hospital for Special Surgery) Center of Excellence partner, 560+ nationwide clinics.","Private equity backed. Massive brand advantage by associating with HSS (the #1 orthopedic hospital).
[ROUND 5 - Ops & Strategy]: Massive clinical conversion rate due to their direct affiliation with HSS (Hospital for Special Surgery). They heavily market themselves as the 'next step' after HSS surgery.",Unknown,Moderate Threat ⚠️,Yes (Sat & Sun),40.729630969019,-73.953931919992,"Aetna, BCBS, Cigna, UHC, Medicare",Chain lookup: ivy rehab,Unknown / Not Listed,11222.0,10.39
JAG Physical Therapy – Crown Heights,No,Churchave,"887A E New York Ave, Brooklyn NY 11203",4.9,95.0,1990 (JAG brand),,7:00 AM - 7:30 PM,,7:00 AM - 7:30 PM,,7:00 AM - 7:30 PM,,7:00 AM - 7:30 PM,,7:00 AM - 6:00 PM,,Closed - Closed,,Closed - Closed,,,,,,"Orthopedic, sports & soft tissue, Workers' Comp, Medicare, No-Fault, AlterG treadmill","Aetna, BCBS, Cigna, Medicare, No-Fault, Workers' Comp — jagpt.com",jagpt.com,,National JAG brand. Early 7 AM open. 267 reviews. Mon–Thu long hours. Closed weekends.,https://www.google.com/maps/search/?api=1&query=JAG%20Physical%20Therapy%20%E2%80%93%20Crown%20Heights%20887A%20E%20New%20York%20Ave%2C%20Brooklyn%20NY%2011203,,"John A. Gallucci Jr., PT, DPT, ATC (CEO)",170+ locations,Yes,English; varies by location,4.0,15.0,FB: JAGPhysicalTherapy | IG: @jagphysicaltherapy,AlterG anti-gravity treadmill,No,4,JAG Crown Heights — 170+ chain; earliest open 7AM Mon–Thu; AlterG treadmill; full Workers Comp & No-Fault coverage. National brand recognition.,"Official Website: jagpt.com
Google: https://www.google.com/search?q=JAG%20Physical%20Therapy%20%E2%80%93%20Crown%20Heights%20NYC%20physical%20therapy
Yelp: https://www.yelp.com/search?find_desc=JAG%20Physical%20Therapy%20%E2%80%93%20Crown%20Heights","Massive scale (170+ locations), official sports partnerships (NJ Devils, Princeton), highly corporatized care model.","Backed by Pamlico Capital. Aggressive expansion strategy via acquisitions. Deep pockets for marketing. [DEEP SEARCH 2026 UPDATE]: Extremely aggressive expansion into biotech hubs (e.g., Onyx Equities). Heavy administrative focus on Workers' Comp and Auto claim submissions.
[ROUND 5 - ATC Strategy]: Deploys Athletic Trainers (ATCs) to local NYC/NJ high schools and colleges for free or at cost. When athletes get injured, the ATCs immediately funnel them to JAG clinics. Extremely smart pipeline.",Unknown,Normal,No,40.662659403634,-73.934061488399,"Aetna, BCBS, Cigna, Medicare, No-Fault, Workers' Comp",Existing specific data retained (jag physical therapy),"Aetna, BCBS, Cigna, Medicare, No-Fault, Workers' Comp",11203.0,9.71
All Hands On PT,No,Jamaica,"90-26 161st St, Jamaica, NY 11432",4.7,106.0,,,9:00 AM - 6:30 PM,,9:00 AM - 6:30 PM,,9:00 AM - 6:30 PM,,9:00 AM - 6:30 PM,,9:00 AM - 6:30 PM,,9:00 AM - 4:00 PM,,Closed - Closed,,,,,,"Manual PT, orthopedic rehab, sports injuries",Verify with clinic,Not found - verify directly with clinic,,Open Saturdays — consistent hours throughout week. Good review velocity.,https://www.google.com/maps/search/?api=1&query=All%20Hands%20On%20PT%2090-26%20161st%20St%2C%20Jamaica%2C%20NY%2011432,,Independent Local Ownership,,No (In-person Focus),"English, Spanish (Standard NYC)",,,Limited/Inactive Profiles,Standard Outpatient Ortho Equipment,No (Clinic Only),Verify,,"Google: https://www.google.com/search?q=All%20Hands%20On%20PT%20NYC%20physical%20therapy
Yelp: https://www.yelp.com/search?find_desc=All%20Hands%20On%20PT",Standard outpatient physical therapy services.,Requires monitoring if review count increases or hours expand.,Unknown,Moderate Threat ⚠️,Yes (Sat),40.70498902875,-73.79922431146,"Aetna, BCBS, Cigna, UHC, Oxford, Medicare, Medicaid, EmblemHealth, GHI, Empire, Fidelis, Healthfirst, Humana, 1199, No-Fault, Workers' Comp","nan | ""Verification Required"" replaced with standard NYC PT insurance panel (estimated)",Verification Required,11432.0,9.54
Alexander Dolsky Physical Therapy,No,Corona,"90-33 Elmhurst Ave, Queens NY 11372",4.7,73.0,~2010 (est.),,8:00 AM - 5:30 PM,,8:00 AM - 1:00 PM,,8:00 AM - 5:30 PM,,8:00 AM - 1:00 PM,,8:00 AM - 5:30 PM,,Closed - Closed,,Closed - Closed,,,,,,General orthopedic PT — limited Tue/Thu hours (closes 1 PM),Verify directly with clinic,Not found - verify directly with clinic,,Short hours Tue/Thu (8AM–1PM only); no weekends; limited availability,https://www.google.com/maps/search/?api=1&query=Alexander%20Dolsky%20Physical%20Therapy%2090-33%20Elmhurst%20Ave%2C%20Queens%20NY%2011372,,Independent Local Ownership,,No (In-person Focus),"English, Spanish (Standard NYC)",,,Limited/Inactive Profiles,Standard Outpatient Ortho Equipment,No (Clinic Only),Verify,,"Google: https://www.google.com/search?q=Alexander%20Dolsky%20Physical%20Therapy%20NYC%20physical%20therapy
Yelp: https://www.yelp.com/search?find_desc=Alexander%20Dolsky%20Physical%20Therapy",Standard outpatient physical therapy services.,Requires monitoring if review count increases or hours expand.,Unknown,Moderate Threat ⚠️,No,40.748791471292,-73.876139005059,"Aetna, BCBS, Cigna, UHC, Oxford, Medicare, Medicaid, EmblemHealth, GHI, Empire, Fidelis, Healthfirst, Humana, 1199, No-Fault, Workers' Comp","nan | ""Verification Required"" replaced with standard NYC PT insurance panel (estimated)",Verification Required,11372.0,8.79
MEDIHUB PT & Acupuncture,No,Jamaica,"90-33 Sutphin Blvd, Jamaica, NY 11435",5.0,28.0,,,9:00 AM - 5:30 PM,,9:00 AM - 5:30 PM,,9:00 AM - 5:30 PM,,9:00 AM - 5:30 PM,,9:00 AM - 5:30 PM,,Closed - Closed,,Closed - Closed,,,,,,PT combined with acupuncture — integrative medicine approach,Verify with clinic,Not found - verify directly with clinic,,PT + Acupuncture specialty — niche differentiation. Shorter hours (closes 5:30 PM).,https://www.google.com/maps/search/?api=1&query=MEDIHUB%20PT%20%26%20Acupuncture%2090-33%20Sutphin%20Blvd%2C%20Jamaica%2C%20NY%2011435,,Independent Local Ownership,,No (In-person Focus),"English, Spanish (Standard NYC)",,,Limited/Inactive Profiles,Standard Outpatient Ortho Equipment,No (Clinic Only),Verify,,"Google: https://www.google.com/search?q=MEDIHUB%20PT%20%26%20Acupuncture%20NYC%20physical%20therapy
Yelp: https://www.yelp.com/search?find_desc=MEDIHUB%20PT%20%26%20Acupuncture",Standard outpatient physical therapy services.,Requires monitoring if review count increases or hours expand.,Unknown,Normal,No,40.7021845378,-73.808020251844,"Aetna, BCBS, Cigna, UHC, Oxford, Medicare, Medicaid, EmblemHealth, GHI, Empire, Fidelis, Healthfirst, Humana, 1199, No-Fault, Workers' Comp","nan | ""Verification Required"" replaced with standard NYC PT insurance panel (estimated)",Verification Required,11435.0,7.31
Fresh Pond PT — Jackson Heights,No,Corona,"92-16 Roosevelt Ave, Queens NY 11372",4.8,62.0,~2010 (est.),,9:00 AM - 6:00 PM,,9:00 AM - 6:00 PM,,9:00 AM - 6:00 PM,,9:00 AM - 6:00 PM,,9:00 AM - 6:00 PM,,Closed - Closed,,Closed - Closed,,,,,,"Community outpatient PT — friendly neighborhood clinic, no weekends, closes 6 PM",Verify directly with clinic,freshpondpt.com,,Friendly community PT; no weekends; closes 6PM daily,https://www.google.com/maps/search/?api=1&query=Fresh%20Pond%20PT%20%E2%80%94%20Jackson%20Heights%2092-16%20Roosevelt%20Ave%2C%20Queens%20NY%2011372,,Independent Local Ownership,,No (In-person Focus),"English, Spanish (Standard NYC)",,,Limited/Inactive Profiles,Standard Outpatient Ortho Equipment,No (Clinic Only),Verify,,"Google: https://www.google.com/search?q=Fresh%20Pond%20PT%20%E2%80%94%20Jackson%20Heights%20NYC%20physical%20therapy
Yelp: https://www.yelp.com/search?find_desc=Fresh%20Pond%20PT%20%E2%80%94%20Jackson%20Heights",Standard outpatient physical therapy services.,Requires monitoring if review count increases or hours expand.,Unknown,Moderate Threat ⚠️,No,40.748577397307,-73.874463925377,"Aetna, BCBS, Cigna, UHC, Oxford, Medicare, Medicaid, EmblemHealth, GHI, Empire, Fidelis, Healthfirst, Humana, 1199, No-Fault, Workers' Comp","Chain lookup: fresh pond | Expanded ""Most Major Plans"" to standard NYC PT insurance panel",Verification Required,11372.0,8.64
Castle Hill Medical of New York,No,Castle Hill,"920 Castle Hill Ave, Bronx, NY 10473",4.4,902.0,~Early 2000s,,8:00 AM - 5:00 PM,,8:00 AM - 5:00 PM,,8:00 AM - 5:00 PM,,8:00 AM - 5:00 PM,,8:00 AM - 5:00 PM,,Closed - Closed,,Closed - Closed,,34.5,4.0,38.5,Monday: 8:00 AM - 5:30 PM | Tuesday: 8:00 AM - 2:00 PM | Wednesday: 8:00 AM - 5:30 PM | Thursday: 8:00 AM - 5:30 PM | Friday: Closed | Saturday: 9:00 AM - 1:00 PM | Sunday: Closed,"Pain management, Workers' Comp, EMG testing, Physical Medicine & Rehab","Workers' Comp, Medicare, Aetna, BCBS, Cigna, Empire BCBS, Humana, MVP, Oscar, Oxford, UHC",castlehillmedicalny.com,,Multi-specialty; strong local foot traffic.,https://www.google.com/maps/search/?api=1&query=Castle%20Hill%20Medical%20of%20New%20York%20920%20Castle%20Hill%20Ave%2C%20Bronx%2C%20NY%2010473,0.5,Independent Local Ownership,,No (In-person Focus),"English, Spanish (Standard NYC)",,,Limited/Inactive Profiles,Standard Outpatient Ortho Equipment,No (Clinic Only),Verify,,"Official Website: castlehillmedicalny.com
Google: https://www.google.com/search?q=Castle%20Hill%20Medical%20of%20New%20York%20NYC%20physical%20therapy
Yelp: https://www.yelp.com/search?find_desc=Castle%20Hill%20Medical%20of%20New%20York",Standard outpatient physical therapy services.,Requires monitoring if review count increases or hours expand.,~15 patients/day,Normal,No,40.825958689907,-73.849568845801,"Aetna, BCBS, Cigna, UHC, Oxford, Medicare, Workers' Comp, Humana, Oscar, Empire",,"Aetna, BCBS, Cigna, UHC, Oxford, Medicare, Workers' Comp, Humana, Oscar, Empire",10473.0,13.01
FYZICAL — Bay Ridge (9433 5th Ave),No,Sunset,"9433 5th Ave, Brooklyn, NY 11209",4.9,295.0,2012 (FYZICAL franchise),,8:00 AM - 6:00 PM,,8:00 AM - 6:00 PM,,8:00 AM - 6:00 PM,,9:00 AM - 4:00 PM,,9:00 AM - 4:00 PM,,10:00 AM - 3:00 PM,,10:00 AM - 2:00 PM,,,,,,"Vestibular rehab, balance/fall prevention, orthopedic PT, neuro PT — FYZICAL proprietary balance protocols",Most major plans — verify at fyzical.com/bay-ridge-ny,fyzical.com/bay-ridge-ny,(833) 444-4399,Open 7 days. Strong brand (national franchise). Vestibular & balance specialty. Near Dyker Heights.,https://www.google.com/maps/search/?api=1&query=FYZICAL%20%E2%80%94%20Bay%20Ridge%20%289433%205th%20Ave%29%209433%205th%20Ave%2C%20Brooklyn%2C%20NY%2011209,,National franchise,600+ locations,Yes,"English, Arabic",4.5,30.0,IG: @fyzical,"FYZICAL balance platform, vestibular tools",No,4,FYZICAL national franchise (600+ locations); vestibular & balance specialty with proprietary protocols; 295 reviews; 4.9★; open 7 days; Arabic-speaking staff; earliest open 7AM.,"Official Website: fyzical.com/bay-ridge-ny
Google: https://www.google.com/search?q=FYZICAL%20%E2%80%94%20Bay%20Ridge%20%289433%205th%20Ave%29%20NYC%20physical%20therapy
Yelp: https://www.yelp.com/search?find_desc=FYZICAL%20%E2%80%94%20Bay%20Ridge%20%289433%205th%20Ave%29","National franchise with a highly specific focus on balance, dizziness, and fall prevention.","Uses proprietary balance paradigms. Excellent referral capture for vestibular and neuro issues.
[ROUND 5 - Revenue Model]: Franchise model where the parent company makes money selling proprietary vestibular and balance equipment to the clinic owners. They target the aging demographic (Medicare) heavily.",Unknown,High Threat 🚨,Yes (Sat & Sun),40.616206734919,-74.030680184473,"Aetna, BCBS, Cigna, UHC, Oxford, Medicare, Medicaid, EmblemHealth, GHI, Empire, Fidelis, Healthfirst, Humana, 1199, No-Fault, Workers' Comp","Existing specific data retained (fyzical) | Expanded ""Most Major Plans"" to standard NYC PT insurance panel",Most Major Plans,11209.0,12.11
Evolve PT — Midwood (Kings Hwy),No,Midwood,"945 Kings Hwy, Brooklyn, NY 11223",5.0,183.0,2010,,8:00 AM - 8:00 PM,,8:00 AM - 8:00 PM,,8:00 AM - 8:00 PM,,8:00 AM - 8:00 PM,,8:00 AM - 4:00 PM,,Closed - Closed,,Closed - Closed,,,,,,"Sports rehab, manual therapy, pediatric PT, scoliosis, pelvic floor, hand therapy, running gait analysis","Medicare, 1199, GHI, UHC, Oxford, BCBS, Fidelis, Aetna, Cigna, Horizon",evolveny.com,(718) 258-3300,Perfect rating. Extended hours till 8 PM. Same Evolve brand as Marine Park.,https://www.google.com/maps/search/?api=1&query=Evolve%20PT%20%E2%80%94%20Midwood%20%28Kings%20Hwy%29%20945%20Kings%20Hwy%2C%20Brooklyn%2C%20NY%2011223,,Lou Ezrick (Owner) / Nathan (Lead PT),4–5 locations,No,"English, Spanish",4.5,18.0,IG: @evolvept_brooklyn,"Running gait analysis, video analysis",No,5,Evolve Kings Hwy — 183 reviews; perfect 5.0★; open until 8PM; pelvic floor + scoliosis specialty; directly competes with PT of City Midwood on hours and specialties.,"Official Website: evolveny.com
Google: https://www.google.com/search?q=Evolve%20PT%20%E2%80%94%20Midwood%20%28Kings%20Hwy%29%20NYC%20physical%20therapy
Yelp: https://www.yelp.com/search?find_desc=Evolve%20PT%20%E2%80%94%20Midwood%20%28Kings%20Hwy%29","Walk-ins welcome, 7 AM Saturday openings, aggressive review generation.",High patient volume and satisfaction. Very strong local SEO presence in Brooklyn. [DEEP SEARCH 2026 UPDATE]: Owner is Lou Ezrick. 20-provider practice across 5 Brooklyn locations. Highly efficient operations: uses Prompt EMR & self-service Kiosks (evaluations reduced to 10 mins). High patient tech satisfaction.,Unknown,High Threat 🚨,No,40.607125807735,-73.962745516646,"Aetna, BCBS, Cigna, UHC, Oxford, Medicare, Fidelis, GHI, 1199, Horizon",Existing specific data retained (evolve pt),"Aetna, BCBS, Cigna, UHC, Oxford, Medicare, Fidelis, GHI, 1199, Horizon",11223.0,11.32
TherapyCare PT,No,Hunts Point,"961 E 174th St Suite 42, Bronx, NY 10460",5.0,121.0,2015 (started Yonkers; Bronx expansion 2017),,9:00 AM - 7:00 PM,,9:00 AM - 1:00 PM,,9:00 AM - 7:00 PM,,Closed - Closed,,9:00 AM - 7:00 PM,,9:00 AM - 1:00 PM,,Closed - Closed,,,,,,General orthopedic PT; all ages; 1-on-1 care; multi-location Bronx chain; open Sat 9AM–1PM,All major insurances + Medicare + Workers' Comp + No-Fault — therapycarept.com,therapycarept.com,,Perfect rating - Open Saturdays,https://www.google.com/maps/search/?api=1&query=TherapyCare%20PT%20961%20E%20174th%20St%20Suite%2042%2C%20Bronx%2C%20NY%2010460,,Independent Local Ownership,Multiple Bronx locations,No,"English, Spanish",4.5,22.0,Limited/Inactive Profiles,Standard ortho PT; 1-on-1 care,No,3,TherapyCare PT Hunts Point — 121 reviews; perfect 5.0★; multi-location Bronx chain; 1-on-1 care; open Saturday 9AM–1PM.,"Official Website: therapycarept.com
Google: https://www.google.com/search?q=TherapyCare%20PT%20NYC%20physical%20therapy
Yelp: https://www.yelp.com/search?find_desc=TherapyCare%20PT",Standard outpatient physical therapy services.,Requires monitoring if review count increases or hours expand.,Unknown,Moderate Threat ⚠️,Yes (Sat),40.836503028969,-73.885006735862,"Medicare, No-Fault, Workers' Comp",,"Medicare, No-Fault, Workers' Comp",10460.0,10.43
Park Sports Physical Therapy,No,Bedstuy,"973 Fulton St, Brooklyn NY 11238",4.6,220.0,2001 (Clinton Hill location: 2014),,7:00 AM - 8:00 PM,,7:00 AM - 8:00 PM,,7:00 AM - 8:00 PM,,7:00 AM - 8:00 PM,,7:00 AM - 5:00 PM,,7:00 AM - 5:00 PM,,7:00 AM - 5:00 PM,,,,,,"Sports rehab, pelvic floor, vestibular, hand therapy, Schroth scoliosis — Ivy Rehab Network; HSS affiliate; open 7 days","Aetna, BCBS, Cigna, Medicare, UHC + 200 more in-network plans",Not found - verify directly with clinic,718-230-1180,,https://www.google.com/maps/search/?api=1&query=Park%20Sports%20Physical%20Therapy%20973%20Fulton%20St%2C%20Brooklyn%20NY%2011238,,Ivy Rehab Network (+ HSS affiliate); founded 2001,560+ nationwide (Ivy Rehab),Yes,"English, Spanish",4.5,40.0,IG: @parksportspt,"Schroth scoliosis, Pilates reformer",No,4,Park Sports PT Bed-Stuy — Ivy Rehab Network (560+ locations) + HSS affiliate; 220 reviews; open 7 days; Schroth scoliosis + pelvic floor. HSS brand association is major differentiator.,"Official Website: parksportspt.com / ivyrehab.com
Google: https://www.google.com/search?q=Park%20Sports%20Physical%20Therapy%20NYC%20physical%20therapy
Yelp: https://www.yelp.com/search?find_desc=Park%20Sports%20Physical%20Therapy","HSS (Hospital for Special Surgery) Center of Excellence partner, 560+ nationwide clinics.","Private equity backed. Massive brand advantage by associating with HSS (the #1 orthopedic hospital).
[ROUND 5 - Ops & Strategy]: Massive clinical conversion rate due to their direct affiliation with HSS (Hospital for Special Surgery). They heavily market themselves as the 'next step' after HSS surgery.",Unknown,Moderate Threat ⚠️,Yes (Sat & Sun),40.68294706125,-73.964039705499,"Aetna, BCBS, Cigna, UHC, Medicare",Existing specific data retained (park sports),"Aetna, BCBS, Cigna, UHC, Medicare",11238.0,10.78
Park Sports Physical Therapy,No,Clinton Hill,"973 Fulton St, Brooklyn, NY 11238",4.9,217.0,2001 (Clinton Hill location: 2014),,7:00 AM - 8:00 PM,,7:00 AM - 8:00 PM,,7:00 AM - 8:00 PM,,7:00 AM - 8:00 PM,,7:00 AM - 5:00 PM,,8:00 AM - 1:00 PM,,Closed - Closed,,,,,,"Sports rehab, pelvic floor, vestibular, hand therapy, Schroth scoliosis — Ivy Rehab Network; HSS affiliate; 200+ insurance plans","Aetna, BCBS, Cigna, Medicare, UHC + 200 more in-network plans",Not found - verify directly with clinic,,"Most reviews, Ivy Rehab Network, 10,000+ online reviews across network",https://www.google.com/maps/search/?api=1&query=Park%20Sports%20Physical%20Therapy%20973%20Fulton%20St%2C%20Brooklyn%2C%20NY%2011238,,Ivy Rehab Network (+ HSS affiliate); founded 2001,560+ nationwide (Ivy Rehab),Yes,"English, Spanish",4.5,40.0,IG: @parksportspt,"Schroth scoliosis, Pilates reformer",No,4,Park Sports PT Bed-Stuy — Ivy Rehab Network (560+ locations) + HSS affiliate; 220 reviews; open 7 days; Schroth scoliosis + pelvic floor. HSS brand association is major differentiator.,"Official Website: parksportspt.com / ivyrehab.com
Google: https://www.google.com/search?q=Park%20Sports%20Physical%20Therapy%20NYC%20physical%20therapy
Yelp: https://www.yelp.com/search?find_desc=Park%20Sports%20Physical%20Therapy","HSS (Hospital for Special Surgery) Center of Excellence partner, 560+ nationwide clinics.","Private equity backed. Massive brand advantage by associating with HSS (the #1 orthopedic hospital).
[ROUND 5 - Ops & Strategy]: Massive clinical conversion rate due to their direct affiliation with HSS (Hospital for Special Surgery). They heavily market themselves as the 'next step' after HSS surgery.",Unknown,High Threat 🚨,Yes (Sat),40.68294706125,-73.964039705499,"Aetna, BCBS, Cigna, UHC, Medicare",Existing specific data retained (park sports),"Aetna, BCBS, Cigna, UHC, Medicare",11238.0,11.46
Bronx Physical Therapy & Rehabilitation,No,Fordham,"984 Morris Park Ave, Bronx, NY 10462",4.6,77.0,~2010 (est.),,8:30 AM - 6:00 PM,,8:30 AM - 6:00 PM,,8:30 AM - 6:00 PM,,8:30 AM - 6:00 PM,,8:30 AM - 6:00 PM,,10:00 AM - 4:00 PM,,Closed - Closed,,,,,,Orthopedic PT & rehabilitation; Saturday open; community-based Bronx clinic,Most major plans — verify directly with clinic,Not found - verify directly with clinic,,Saturday availability,https://www.google.com/maps/search/?api=1&query=Bronx%20Physical%20Therapy%20%26%20Rehabilitation%20984%20Morris%20Park%20Ave%2C%20Bronx%2C%20NY%2010462,,Independent Local Ownership,,No (In-person Focus),"English, Spanish (Standard NYC)",,,Limited/Inactive Profiles,Standard Outpatient Ortho Equipment,No (Clinic Only),Verify,,"Google: https://www.google.com/search?q=Bronx%20Physical%20Therapy%20%26%20Rehabilitation%20NYC%20physical%20therapy
Yelp: https://www.yelp.com/search?find_desc=Bronx%20Physical%20Therapy%20%26%20Rehabilitation",Standard outpatient physical therapy services.,Requires monitoring if review count increases or hours expand.,Unknown,Moderate Threat ⚠️,Yes (Sat),40.84783439914,-73.856699932504,"Aetna, BCBS, Cigna, UHC, Oxford, Medicare, Medicaid, EmblemHealth, GHI, Empire, Fidelis, Healthfirst, Humana, 1199, No-Fault, Workers' Comp","nan | Expanded ""Most Major Plans"" to standard NYC PT insurance panel",Most Major Plans,10462.0,8.7
Spear Physical Therapy,No,Bedstuy,"990 Fulton St, Brooklyn NY 11238",5.0,112.0,1999,,7:00 AM - 8:00 PM,,7:00 AM - 8:00 PM,,7:00 AM - 8:00 PM,,7:00 AM - 8:00 PM,,7:00 AM - 8:00 PM,,Closed - Closed,,Closed - Closed,,,,,,"Orthopedic, sports injury, pelvic floor PT, OT — national #1 rated PT brand; no weekends at this location","Aetna, BCBS, Cigna, Medicare, UHC — Medicaid NOT accepted",spearcenter.com,646-337-2760,,https://www.google.com/maps/search/?api=1&query=Spear%20Physical%20Therapy%20990%20Fulton%20St%2C%20Brooklyn%20NY%2011238,,"David Endres (co-founder, 1999)",80+ NYC locations,Yes ('Spear Live'),English; varies,4.5,15.0,IG: @spearcenter,"Golf swing, running gait, TMJ",No,4,SPEAR Bay Ridge — national #1 rated PT brand; 80+ NYC locations; telehealth ('Spear Live'); 7AM open; full service PT/OT/pelvic/TMJ. No Medicaid.,"Official Website: spearcenter.com
Google: https://www.google.com/search?q=Spear%20Physical%20Therapy%20NYC%20physical%20therapy
Yelp: https://www.yelp.com/search?find_desc=Spear%20Physical%20Therapy","Premium brand perception, telehealth 'Spear Live', extensive specialized therapies (golf, TMJ, pelvic floor).","Inc. Top 5000 company. Targets higher-income demographics, typically does not accept Medicaid. [DEEP SEARCH 2026 UPDATE]: Recently expanded into the East Village (14th St) in a former dispensary space. Tri-state presence exceeds 60+ locations.
[ROUND 3 UPDATE - Marketing Strategy]: Heavy presence on TikTok and Instagram Reels for marketing, targeting Millennials and Gen Z with posture, 'desk-job' ergonomics, and lifestyle tips.
[ROUND 5 - Recruiting]: Voted best place to work in healthcare multiple times. They attract top-tier new DPT grads because of their vibrant, young corporate culture and heavy social media presence.",Unknown,Moderate Threat ⚠️,No,40.682373800633,-73.961883993247,"Aetna, BCBS, Cigna, UHC, Medicare, Medicaid",Existing specific data retained (spear physical therapy),"Aetna, BCBS, Cigna, UHC, Medicare, Medicaid",11238.0,10.27
Spear Physical Therapy — Fulton,No,Clinton Hill,"990 Fulton St, Brooklyn, NY 11238",4.8,85.0,1999,,7:00 AM - 8:00 PM,,7:00 AM - 8:00 PM,,7:00 AM - 8:00 PM,,7:00 AM - 8:00 PM,,7:00 AM - 8:00 PM,,8:00 AM - 12:00 PM,,Closed - Closed,,,,,,"Orthopedic, sports injury, pelvic floor PT, OT — same Spear brand, premium network","Aetna, BCBS, Cigna, Medicare, UHC — Medicaid NOT accepted",spearcenter.com,,"Part of Spear network, premium branding",https://www.google.com/maps/search/?api=1&query=Spear%20Physical%20Therapy%20%E2%80%94%20Fulton%20990%20Fulton%20St%2C%20Brooklyn%2C%20NY%2011238,,Independent Local Ownership,,No (In-person Focus),"English, Spanish (Standard NYC)",,,Limited/Inactive Profiles,Standard Outpatient Ortho Equipment,No (Clinic Only),Verify,,"Official Website: spearcenter.com
Google: https://www.google.com/search?q=Spear%20Physical%20Therapy%20%E2%80%94%20Fulton%20NYC%20physical%20therapy
Yelp: https://www.yelp.com/search?find_desc=Spear%20Physical%20Therapy%20%E2%80%94%20Fulton","Premium brand perception, telehealth 'Spear Live', extensive specialized therapies (golf, TMJ, pelvic floor).","Inc. Top 5000 company. Targets higher-income demographics, typically does not accept Medicaid. [DEEP SEARCH 2026 UPDATE]: Recently expanded into the East Village (14th St) in a former dispensary space. Tri-state presence exceeds 60+ locations.
[ROUND 3 UPDATE - Marketing Strategy]: Heavy presence on TikTok and Instagram Reels for marketing, targeting Millennials and Gen Z with posture, 'desk-job' ergonomics, and lifestyle tips.
[ROUND 5 - Recruiting]: Voted best place to work in healthcare multiple times. They attract top-tier new DPT grads because of their vibrant, young corporate culture and heavy social media presence.",Unknown,Moderate Threat ⚠️,Yes (Sat),40.682373800633,-73.961883993247,"Aetna, BCBS, Cigna, UHC, Medicare, Medicaid",Existing specific data retained (spear physical therapy),"Aetna, BCBS, Cigna, UHC, Medicare, Medicaid",11238.0,9.29
Hands of Hope,No,Bronx Allerton Final,"991 Morris Park Ave, Bronx NY 10462",4.9,136.0,2016,,9:00 AM - 7:00 PM,,9:00 AM - 7:00 PM,,9:00 AM - 7:00 PM,,9:00 AM - 7:00 PM,,9:00 AM - 7:00 PM,,9:00 AM - 2:00 PM,,Closed - Closed,,,,,,"Sports injuries, vestibular rehab, pelvic floor, stroke/neuro recovery, pain management with injections, hand therapy",Accepts insurance — confirm at handsofhopeny.com/insurance,handsofhopeny.com,,Open Saturday but only until 2PM; opens late at 9AM daily,https://www.google.com/maps/search/?api=1&query=Hands%20of%20Hope%20991%20Morris%20Park%20Ave%2C%20Bronx%20NY%2010462,,Independent Local Ownership,17 NYC locations,No,"English, Spanish",4.0,20.0,IG: @handsofhopenyc,Pain management injections,No,4,Hands of Hope Hunts Point — 92 reviews; opens 8AM; open Saturday. Wellness center model.,"Official Website: handsofhopeny.com
Google: https://www.google.com/search?q=Hands%20of%20Hope%20NYC%20physical%20therapy
Yelp: https://www.yelp.com/search?find_desc=Hands%20of%20Hope","High patient volume, extended operating hours, strong community integration.",Primary threat due to matching or exceeding operating hours and high review scores.,Unknown,Moderate Threat ⚠️,Yes (Sat),40.848009828091,-73.85660942292,"Aetna, BCBS, Cigna, UHC, Oxford, Medicare, Medicaid, EmblemHealth, GHI, Empire, Fidelis, Healthfirst, Humana, 1199, No-Fault, Workers' Comp","Chain lookup: hands of hope | Expanded ""Most Major Plans"" to standard NYC PT insurance panel",Unknown / Not Listed,10462.0,10.47
Theradynamics Longwood,No,Hunts Point,"991 Southern Blvd Floor 2, Bronx, NY 10459",5.0,47.0,"2005 (Theradynamics chain, Longwood location)",,8:00 AM - 8:00 PM,,8:00 AM - 7:00 PM,,8:00 AM - 8:00 PM,,8:00 AM - 7:00 PM,,8:00 AM - 8:00 PM,,9:00 AM - 4:00 PM,,Closed - Closed,,,,,,PT + OT; same Theradynamics brand; Saturday open 9AM–4PM; evening hours (8PM Mon/Wed/Fri),Most major plans + Medicare + Medicaid — theradynamics.com,theradynamics.com,,"Perfect rating - Same chain, latest hours",https://www.google.com/maps/search/?api=1&query=Theradynamics%20Longwood%20991%20Southern%20Blvd%20Floor%202%2C%20Bronx%2C%20NY%2010459,,Independent Local Ownership,14+ locations,Yes,"English, Spanish",4.5,10.0,IG: @theradynamics,"Infrared sauna, NEUBIE therapy",No,4,Theradynamics Longwood — 47 reviews; perfect 5.0★; open until 8PM Mon/Wed/Fri; open Saturdays; PT+OT; Medicare + Medicaid accepted.,"Official Website: theradynamics.com
Google: https://www.google.com/search?q=Theradynamics%20Longwood%20NYC%20physical%20therapy
Yelp: https://www.yelp.com/search?find_desc=Theradynamics%20Longwood","Tech-infused therapy (Infrared sauna, NEUBIE, IV therapy) combined with standard PT/OT.",Heavy investment in recovery technology. Unusually broad insurance acceptance.,Unknown,Normal,Yes (Sat),40.822541670204,-73.891834906873,"Medicare, Medicaid, Aetna, BCBS, Cigna, UHC, Oxford, EmblemHealth, GHI, Empire, Fidelis, Healthfirst, Humana, 1199, No-Fault, Workers' Comp","Existing specific data retained (theradynamics) | Expanded ""Most Major Plans"" within combo value","Medicare, Medicaid, Most Major Plans",10459.0,8.41
Holsman PT – Home Therapy,No,Homecare,"Admin: 1084 Liberty Ave, Brooklyn NY 11208",4.9,15.0,4–8,,9:00 AM - 4:00 PM,,9:00 AM - 4:00 PM,,9:00 AM - 4:00 PM,,9:00 AM - 4:00 PM,,9:00 AM - 4:00 PM,,Closed - Closed,,Closed - Closed,,,,,,20–40,~2018 (est.),Not found - verify directly with clinic,347-586-0625,5,https://www.google.com/maps/search/?api=1&query=Holsman%20PT%20%E2%80%93%20Home%20Therapy%20Admin%3A%201084%20Liberty%20Ave%2C%20Brooklyn%20NY%2011208,,Independent Local Ownership,,No (In-person Focus),"English, Spanish (Standard NYC)",,,Limited/Inactive Profiles,Standard Outpatient Ortho Equipment,No (Clinic Only),Verify,,"Official Website: In-home PT; weekdays only, closes 4PM — limited capacity/schedule
Google: https://www.google.com/search?q=Holsman%20PT%20%E2%80%93%20Home%20Therapy%20NYC%20physical%20therapy
Yelp: https://www.yelp.com/search?find_desc=Holsman%20PT%20%E2%80%93%20Home%20Therapy",Standard outpatient physical therapy services.,Requires monitoring if review count increases or hours expand.,Unknown,Normal,No,40.678319949336,-73.869309297245,"Aetna, BCBS, Cigna, UHC, Oxford, Medicare, Medicaid, EmblemHealth, GHI, Empire, Fidelis, Healthfirst, Humana, 1199, No-Fault, Workers' Comp","nan | ""Unknown/Not Listed"" replaced with standard NYC PT insurance panel (estimated)",Unknown / Not Listed,11208.0,5.9
Rehab on Wheels – In-Home PT & OT,No,Homecare,"Admin: 174 Bay 29th St, Brooklyn NY 11214",5.0,109.0,8–14,,9:00 AM - 5:00 PM,,9:00 AM - 5:00 PM,,9:00 AM - 5:00 PM,,9:00 AM - 5:00 PM,,9:00 AM - 5:00 PM,,Closed - Closed,,Closed - Closed,,,,,,40–70,~2015 (est.),Not found - verify directly with clinic,718-395-7445,5,https://www.google.com/maps/search/?api=1&query=Rehab%20on%20Wheels%20%E2%80%93%20In-Home%20PT%20%26%20OT%20Admin%3A%20174%20Bay%2029th%20St%2C%20Brooklyn%20NY%2011214,,Independent Local Ownership,,No (In-person Focus),"English, Spanish (Standard NYC)",,,Limited/Inactive Profiles,Standard Outpatient Ortho Equipment,No (Clinic Only),Verify,,"Official Website: In-home PT + OT combined; weekdays 9–5; 109 reviews; 5.0★
Google: https://www.google.com/search?q=Rehab%20on%20Wheels%20%E2%80%93%20In-Home%20PT%20%26%20OT%20NYC%20physical%20therapy
Yelp: https://www.yelp.com/search?find_desc=Rehab%20on%20Wheels%20%E2%80%93%20In-Home%20PT%20%26%20OT",Standard outpatient physical therapy services.,Requires monitoring if review count increases or hours expand.,Unknown,Moderate Threat ⚠️,No,40.599009696057,-73.998214448881,"Aetna, BCBS, Cigna, UHC, Oxford, Medicare, Medicaid, EmblemHealth, GHI, Empire, Fidelis, Healthfirst, Humana, 1199, No-Fault, Workers' Comp","nan | ""Unknown/Not Listed"" replaced with standard NYC PT insurance panel (estimated)",Unknown / Not Listed,11214.0,10.21
In Home Physical Therapy Brooklyn,No,Homecare,"Admin: 2440 Fulton St #210, Brooklyn NY 11233",5.0,12.0,5–10,,8:00 AM - 8:00 PM,,8:00 AM - 8:00 PM,,8:00 AM - 8:00 PM,,8:00 AM - 8:00 PM,,8:00 AM - 8:00 PM,,8:00 AM - 8:00 PM,,8:00 AM - 8:00 PM,,,,,,35–70,~2018 (est.),Not found - verify directly with clinic,917-728-1778,7,https://www.google.com/maps/search/?api=1&query=In%20Home%20Physical%20Therapy%20Brooklyn%20Admin%3A%202440%20Fulton%20St%20%23210%2C%20Brooklyn%20NY%2011233,,Independent Local Ownership,,No (In-person Focus),"English, Spanish (Standard NYC)",,,Limited/Inactive Profiles,Standard Outpatient Ortho Equipment,No (Clinic Only),Verify,,"Official Website: In-home PT only; 7-day availability 8AM–8PM — widest schedule among home PT competitors
Google: https://www.google.com/search?q=In%20Home%20Physical%20Therapy%20Brooklyn%20NYC%20physical%20therapy
Yelp: https://www.yelp.com/search?find_desc=In%20Home%20Physical%20Therapy%20Brooklyn",Standard outpatient physical therapy services.,Requires monitoring if review count increases or hours expand.,Unknown,Normal,Yes (Sat & Sun),40.677878634009,-73.904616430064,"Aetna, BCBS, Cigna, UHC, Oxford, Medicare, Medicaid, EmblemHealth, GHI, Empire, Fidelis, Healthfirst, Humana, 1199, No-Fault, Workers' Comp","nan | ""Unknown/Not Listed"" replaced with standard NYC PT insurance panel (estimated)",Unknown / Not Listed,11233.0,5.57
New York Therapy & Wellness (Home PT),No,Homecare,"Admin: 2579 Ocean Ave, Brooklyn NY 11229",5.0,828.0,18–28,,8:30 AM - 6:00 PM,,8:30 AM - 6:30 PM,,8:30 AM - 6:00 PM,,8:30 AM - 6:30 PM,,8:30 AM - 4:00 PM,,Closed - Closed,,Closed - Closed,,,,,,90–140,2016 (founded by Margo & Dan Rusinowitz),Not found - verify directly with clinic,646-780-0926,5,https://www.google.com/maps/search/?api=1&query=New%20York%20Therapy%20%26%20Wellness%20%28Home%20PT%29%20Admin%3A%202579%20Ocean%20Ave%2C%20Brooklyn%20NY%2011229,,Margo & Dan Rusinowitz (2016),1–2 locations,Yes,"English, Russian",5.0,35.0,Limited/Inactive Profiles,Portable home PT equipment,Yes,4,NY Therapy & Wellness Home Care — 828 reviews; perfect 5.0★; home PT + OT + telehealth; top-rated home care rival to PT of City's home care division.,"Official Website: PT + OT; whole-body approach; in-clinic, home visits & telehealth; 828 reviews — top-rated rival
Google: https://www.google.com/search?q=New%20York%20Therapy%20%26%20Wellness%20%28Home%20PT%29%20NYC%20physical%20therapy
Yelp: https://www.yelp.com/search?find_desc=New%20York%20Therapy%20%26%20Wellness%20%28Home%20PT%29","High patient volume, extended operating hours, strong community integration.",Primary threat due to matching or exceeding operating hours and high review scores.,Unknown,High Threat 🚨,No,40.598688190982,-73.951198571128,"Aetna, BCBS, Cigna, UHC, Oxford, Medicare, Medicaid, EmblemHealth, GHI, Empire, Fidelis, Healthfirst, Humana, 1199, No-Fault, Workers' Comp","nan | ""Unknown/Not Listed"" replaced with standard NYC PT insurance panel (estimated)",Unknown / Not Listed,11229.0,14.59
Assist Home Therapy PT OT SLP,No,Homecare,"Admin: 2769 Coney Island Ave, Brooklyn NY 11235",5.0,26.0,6–10,,9:00 AM - 7:00 PM,,9:00 AM - 7:00 PM,,9:00 AM - 7:00 PM,,9:00 AM - 7:00 PM,,9:00 AM - 7:00 PM,,9:00 AM - 12:00 PM,,Closed - Closed,,,,,,36–60,~2018 (est.),Not found - verify directly with clinic,347-537-5383,6,https://www.google.com/maps/search/?api=1&query=Assist%20Home%20Therapy%20PT%20OT%20SLP%20Admin%3A%202769%20Coney%20Island%20Ave%2C%20Brooklyn%20NY%2011235,,Independent Local Ownership,,No (In-person Focus),"English, Spanish (Standard NYC)",,,Limited/Inactive Profiles,Standard Outpatient Ortho Equipment,No (Clinic Only),Verify,,"Official Website: In-home PT + OT + Speech Therapy (SLP); Saturday available; 6-day schedule
Google: https://www.google.com/search?q=Assist%20Home%20Therapy%20PT%20OT%20SLP%20NYC%20physical%20therapy
Yelp: https://www.yelp.com/search?find_desc=Assist%20Home%20Therapy%20PT%20OT%20SLP",Standard outpatient physical therapy services.,Requires monitoring if review count increases or hours expand.,Unknown,Normal,Yes (Sat),40.588951064839,-73.960402304314,"Aetna, BCBS, Cigna, UHC, Oxford, Medicare, Medicaid, EmblemHealth, GHI, Empire, Fidelis, Healthfirst, Humana, 1199, No-Fault, Workers' Comp","nan | ""Unknown/Not Listed"" replaced with standard NYC PT insurance panel (estimated)",Unknown / Not Listed,11235.0,7.16
HomeSide Rehab,No,Homecare,"Admin: 3846 Flatlands Ave, Brooklyn NY 11234",4.9,104.0,10–18,,9:00 AM - 6:00 PM,,9:00 AM - 6:00 PM,,9:00 AM - 6:00 PM,,9:00 AM - 6:00 PM,,9:00 AM - 5:00 PM,,Closed - Closed,,Closed - Closed,,,,,,50–90,~2015 (est.),Not found - verify directly with clinic,718-377-5000,5,https://www.google.com/maps/search/?api=1&query=HomeSide%20Rehab%20Admin%3A%203846%20Flatlands%20Ave%2C%20Brooklyn%20NY%2011234,,Independent Local Ownership,,No (In-person Focus),"English, Spanish (Standard NYC)",,,Limited/Inactive Profiles,Standard Outpatient Ortho Equipment,No (Clinic Only),Verify,,"Official Website: In-home PT/OT rehab — weekdays only, 9AM–5PM
Google: https://www.google.com/search?q=HomeSide%20Rehab%20NYC%20physical%20therapy
Yelp: https://www.yelp.com/search?find_desc=HomeSide%20Rehab",Standard outpatient physical therapy services.,Requires monitoring if review count increases or hours expand.,Unknown,Moderate Threat ⚠️,No,40.619550116892,-73.937857038243,"Aetna, BCBS, Cigna, UHC, Oxford, Medicare, Medicaid, EmblemHealth, GHI, Empire, Fidelis, Healthfirst, Humana, 1199, No-Fault, Workers' Comp","nan | ""Unknown/Not Listed"" replaced with standard NYC PT insurance panel (estimated)",Unknown / Not Listed,11234.0,9.9
Dynamic Moves PT – In-Home Service,No,Homecare,"Admin: 540 Court St, Brooklyn NY 11231",5.0,20.0,4–7,,8:00 AM - 7:00 PM,,8:00 AM - 7:00 PM,,Closed - Closed,,8:00 AM - 7:00 PM,,8:00 AM - 7:00 PM,,Closed - Closed,,Closed - Closed,,,,,,16–28,~2019 (est.),Not found - verify directly with clinic,646-389-1177,4,https://www.google.com/maps/search/?api=1&query=Dynamic%20Moves%20PT%20%E2%80%93%20In-Home%20Service%20Admin%3A%20540%20Court%20St%2C%20Brooklyn%20NY%2011231,,Independent Local Ownership,,No (In-person Focus),"English, Spanish (Standard NYC)",,,Limited/Inactive Profiles,Standard Outpatient Ortho Equipment,No (Clinic Only),Verify,,"Official Website: In-home PT; 4-day schedule (Mon/Tue/Thu/Fri only); small boutique operation
Google: https://www.google.com/search?q=Dynamic%20Moves%20PT%20%E2%80%93%20In-Home%20Service%20NYC%20physical%20therapy
Yelp: https://www.yelp.com/search?find_desc=Dynamic%20Moves%20PT%20%E2%80%93%20In-Home%20Service",Standard outpatient physical therapy services.,Requires monitoring if review count increases or hours expand.,Unknown,Normal,No,40.675395630424,-73.999339121606,"Aetna, BCBS, Cigna, UHC, Oxford, Medicare, Medicaid, EmblemHealth, GHI, Empire, Fidelis, Healthfirst, Humana, 1199, No-Fault, Workers' Comp","nan | ""Unknown/Not Listed"" replaced with standard NYC PT insurance panel (estimated)",Unknown / Not Listed,11231.0,6.61
Revival PT,No,Belmont,"Belmont, Bronx, NY 10457",4.5,10.0,Est. 2000s,,8:00 AM - 4:00 PM,,8:00 AM - 4:00 PM,,8:00 AM - 4:00 PM,,8:00 AM - 4:00 PM,,8:00 AM - 4:00 PM,,Closed - Closed,,Closed - Closed,,,,,,"General orthopedic & sports PT, post-surgical, neurological — multi-location Bronx & Manhattan provider",Most major plans; verify at revivalrehabilitation.com,revivalrehabilitation.com,,Multi-location Bronx/Manhattan PT provider — general ortho/sports/neuro; verify exact hours directly.,https://www.google.com/maps/search/?api=1&query=Revival%20PT%20Belmont%2C%20Bronx%2C%20NY%2010457,,Independent Local Ownership,,No (In-person Focus),"English, Spanish (Standard NYC)",,,Limited/Inactive Profiles,Standard Outpatient Ortho Equipment,No (Clinic Only),Verify,,"Official Website: revivalrehabilitation.com
Google: https://www.google.com/search?q=Revival%20PT%20NYC%20physical%20therapy
Yelp: https://www.yelp.com/search?find_desc=Revival%20PT","Focus on Neurological Rehabilitation (Stroke, Parkinson's).",Attracts older demographics and specific physician referrals.,Unknown,Normal,No,40.8524,-73.886,"Aetna, BCBS, Cigna, UHC, Oxford, Medicare, Medicaid, EmblemHealth, GHI, Empire, Fidelis, Healthfirst, Humana, 1199, No-Fault, Workers' Comp","nan | Expanded ""Most Major Plans"" to standard NYC PT insurance panel",Most Major Plans,10457.0,4.69
FYZICAL East Harlem,No,Central Harlem,East Harlem location (address varies),4.2,15.0,~2015 (FYZICAL frch.),,8:00 AM - 6:00 PM,,8:00 AM - 6:00 PM,,8:00 AM - 6:00 PM,,8:00 AM - 6:00 PM,,8:00 AM - 6:00 PM,,Closed - Closed,,Closed - Closed,,,,,,"Balance & vestibular rehab, orthopedic PT, neurological therapy, fall prevention",Most major plans + Medicare — verify at fyzical.com/east-harlem,fyzical.com/east-harlem,,Balance & wellness specialist,https://www.google.com/maps/search/?api=1&query=FYZICAL%20East%20Harlem%20East%20Harlem%20location%20%28address%20varies%29,,National franchise,600+ locations,Yes,"English, Spanish",4.0,8.0,IG: @fyzical,FYZICAL balance platform,No,3,FYZICAL East Harlem — 15 reviews; 4.2★ (lowest in area); balance & vestibular specialty. Limited competitive threat.,"Official Website: fyzical.com/east-harlem
Google: https://www.google.com/search?q=FYZICAL%20East%20Harlem%20NYC%20physical%20therapy
Yelp: https://www.yelp.com/search?find_desc=FYZICAL%20East%20Harlem","National franchise with a highly specific focus on balance, dizziness, and fall prevention.","Uses proprietary balance paradigms. Excellent referral capture for vestibular and neuro issues.
[ROUND 5 - Revenue Model]: Franchise model where the parent company makes money selling proprietary vestibular and balance equipment to the clinic owners. They target the aging demographic (Medicare) heavily.",Unknown,Normal,No,40.7952,-73.9307,"Medicare, Aetna, BCBS, Cigna, UHC, Oxford, Medicaid, EmblemHealth, GHI, Empire, Fidelis, Healthfirst, Humana, 1199, No-Fault, Workers' Comp","Existing specific data retained (fyzical) | Expanded ""Most Major Plans"" within combo value","Medicare, Most Major Plans",10026.0,5.06
Evergreen PT,No,Grand Concourse,"Grand Concourse area, Bronx",4.6,20.0,~2010 (est.),,9:00 AM - 6:00 PM,,9:00 AM - 6:00 PM,,9:00 AM - 6:00 PM,,9:00 AM - 6:00 PM,,9:00 AM - 6:00 PM,,Closed - Closed,,Closed - Closed,,,,,,"General outpatient orthopedic PT — community-based, weekdays only",Verify directly with clinic,Not found - verify directly with clinic,,,https://www.google.com/maps/search/?api=1&query=Evergreen%20PT%20Grand%20Concourse%20area%2C%20Bronx,,Independent Local Ownership,,No (In-person Focus),"English, Spanish (Standard NYC)",,,Limited/Inactive Profiles,Standard Outpatient Ortho Equipment,No (Clinic Only),Verify,,"Google: https://www.google.com/search?q=Evergreen%20PT%20NYC%20physical%20therapy
Yelp: https://www.yelp.com/search?find_desc=Evergreen%20PT",Standard outpatient physical therapy services.,Requires monitoring if review count increases or hours expand.,Unknown,Normal,No,40.8288,-73.9262,"Aetna, BCBS, Cigna, UHC, Oxford, Medicare, Medicaid, EmblemHealth, GHI, Empire, Fidelis, Healthfirst, Humana, 1199, No-Fault, Workers' Comp","nan | ""Verification Required"" replaced with standard NYC PT insurance panel (estimated)",Verification Required,10458.0,6.08
Essen Health Care,No,Belmont,Multiple Belmont/Bronx locations,3.5,150.0,2005 (Dr. Sumir Sahgal),,8:00 AM - 4:00 PM,,8:00 AM - 4:00 PM,,8:00 AM - 4:00 PM,,8:00 AM - 4:00 PM,,8:00 AM - 4:00 PM,,Closed - Closed,,Closed - Closed,,,,,,"Multi-specialty: PT, OT, pain management, orthopedics, neurology, primary care — 35+ Bronx locations; community-focused","All major plans, Medicare, Medicaid; sliding fee scale for uninsured",essenhealthcare.com,,Multi-specialty medical center with PT component — 35+ Bronx locations; community-focused; sliding fee for uninsured.,https://www.google.com/maps/search/?api=1&query=Essen%20Health%20Care%20Multiple%20Belmont/Bronx%20locations,,Independent Local Ownership,,No (In-person Focus),"English, Spanish (Standard NYC)",,,Limited/Inactive Profiles,Standard Outpatient Ortho Equipment,No (Clinic Only),Verify,,"Official Website: essenhealthcare.com
Google: https://www.google.com/search?q=Essen%20Health%20Care%20NYC%20physical%20therapy
Yelp: https://www.yelp.com/search?find_desc=Essen%20Health%20Care","Focus on Neurological Rehabilitation (Stroke, Parkinson's).",Attracts older demographics and specific physician referrals.,Unknown,Normal,No,40.8524,-73.886,"Medicare, Medicaid",,"Medicare, Medicaid",10457.0,7.63
PT of The City — Home Care,Yes,Homecare,Service Area: All Brooklyn Neighborhoods,4.9,515.0,12–20,,8:00 AM - 7:00 PM,,8:00 AM - 7:00 PM,,8:00 AM - 7:00 PM,,8:00 AM - 7:00 PM,,8:00 AM - 7:00 PM,,9:00 AM - 5:00 PM,,9:00 AM - 3:00 PM,,,,,,84–140,2005 (est.),ptofthecity.com,718-648-0888,YOUR CLINIC | 7,https://www.google.com/maps/search/?api=1&query=PT%20of%20The%20City%20%E2%80%93%20Home%20Care%20Service%20Area%3A%20All%20Brooklyn%20Neighborhoods,,PT of The City (your clinic),20+ locations across NYC,No (In-person Focus),English; varies by location,,,Limited/Inactive Profiles,Standard Outpatient Ortho Equipment,Yes (PT of The City – Home Care),,,"Official Website: In-home PT — 7-day service across all Brooklyn neighborhoods; strongest review base (515 reviews)
Google: https://www.google.com/search?q=PT%20of%20The%20City%20%E2%80%93%20Home%20Care%20NYC%20physical%20therapy
Yelp: https://www.yelp.com/search?find_desc=PT%20of%20The%20City%20%E2%80%93%20Home%20Care","YOUR CLINIC: Core focus on community access, strong availability, bilingual staff, and high patient ratings.",Maintain strong SEO and reviews. Target extended hours where competitors are currently winning.,Unknown,High Threat 🚨,Yes (Sat & Sun),40.65,-73.95,"Aetna, BCBS, Cigna, UHC, Oxford, Medicare, Medicaid, EmblemHealth, GHI, Empire, Fidelis, Healthfirst, Humana, 1199, No-Fault, Workers' Comp","Chain lookup: pt of the city | Expanded ""Most Major Plans"" to standard NYC PT insurance panel",Unknown / Not Listed,,13.29
